query,category,subcategory
jaldi fridge repair karwana hai chahiye,Home Services,Appliance Repair
mere area me ghar me cockroach bahut hain nearby,Daily Needs,Pest Control
mere area me physiotherapist chahiye chahiye,Health & Wellness,Physiotherapist
mere area me CA chahiye chahiye,Business Services,CA
mere ghar me tractor mechanic chahiye help chahiye,Agriculture,Tractor Repair
please coaching join karni hai chahiye,Education,Coaching Institute
bhai interior designer chahiye urgently,Local Professionals,Interior Designer
bhai tractor repair karwana hai,Agriculture,Tractor Repair
urgent ghar paint karwana hai chahiye,Home Services,Painter
urgent ghar ka interior design karwana hai jaldi,Local Professionals,Interior Designer
please photographer chahiye please,Local Professionals,Photographer
bhai pani ki pipe repair karwani hai,Home Services,Plumber
jaldi tax filing ke liye CA chahiye chahiye,Business Services,CA
nearby business website chahiye please,Business Services,Web Developer
mujhe bed repair karwana hai jaldi,Home Services,Carpenter
home cleaning service chahiye aaj,Daily Needs,House Cleaning
mere ghar me back pain ke liye physiotherapist chahiye aaj,Health & Wellness,Physiotherapist
aaj coaching institute chahiye,Education,Coaching Institute
jaldi bachche ke liye tutor chahiye help chahiye,Education,Home Tutor
bhai home tutor chahiye jaldi,Education,Home Tutor
please bachche ke liye tutor chahiye koi hai kya,Education,Home Tutor
mere ghar me physiotherapy karwani hai koi hai kya,Health & Wellness,Physiotherapist
mere ghar me coaching join karni hai help chahiye,Education,Coaching Institute
mere area me tractor kharab ho gaya aaj,Agriculture,Tractor Repair
mere area me fitness trainer chahiye help chahiye,Health & Wellness,Fitness Trainer
jaldi advocate chahiye please,Business Services,Lawyer
please bike tyre puncture hai koi hai kya,Vehicle Services,Tyre Puncture
aaj security camera install karwana hai jaldi,Home Services,CCTV Installation
mere ghar me event planner chahiye aaj,Local Professionals,Event Planner
car battery dead hai,Vehicle Services,Battery Service
mere area me farm equipment mechanic chahiye chahiye,Agriculture,Farm Equipment Repair
web developer chahiye jaldi,Business Services,Web Developer
please coaching join karni hai urgently,Education,Coaching Institute
mujhe tax filing ke liye CA chahiye jaldi,Business Services,CA
mere ghar me gaadi ko tow karke le jana hai jaldi,Vehicle Services,Towing Service
mere ghar me ghar par teacher chahiye please,Education,Home Tutor
urgent AC service chahiye,Home Services,AC Repair & Service
urgent fitness trainer chahiye chahiye,Health & Wellness,Fitness Trainer
please bike tyre puncture hai help chahiye,Vehicle Services,Tyre Puncture
mujhe laundry service chahiye nearby,Daily Needs,Laundry
mujhe function organise karwana hai mere area me,Local Professionals,Event Planner
urgent doctor chahiye help chahiye,Health & Wellness,Doctor
nearby interior designer chahiye please,Local Professionals,Interior Designer
ghar me cockroach bahut hain koi hai kya,Daily Needs,Pest Control
mere area me website banwani hai,Business Services,Web Developer
mere ghar me coaching join karni hai aaj,Education,Coaching Institute
please car mechanic chahiye help chahiye,Vehicle Services,Car Repair
aaj wedding photographer chahiye koi hai kya,Local Professionals,Photographer
urgent bed repair karwana hai nearby,Home Services,Carpenter
mujhe interior designer chahiye jaldi,Local Professionals,Interior Designer
nearby AC repair karwana hai please,Home Services,AC Repair & Service
mujhe coaching join karni hai jaldi,Education,Coaching Institute
bhai ghar par teacher chahiye urgently,Education,Home Tutor
please coaching institute chahiye help chahiye,Education,Coaching Institute
mujhe ghar ki light kharab hai please,Home Services,Electrician
bhai ghar ka interior design karwana hai help chahiye,Local Professionals,Interior Designer
mere ghar me car raste me band ho gayi nearby,Vehicle Services,Car Repair
aaj farm equipment mechanic chahiye chahiye,Agriculture,Farm Equipment Repair
urgent physiotherapist chahiye aaj,Health & Wellness,Physiotherapist
urgent ghar par teacher chahiye jaldi,Education,Home Tutor
mere ghar me digital marketing service chahiye nearby,Business Services,Digital Marketing
bhai car battery dead hai aaj,Vehicle Services,Battery Service
aaj car repair karwani hai nearby,Vehicle Services,Car Repair
mere area me pest control chahiye jaldi,Daily Needs,Pest Control
ghar me cockroach bahut hain nearby,Daily Needs,Pest Control
mujhe tax filing ke liye CA chahiye help chahiye,Business Services,CA
mere ghar me coaching institute chahiye,Education,Coaching Institute
bhai CCTV camera lagwana hai chahiye,Home Services,CCTV Installation
urgent interior designer chahiye please,Local Professionals,Interior Designer
nearby kapde laundry ke liye dene hain aaj,Daily Needs,Laundry
mere area me kapde laundry ke liye dene hain please,Daily Needs,Laundry
jaldi interior designer chahiye please,Local Professionals,Interior Designer
bhai gaadi ko tow karke le jana hai koi hai kya,Vehicle Services,Towing Service
mujhe wedding photographer chahiye mere area me,Local Professionals,Photographer
mere ghar me physiotherapist chahiye nearby,Health & Wellness,Physiotherapist
bhai car wash karwani hai help chahiye,Vehicle Services,Vehicle Washing
please coaching institute chahiye aaj,Education,Coaching Institute
jaldi social media marketing chahiye aaj,Business Services,Digital Marketing
aaj pani ki pipe repair karwani hai nearby,Home Services,Plumber
mere ghar me home cleaning service chahiye please,Daily Needs,House Cleaning
ghar paint karwana hai chahiye,Home Services,Painter
function organise karwana hai chahiye,Local Professionals,Event Planner
mujhe fan repair karwana hai chahiye,Home Services,Electrician
aaj fitness trainer chahiye nearby,Health & Wellness,Fitness Trainer
mere area me farm equipment mechanic chahiye mere area me,Agriculture,Farm Equipment Repair
gym trainer chahiye urgently,Health & Wellness,Fitness Trainer
aaj online teacher chahiye chahiye,Education,Online Tutor
urgent bike wash karwani hai chahiye,Vehicle Services,Vehicle Washing
nearby function organise karwana hai koi hai kya,Local Professionals,Event Planner
mere ghar me home cleaning service chahiye nearby,Daily Needs,House Cleaning
mere ghar me home appliance repair chahiye,Home Services,Appliance Repair
urgent birthday party planner chahiye,Local Professionals,Event Planner
urgent online teacher chahiye nearby,Education,Online Tutor
bhai bachche ke liye tutor chahiye mere area me,Education,Home Tutor
mujhe RO kharab hai urgently,Home Services,RO / Water Purifier Service
jaldi birthday party planner chahiye mere area me,Local Professionals,Event Planner
mere ghar me tractor kharab ho gaya help chahiye,Agriculture,Tractor Repair
bhai clothes washing service chahiye urgently,Daily Needs,Laundry
mujhe digital marketing service chahiye nearby,Business Services,Digital Marketing
aaj RO service chahiye help chahiye,Home Services,RO / Water Purifier Service
aaj vehicle cleaning chahiye nearby,Vehicle Services,Vehicle Washing
mere ghar me car battery dead hai help chahiye,Vehicle Services,Battery Service
urgent legal help chahiye urgently,Business Services,Lawyer
bike engine me problem hai mere area me,Vehicle Services,Bike Repair
plumber chahiye aaj,Home Services,Plumber
please business website chahiye chahiye,Business Services,Web Developer
mujhe fridge thanda nahi kar raha urgently,Home Services,Appliance Repair
function organise karwana hai urgently,Local Professionals,Event Planner
mujhe online tutor chahiye chahiye,Education,Online Tutor
bhai AC service chahiye chahiye,Home Services,AC Repair & Service
jaldi car repair karwani hai aaj,Vehicle Services,Car Repair
doctor chahiye mere area me,Health & Wellness,Doctor
jaldi plumber chahiye jaldi,Home Services,Plumber
urgent wedding photographer chahiye nearby,Local Professionals,Photographer
aaj pani ki pipe repair karwani hai jaldi,Home Services,Plumber
mujhe wedding photographer chahiye koi hai kya,Local Professionals,Photographer
aaj kapde laundry ke liye dene hain aaj,Daily Needs,Laundry
bhai car tyre puncture ho gaya aaj,Vehicle Services,Tyre Puncture
mere ghar me online classes chahiye,Education,Online Tutor
doctor chahiye aaj,Health & Wellness,Doctor
mujhe irrigation service chahiye,Agriculture,Irrigation Service
pani ki irrigation system chahiye aaj,Agriculture,Irrigation Service
please business promotion karwana hai urgently,Business Services,Digital Marketing
mujhe tax filing ke liye CA chahiye urgently,Business Services,CA
jaldi ghar ki safai karwani hai nearby,Daily Needs,House Cleaning
mujhe logo design karwana hai nearby,Business Services,Graphic Designer
jaldi photographer chahiye urgently,Local Professionals,Photographer
mere area me bike start nahi ho rahi nearby,Vehicle Services,Bike Repair
darwaza repair karwana hai jaldi,Home Services,Carpenter
jaldi online classes chahiye urgently,Education,Online Tutor
mujhe laundry service chahiye jaldi,Daily Needs,Laundry
bhai fridge thanda nahi kar raha please,Home Services,Appliance Repair
mere area me social media marketing chahiye chahiye,Business Services,Digital Marketing
please physiotherapist chahiye,Health & Wellness,Physiotherapist
bhai air conditioner kharab hai jaldi,Home Services,AC Repair & Service
mere area me room interior karwana hai please,Local Professionals,Interior Designer
aaj function organise karwana hai urgently,Local Professionals,Event Planner
aaj RO ka pani nahi aa raha aaj,Home Services,RO / Water Purifier Service
mujhe fridge thanda nahi kar raha koi hai kya,Home Services,Appliance Repair
mujhe laundry service chahiye,Daily Needs,Laundry
please business promotion karwana hai mere area me,Business Services,Digital Marketing
aaj home appliance repair chahiye chahiye,Home Services,Appliance Repair
mujhe graphic designer chahiye,Business Services,Graphic Designer
please event planner chahiye chahiye,Local Professionals,Event Planner
tractor repair karwana hai,Agriculture,Tractor Repair
bhai online tutor chahiye koi hai kya,Education,Online Tutor
mujhe pani ki irrigation system chahiye please,Agriculture,Irrigation Service
interior designer chahiye aaj,Local Professionals,Interior Designer
mere ghar me switch kaam nahi kar raha urgently,Home Services,Electrician
jaldi bike tyre puncture hai jaldi,Vehicle Services,Tyre Puncture
bhai khet me irrigation karwani hai chahiye,Agriculture,Irrigation Service
please home tutor chahiye please,Education,Home Tutor
please tractor kharab ho gaya urgently,Agriculture,Tractor Repair
bhai car raste me band ho gayi nearby,Vehicle Services,Car Repair
aaj car tyre puncture ho gaya jaldi,Vehicle Services,Tyre Puncture
aaj fan repair karwana hai aaj,Home Services,Electrician
urgent room paint karwana hai jaldi,Home Services,Painter
urgent pest control chahiye nearby,Daily Needs,Pest Control
mujhe tractor mechanic chahiye chahiye,Agriculture,Tractor Repair
nearby bijli ka problem hai chahiye,Home Services,Electrician
bhai bike repair karwani hai jaldi,Vehicle Services,Bike Repair
mere area me fridge repair karwana hai,Home Services,Appliance Repair
urgent pest control chahiye mere area me,Daily Needs,Pest Control
jaldi car wash karwani hai urgently,Vehicle Services,Vehicle Washing
mujhe birthday party planner chahiye mere area me,Local Professionals,Event Planner
please pani ki pipe repair karwani hai jaldi,Home Services,Plumber
nearby fitness trainer chahiye nearby,Health & Wellness,Fitness Trainer
bhai laundry service chahiye mere area me,Daily Needs,Laundry
urgent gym trainer chahiye jaldi,Health & Wellness,Fitness Trainer
urgent birthday party planner chahiye jaldi,Local Professionals,Event Planner
mere ghar me fitness trainer chahiye urgently,Health & Wellness,Fitness Trainer
mere area me room interior karwana hai help chahiye,Local Professionals,Interior Designer
aaj tax filing ke liye CA chahiye chahiye,Business Services,CA
urgent tax filing ke liye CA chahiye aaj,Business Services,CA
mujhe furniture repair karwana hai mere area me,Home Services,Carpenter
mujhe irrigation service chahiye aaj,Agriculture,Irrigation Service
clothes washing service chahiye nearby,Daily Needs,Laundry
mere area me ghar ka interior design karwana hai,Local Professionals,Interior Designer
mere ghar me furniture repair karwana hai jaldi,Home Services,Carpenter
mujhe online tutor chahiye help chahiye,Education,Online Tutor
urgent CA chahiye aaj,Business Services,CA
mujhe ghar ki safai karwani hai chahiye,Daily Needs,House Cleaning
nearby physiotherapy karwani hai help chahiye,Health & Wellness,Physiotherapist
mere area me birthday party planner chahiye aaj,Local Professionals,Event Planner
bhai interior designer chahiye,Local Professionals,Interior Designer
jaldi bike repair karwani hai koi hai kya,Vehicle Services,Bike Repair
security camera install karwana hai mere area me,Home Services,CCTV Installation
mere area me painter chahiye nearby,Home Services,Painter
mujhe online teacher chahiye jaldi,Education,Online Tutor
mujhe electrician chahiye help chahiye,Home Services,Electrician
bhai gym trainer chahiye,Health & Wellness,Fitness Trainer
please bike engine me problem hai mere area me,Vehicle Services,Bike Repair
aaj coaching join karni hai help chahiye,Education,Coaching Institute
mere ghar me online classes chahiye urgently,Education,Online Tutor
urgent advocate chahiye mere area me,Business Services,Lawyer
mere area me towing truck chahiye aaj,Vehicle Services,Towing Service
aaj web developer chahiye chahiye,Business Services,Web Developer
graphic designer chahiye mere area me,Business Services,Graphic Designer
mujhe farm equipment mechanic chahiye nearby,Agriculture,Farm Equipment Repair
nearby car mechanic chahiye nearby,Vehicle Services,Car Repair
ghar ka interior design karwana hai,Local Professionals,Interior Designer
aaj online teacher chahiye mere area me,Education,Online Tutor
mere ghar me ghar par teacher chahiye jaldi,Education,Home Tutor
mere area me ghar par teacher chahiye chahiye,Education,Home Tutor
mere ghar me poster design karwana hai mere area me,Business Services,Graphic Designer
mujhe business website chahiye jaldi,Business Services,Web Developer
business promotion karwana hai jaldi,Business Services,Digital Marketing
aaj gaadi ko tow karke le jana hai please,Vehicle Services,Towing Service
urgent social media marketing chahiye,Business Services,Digital Marketing
mere area me ghar par teacher chahiye help chahiye,Education,Home Tutor
please web developer chahiye nearby,Business Services,Web Developer
nearby physiotherapist chahiye chahiye,Health & Wellness,Physiotherapist
nearby RO ka pani nahi aa raha aaj,Home Services,RO / Water Purifier Service
mere area me website banwani hai please,Business Services,Web Developer
nearby fan repair karwana hai help chahiye,Home Services,Electrician
nearby ghar ka interior design karwana hai koi hai kya,Local Professionals,Interior Designer
nearby business website chahiye nearby,Business Services,Web Developer
jaldi car battery dead hai please,Vehicle Services,Battery Service
bhai car wash karwani hai urgently,Vehicle Services,Vehicle Washing
jaldi gym trainer chahiye nearby,Health & Wellness,Fitness Trainer
mere ghar me gym trainer chahiye please,Health & Wellness,Fitness Trainer
jaldi farm machine repair karwani hai jaldi,Agriculture,Farm Equipment Repair
mujhe chartered accountant chahiye,Business Services,CA
nearby physiotherapist chahiye urgently,Health & Wellness,Physiotherapist
bhai social media marketing chahiye aaj,Business Services,Digital Marketing
mere ghar me bike repair karwani hai jaldi,Vehicle Services,Bike Repair
mere area me tractor mechanic chahiye jaldi,Agriculture,Tractor Repair
nearby room interior karwana hai mere area me,Local Professionals,Interior Designer
please fan repair karwana hai help chahiye,Home Services,Electrician
urgent RO service chahiye help chahiye,Home Services,RO / Water Purifier Service
mere ghar me online teacher chahiye,Education,Online Tutor
bhai ghar me cockroach bahut hain,Daily Needs,Pest Control
mere area me kapde laundry ke liye dene hain,Daily Needs,Laundry
urgent logo design karwana hai koi hai kya,Business Services,Graphic Designer
bhai coaching join karni hai nearby,Education,Coaching Institute
bhai air conditioner kharab hai mere area me,Home Services,AC Repair & Service
please bike wash karwani hai aaj,Vehicle Services,Vehicle Washing
bhai I need a photographer mere area me,Local Professionals,Photographer
clothes washing service chahiye help chahiye,Daily Needs,Laundry
mere ghar me photographer chahiye mere area me,Local Professionals,Photographer
aaj wedding photographer chahiye please,Local Professionals,Photographer
mere area me ghar me cockroach bahut hain urgently,Daily Needs,Pest Control
nearby house cleaning chahiye please,Daily Needs,House Cleaning
bhai ghar par teacher chahiye mere area me,Education,Home Tutor
I need a photographer please,Local Professionals,Photographer
aaj online classes chahiye jaldi,Education,Online Tutor
birthday party planner chahiye chahiye,Local Professionals,Event Planner
urgent doctor appointment chahiye nearby,Health & Wellness,Doctor
mujhe bike wash karwani hai help chahiye,Vehicle Services,Vehicle Washing
aaj battery service chahiye help chahiye,Vehicle Services,Battery Service
jaldi coaching institute chahiye nearby,Education,Coaching Institute
logo design karwana hai urgently,Business Services,Graphic Designer
jaldi clothes washing service chahiye jaldi,Daily Needs,Laundry
urgent graphic designer chahiye chahiye,Business Services,Graphic Designer
gym trainer chahiye,Health & Wellness,Fitness Trainer
aaj bed repair karwana hai koi hai kya,Home Services,Carpenter
mere area me pani ki irrigation system chahiye mere area me,Agriculture,Irrigation Service
mujhe car wash karwani hai koi hai kya,Vehicle Services,Vehicle Washing
mere ghar me vehicle cleaning chahiye please,Vehicle Services,Vehicle Washing
bhai personal trainer chahiye nearby,Health & Wellness,Fitness Trainer
urgent interior designer chahiye urgently,Local Professionals,Interior Designer
mere area me web developer chahiye please,Business Services,Web Developer
please photographer chahiye aaj,Local Professionals,Photographer
mere ghar me ghar me CCTV lagana hai help chahiye,Home Services,CCTV Installation
jaldi personal trainer chahiye mere area me,Health & Wellness,Fitness Trainer
mere area me event planner chahiye nearby,Local Professionals,Event Planner
mere ghar me car tow karwani hai mere area me,Vehicle Services,Towing Service
mujhe room interior karwana hai,Local Professionals,Interior Designer
bhai AC service chahiye koi hai kya,Home Services,AC Repair & Service
mere area me doctor se consult karna hai please,Health & Wellness,Doctor
jaldi tractor kharab ho gaya nearby,Agriculture,Tractor Repair
aaj legal help chahiye,Business Services,Lawyer
mere ghar me irrigation service chahiye aaj,Agriculture,Irrigation Service
nearby bike tyre puncture hai nearby,Vehicle Services,Tyre Puncture
jaldi ghar par teacher chahiye jaldi,Education,Home Tutor
bhai electrician chahiye help chahiye,Home Services,Electrician
nearby event planner chahiye help chahiye,Local Professionals,Event Planner
mujhe bijli ka problem hai help chahiye,Home Services,Electrician
mere area me online teacher chahiye mere area me,Education,Online Tutor
bhai pipe leak ho raha hai help chahiye,Home Services,Plumber
please doctor chahiye nearby,Health & Wellness,Doctor
nearby kapde laundry ke liye dene hain please,Daily Needs,Laundry
mujhe bike wash karwani hai please,Vehicle Services,Vehicle Washing
bhai laundry service chahiye,Daily Needs,Laundry
mere area me online teacher chahiye urgently,Education,Online Tutor
bhai function organise karwana hai jaldi,Local Professionals,Event Planner
aaj CCTV camera lagwana hai please,Home Services,CCTV Installation
urgent clothes washing service chahiye help chahiye,Daily Needs,Laundry
please physiotherapy karwani hai urgently,Health & Wellness,Physiotherapist
bhai car battery dead hai koi hai kya,Vehicle Services,Battery Service
puncture wala chahiye please,Vehicle Services,Tyre Puncture
nearby doctor appointment chahiye jaldi,Health & Wellness,Doctor
bhai I need a photographer please,Local Professionals,Photographer
bhai farm machine repair karwani hai mere area me,Agriculture,Farm Equipment Repair
urgent business promotion karwana hai nearby,Business Services,Digital Marketing
please physiotherapy karwani hai chahiye,Health & Wellness,Physiotherapist
bhai doctor appointment chahiye urgently,Health & Wellness,Doctor
bhai coaching join karni hai koi hai kya,Education,Coaching Institute
bhai I need a photographer urgently,Local Professionals,Photographer
mere area me irrigation service chahiye mere area me,Agriculture,Irrigation Service
please website banwani hai please,Business Services,Web Developer
mujhe bike start nahi ho rahi urgently,Vehicle Services,Bike Repair
bhai interior designer chahiye nearby,Local Professionals,Interior Designer
mere area me coaching institute chahiye please,Education,Coaching Institute
bhai advocate chahiye koi hai kya,Business Services,Lawyer
mujhe ghar par teacher chahiye nearby,Education,Home Tutor
nearby pipe leak ho raha hai aaj,Home Services,Plumber
mujhe logo design karwana hai chahiye,Business Services,Graphic Designer
please termite treatment chahiye koi hai kya,Daily Needs,Pest Control
bhai online classes chahiye aaj,Education,Online Tutor
urgent bachche ke liye tutor chahiye jaldi,Education,Home Tutor
bhai social media marketing chahiye nearby,Business Services,Digital Marketing
nearby ghar ki safai karwani hai help chahiye,Daily Needs,House Cleaning
mere area me ghar ka interior design karwana hai help chahiye,Local Professionals,Interior Designer
please switch kaam nahi kar raha help chahiye,Home Services,Electrician
nearby function organise karwana hai aaj,Local Professionals,Event Planner
nearby event planner chahiye please,Local Professionals,Event Planner
bhai agriculture machine kharab hai aaj,Agriculture,Farm Equipment Repair
aaj doctor se consult karna hai chahiye,Health & Wellness,Doctor
nearby coaching join karni hai jaldi,Education,Coaching Institute
please online teacher chahiye urgently,Education,Online Tutor
ghar paint karwana hai help chahiye,Home Services,Painter
back pain ke liye physiotherapist chahiye help chahiye,Health & Wellness,Physiotherapist
mujhe room paint karwana hai koi hai kya,Home Services,Painter
please home tutor chahiye aaj,Education,Home Tutor
jaldi birthday party planner chahiye jaldi,Local Professionals,Event Planner
aaj car repair karwani hai jaldi,Vehicle Services,Car Repair
jaldi room interior karwana hai jaldi,Local Professionals,Interior Designer
mere area me coaching institute chahiye aaj,Education,Coaching Institute
mere ghar me house cleaning chahiye aaj,Daily Needs,House Cleaning
aaj home cleaning service chahiye nearby,Daily Needs,House Cleaning
please lawyer chahiye chahiye,Business Services,Lawyer
AC thanda nahi kar raha koi hai kya,Home Services,AC Repair & Service
aaj birthday party planner chahiye aaj,Local Professionals,Event Planner
bhai farm machine repair karwani hai help chahiye,Agriculture,Farm Equipment Repair
mere ghar me exam coaching chahiye urgently,Education,Coaching Institute
mere ghar me tractor mechanic chahiye please,Agriculture,Tractor Repair
aaj doctor se consult karna hai aaj,Health & Wellness,Doctor
mere ghar me room paint karwana hai aaj,Home Services,Painter
mere ghar me physiotherapist chahiye,Health & Wellness,Physiotherapist
please car tow karwani hai koi hai kya,Vehicle Services,Towing Service
mere area me online classes chahiye koi hai kya,Education,Online Tutor
mujhe legal help chahiye urgently,Business Services,Lawyer
nearby ghar ka interior design karwana hai nearby,Local Professionals,Interior Designer
doctor appointment chahiye aaj,Health & Wellness,Doctor
please pani ki irrigation system chahiye jaldi,Agriculture,Irrigation Service
aaj ghar par teacher chahiye koi hai kya,Education,Home Tutor
mere ghar me bijli ka problem hai urgently,Home Services,Electrician
bhai chartered accountant chahiye urgently,Business Services,CA
aaj pani ki pipe repair karwani hai help chahiye,Home Services,Plumber
aaj logo design karwana hai urgently,Business Services,Graphic Designer
tax filing ke liye CA chahiye chahiye,Business Services,CA
nearby doctor se consult karna hai please,Health & Wellness,Doctor
bhai bike engine me problem hai aaj,Vehicle Services,Bike Repair
mere area me car repair karwani hai nearby,Vehicle Services,Car Repair
please vehicle cleaning chahiye jaldi,Vehicle Services,Vehicle Washing
please clothes washing service chahiye mere area me,Daily Needs,Laundry
urgent gaadi ko tow karke le jana hai jaldi,Vehicle Services,Towing Service
urgent lawyer chahiye chahiye,Business Services,Lawyer
urgent event planner chahiye help chahiye,Local Professionals,Event Planner
aaj tax filing ke liye CA chahiye urgently,Business Services,CA
urgent back pain ke liye physiotherapist chahiye please,Health & Wellness,Physiotherapist
website banwani hai please,Business Services,Web Developer
bhai tractor kharab ho gaya aaj,Agriculture,Tractor Repair
mujhe online classes chahiye mere area me,Education,Online Tutor
mujhe coaching institute chahiye help chahiye,Education,Coaching Institute
aaj laundry service chahiye jaldi,Daily Needs,Laundry
aaj function organise karwana hai mere area me,Local Professionals,Event Planner
mere area me exam coaching chahiye aaj,Education,Coaching Institute
aaj RO service chahiye nearby,Home Services,RO / Water Purifier Service
urgent wedding photographer chahiye,Local Professionals,Photographer
nearby exam coaching chahiye mere area me,Education,Coaching Institute
ghar ki safai karwani hai mere area me,Daily Needs,House Cleaning
mere ghar me house cleaning chahiye help chahiye,Daily Needs,House Cleaning
mere area me physiotherapist chahiye help chahiye,Health & Wellness,Physiotherapist
nearby gym trainer chahiye,Health & Wellness,Fitness Trainer
aaj doctor se consult karna hai koi hai kya,Health & Wellness,Doctor
bhai coaching institute chahiye nearby,Education,Coaching Institute
nearby bike repair karwani hai nearby,Vehicle Services,Bike Repair
mere ghar me event planner chahiye urgently,Local Professionals,Event Planner
mere area me tractor kharab ho gaya please,Agriculture,Tractor Repair
mujhe khet me irrigation karwani hai koi hai kya,Agriculture,Irrigation Service
khet me irrigation karwani hai koi hai kya,Agriculture,Irrigation Service
please chartered accountant chahiye please,Business Services,CA
urgent online classes chahiye jaldi,Education,Online Tutor
jaldi website banwani hai nearby,Business Services,Web Developer
mere ghar me digital marketing service chahiye chahiye,Business Services,Digital Marketing
mere ghar me ghar me cockroach bahut hain nearby,Daily Needs,Pest Control
nearby CA chahiye please,Business Services,CA
bhai car tow karwani hai please,Vehicle Services,Towing Service
mere area me khet me irrigation karwani hai nearby,Agriculture,Irrigation Service
bhai chartered accountant chahiye help chahiye,Business Services,CA
aaj agriculture machine kharab hai please,Agriculture,Farm Equipment Repair
I need a photographer aaj,Local Professionals,Photographer
mere ghar me photographer chahiye chahiye,Local Professionals,Photographer
mere area me tax filing ke liye CA chahiye koi hai kya,Business Services,CA
aaj physiotherapist chahiye koi hai kya,Health & Wellness,Physiotherapist
bike battery kharab hai urgently,Vehicle Services,Battery Service
nearby physiotherapist chahiye nearby,Health & Wellness,Physiotherapist
please advocate chahiye,Business Services,Lawyer
mere ghar me laundry service chahiye mere area me,Daily Needs,Laundry
nearby photographer chahiye please,Local Professionals,Photographer
nearby poster design karwana hai mere area me,Business Services,Graphic Designer
mere area me chartered accountant chahiye help chahiye,Business Services,CA
jaldi bike battery kharab hai please,Vehicle Services,Battery Service
ghar ki safai karwani hai please,Daily Needs,House Cleaning
urgent irrigation service chahiye,Agriculture,Irrigation Service
mujhe electrician chahiye urgently,Home Services,Electrician
urgent car raste me band ho gayi chahiye,Vehicle Services,Car Repair
nearby exam coaching chahiye please,Education,Coaching Institute
bhai car tow karwani hai mere area me,Vehicle Services,Towing Service
switch kaam nahi kar raha urgently,Home Services,Electrician
mere area me car tow karwani hai chahiye,Vehicle Services,Towing Service
mujhe wedding photographer chahiye urgently,Local Professionals,Photographer
mere ghar me farm equipment mechanic chahiye urgently,Agriculture,Farm Equipment Repair
bhai gym trainer chahiye urgently,Health & Wellness,Fitness Trainer
bhai exam coaching chahiye jaldi,Education,Coaching Institute
nearby photographer chahiye chahiye,Local Professionals,Photographer
jaldi pest control chahiye,Daily Needs,Pest Control
mere ghar me legal help chahiye chahiye,Business Services,Lawyer
mere area me bachche ke liye tutor chahiye koi hai kya,Education,Home Tutor
mere area me fan repair karwana hai,Home Services,Electrician
jaldi logo design karwana hai help chahiye,Business Services,Graphic Designer
jaldi ghar me cockroach bahut hain chahiye,Daily Needs,Pest Control
bhai pipe leak ho raha hai urgently,Home Services,Plumber
chartered accountant chahiye mere area me,Business Services,CA
aaj clothes washing service chahiye please,Daily Needs,Laundry
mujhe pest control chahiye jaldi,Daily Needs,Pest Control
coaching institute chahiye chahiye,Education,Coaching Institute
mere ghar me business website chahiye,Business Services,Web Developer
clothes washing service chahiye please,Daily Needs,Laundry
mujhe tractor repair karwana hai mere area me,Agriculture,Tractor Repair
please ghar me cockroach bahut hain chahiye,Daily Needs,Pest Control
bhai laundry service chahiye jaldi,Daily Needs,Laundry
bhai coaching institute chahiye chahiye,Education,Coaching Institute
please laundry service chahiye,Daily Needs,Laundry
web developer chahiye koi hai kya,Business Services,Web Developer
please exam coaching chahiye koi hai kya,Education,Coaching Institute
jaldi physiotherapist chahiye chahiye,Health & Wellness,Physiotherapist
mujhe fitness trainer chahiye urgently,Health & Wellness,Fitness Trainer
jaldi car mechanic chahiye,Vehicle Services,Car Repair
mere ghar me house cleaning chahiye,Daily Needs,House Cleaning
aaj tractor repair karwana hai jaldi,Agriculture,Tractor Repair
home appliance repair chahiye jaldi,Home Services,Appliance Repair
mere area me plumber chahiye,Home Services,Plumber
mujhe graphic designer chahiye nearby,Business Services,Graphic Designer
mere area me battery service chahiye koi hai kya,Vehicle Services,Battery Service
exam coaching chahiye jaldi,Education,Coaching Institute
mujhe vehicle cleaning chahiye chahiye,Vehicle Services,Vehicle Washing
aaj physiotherapist chahiye mere area me,Health & Wellness,Physiotherapist
fitness trainer chahiye jaldi,Health & Wellness,Fitness Trainer
bhai AC repair karwana hai please,Home Services,AC Repair & Service
mere ghar me air conditioner kharab hai mere area me,Home Services,AC Repair & Service
mujhe ghar par teacher chahiye help chahiye,Education,Home Tutor
jaldi coaching join karni hai mere area me,Education,Coaching Institute
bhai gym trainer chahiye please,Health & Wellness,Fitness Trainer
mere ghar me irrigation service chahiye koi hai kya,Agriculture,Irrigation Service
please RO kharab hai chahiye,Home Services,RO / Water Purifier Service
nearby advocate chahiye nearby,Business Services,Lawyer
nearby gym trainer chahiye urgently,Health & Wellness,Fitness Trainer
mere area me online classes chahiye please,Education,Online Tutor
jaldi tractor repair karwana hai,Agriculture,Tractor Repair
jaldi tractor repair karwana hai urgently,Agriculture,Tractor Repair
mere ghar me laundry service chahiye urgently,Daily Needs,Laundry
bhai irrigation service chahiye jaldi,Agriculture,Irrigation Service
bhai logo design karwana hai nearby,Business Services,Graphic Designer
mujhe ghar me CCTV lagana hai,Home Services,CCTV Installation
bhai doctor se consult karna hai,Health & Wellness,Doctor
nearby social media marketing chahiye help chahiye,Business Services,Digital Marketing
mere ghar me plumber chahiye urgently,Home Services,Plumber
aaj birthday party planner chahiye nearby,Local Professionals,Event Planner
bhai agriculture machine kharab hai please,Agriculture,Farm Equipment Repair
aaj room interior karwana hai,Local Professionals,Interior Designer
mere area me physiotherapist chahiye koi hai kya,Health & Wellness,Physiotherapist
aaj interior designer chahiye chahiye,Local Professionals,Interior Designer
mere ghar me poster design karwana hai urgently,Business Services,Graphic Designer
jaldi kapde laundry ke liye dene hain mere area me,Daily Needs,Laundry
tractor repair karwana hai help chahiye,Agriculture,Tractor Repair
nearby wedding photographer chahiye jaldi,Local Professionals,Photographer
car tyre puncture ho gaya help chahiye,Vehicle Services,Tyre Puncture
please carpenter chahiye urgently,Home Services,Carpenter
jaldi logo design karwana hai please,Business Services,Graphic Designer
mere ghar me termite treatment chahiye help chahiye,Daily Needs,Pest Control
mujhe car battery dead hai nearby,Vehicle Services,Battery Service
CA chahiye nearby,Business Services,CA
aaj doctor appointment chahiye please,Health & Wellness,Doctor
mere area me khet me irrigation karwani hai jaldi,Agriculture,Irrigation Service
nearby farm equipment mechanic chahiye aaj,Agriculture,Farm Equipment Repair
mujhe house cleaning chahiye,Daily Needs,House Cleaning
bhai doctor se consult karna hai please,Health & Wellness,Doctor
bijli ka problem hai nearby,Home Services,Electrician
please ghar me cockroach bahut hain nearby,Daily Needs,Pest Control
nearby security camera install karwana hai mere area me,Home Services,CCTV Installation
nearby digital marketing service chahiye help chahiye,Business Services,Digital Marketing
water purifier repair karwana hai help chahiye,Home Services,RO / Water Purifier Service
mere ghar me car mechanic chahiye help chahiye,Vehicle Services,Car Repair
room interior karwana hai jaldi,Local Professionals,Interior Designer
jaldi event planner chahiye koi hai kya,Local Professionals,Event Planner
jaldi car battery dead hai nearby,Vehicle Services,Battery Service
mere ghar me pest control chahiye chahiye,Daily Needs,Pest Control
bhai car tow karwani hai aaj,Vehicle Services,Towing Service
bhai fitness trainer chahiye koi hai kya,Health & Wellness,Fitness Trainer
mujhe bike battery kharab hai,Vehicle Services,Battery Service
mere ghar me website banwani hai chahiye,Business Services,Web Developer
bhai coaching institute chahiye help chahiye,Education,Coaching Institute
bhai CCTV camera lagwana hai please,Home Services,CCTV Installation
mere ghar me chartered accountant chahiye koi hai kya,Business Services,CA
please birthday party planner chahiye jaldi,Local Professionals,Event Planner
bhai CA chahiye jaldi,Business Services,CA
mere area me tractor mechanic chahiye koi hai kya,Agriculture,Tractor Repair
aaj ghar par teacher chahiye nearby,Education,Home Tutor
urgent battery service chahiye please,Vehicle Services,Battery Service
aaj ghar ki safai karwani hai please,Daily Needs,House Cleaning
mere ghar me pest control chahiye mere area me,Daily Needs,Pest Control
nearby bike wash karwani hai aaj,Vehicle Services,Vehicle Washing
room interior karwana hai koi hai kya,Local Professionals,Interior Designer
please online classes chahiye,Education,Online Tutor
pest control chahiye,Daily Needs,Pest Control
chartered accountant chahiye urgently,Business Services,CA
aaj tractor repair karwana hai,Agriculture,Tractor Repair
please tractor mechanic chahiye chahiye,Agriculture,Tractor Repair
mere area me farm machine repair karwani hai nearby,Agriculture,Farm Equipment Repair
nearby pest control chahiye aaj,Daily Needs,Pest Control
mujhe home tutor chahiye mere area me,Education,Home Tutor
mere ghar me fridge thanda nahi kar raha aaj,Home Services,Appliance Repair
jaldi exam coaching chahiye nearby,Education,Coaching Institute
bhai air conditioner kharab hai chahiye,Home Services,AC Repair & Service
aaj tractor repair karwana hai chahiye,Agriculture,Tractor Repair
bhai car tow karwani hai help chahiye,Vehicle Services,Towing Service
farm machine repair karwani hai urgently,Agriculture,Farm Equipment Repair
aaj wall paint karwani hai nearby,Home Services,Painter
mujhe event planner chahiye jaldi,Local Professionals,Event Planner
mere ghar me bijli ka problem hai chahiye,Home Services,Electrician
nearby tractor kharab ho gaya nearby,Agriculture,Tractor Repair
mere ghar me puncture wala chahiye please,Vehicle Services,Tyre Puncture
urgent washing machine kharab hai nearby,Home Services,Appliance Repair
aaj tractor mechanic chahiye jaldi,Agriculture,Tractor Repair
bhai battery service chahiye chahiye,Vehicle Services,Battery Service
nearby gym trainer chahiye please,Health & Wellness,Fitness Trainer
aaj home appliance repair chahiye please,Home Services,Appliance Repair
nearby farm machine repair karwani hai jaldi,Agriculture,Farm Equipment Repair
mujhe electrician chahiye nearby,Home Services,Electrician
aaj bike repair karwani hai aaj,Vehicle Services,Bike Repair
nearby khet me irrigation karwani hai koi hai kya,Agriculture,Irrigation Service
mujhe home tutor chahiye please,Education,Home Tutor
mere area me back pain ke liye physiotherapist chahiye jaldi,Health & Wellness,Physiotherapist
bhai battery service chahiye aaj,Vehicle Services,Battery Service
nearby home tutor chahiye aaj,Education,Home Tutor
mere ghar me farm machine repair karwani hai,Agriculture,Farm Equipment Repair
RO service chahiye help chahiye,Home Services,RO / Water Purifier Service
nearby physiotherapist chahiye koi hai kya,Health & Wellness,Physiotherapist
gym trainer chahiye please,Health & Wellness,Fitness Trainer
mujhe doctor se consult karna hai aaj,Health & Wellness,Doctor
nearby vehicle cleaning chahiye,Vehicle Services,Vehicle Washing
jaldi event planner chahiye nearby,Local Professionals,Event Planner
mere ghar me fitness trainer chahiye jaldi,Health & Wellness,Fitness Trainer
mujhe ghar me CCTV lagana hai jaldi,Home Services,CCTV Installation
mujhe ghar ka interior design karwana hai urgently,Local Professionals,Interior Designer
mujhe car battery dead hai mere area me,Vehicle Services,Battery Service
nearby car mechanic chahiye koi hai kya,Vehicle Services,Car Repair
mujhe ghar ki safai karwani hai,Daily Needs,House Cleaning
jaldi exam coaching chahiye,Education,Coaching Institute
urgent fridge repair karwana hai,Home Services,Appliance Repair
nearby tractor mechanic chahiye urgently,Agriculture,Tractor Repair
nearby coaching join karni hai chahiye,Education,Coaching Institute
nearby painter chahiye aaj,Home Services,Painter
mere ghar me CCTV camera lagwana hai aaj,Home Services,CCTV Installation
nearby coaching join karni hai,Education,Coaching Institute
mujhe home tutor chahiye,Education,Home Tutor
please physiotherapist chahiye mere area me,Health & Wellness,Physiotherapist
urgent business website chahiye koi hai kya,Business Services,Web Developer
mere ghar me fridge thanda nahi kar raha jaldi,Home Services,Appliance Repair
bhai carpenter chahiye nearby,Home Services,Carpenter
aaj pest control chahiye mere area me,Daily Needs,Pest Control
nearby puncture wala chahiye aaj,Vehicle Services,Tyre Puncture
bhai khet me irrigation karwani hai mere area me,Agriculture,Irrigation Service
please back pain ke liye physiotherapist chahiye nearby,Health & Wellness,Physiotherapist
aaj termite treatment chahiye mere area me,Daily Needs,Pest Control
bhai physiotherapy karwani hai urgently,Health & Wellness,Physiotherapist
aaj bike start nahi ho rahi nearby,Vehicle Services,Bike Repair
nearby chartered accountant chahiye jaldi,Business Services,CA
urgent tractor kharab ho gaya help chahiye,Agriculture,Tractor Repair
urgent agriculture machine kharab hai help chahiye,Agriculture,Farm Equipment Repair
please digital marketing service chahiye,Business Services,Digital Marketing
fridge thanda nahi kar raha chahiye,Home Services,Appliance Repair
urgent farm equipment mechanic chahiye,Agriculture,Farm Equipment Repair
aaj home cleaning service chahiye mere area me,Daily Needs,House Cleaning
fridge repair karwana hai,Home Services,Appliance Repair
bhai digital marketing service chahiye urgently,Business Services,Digital Marketing
urgent ghar par teacher chahiye nearby,Education,Home Tutor
nearby plumber chahiye help chahiye,Home Services,Plumber
mujhe house cleaning chahiye nearby,Daily Needs,House Cleaning
ghar ka interior design karwana hai please,Local Professionals,Interior Designer
jaldi I need a photographer urgently,Local Professionals,Photographer
bhai pest control chahiye aaj,Daily Needs,Pest Control
nearby bachche ke liye tutor chahiye chahiye,Education,Home Tutor
bhai birthday party planner chahiye chahiye,Local Professionals,Event Planner
aaj room interior karwana hai chahiye,Local Professionals,Interior Designer
nearby online teacher chahiye nearby,Education,Online Tutor
urgent online classes chahiye urgently,Education,Online Tutor
nearby tractor repair karwana hai help chahiye,Agriculture,Tractor Repair
please tax filing ke liye CA chahiye koi hai kya,Business Services,CA
termite treatment chahiye nearby,Daily Needs,Pest Control
mujhe bike start nahi ho rahi chahiye,Vehicle Services,Bike Repair
urgent irrigation service chahiye koi hai kya,Agriculture,Irrigation Service
bhai ghar ka interior design karwana hai,Local Professionals,Interior Designer
aaj online tutor chahiye koi hai kya,Education,Online Tutor
nearby termite treatment chahiye mere area me,Daily Needs,Pest Control
urgent gaadi ko tow karke le jana hai please,Vehicle Services,Towing Service
nearby back pain ke liye physiotherapist chahiye nearby,Health & Wellness,Physiotherapist
jaldi khet me irrigation karwani hai help chahiye,Agriculture,Irrigation Service
mere area me function organise karwana hai help chahiye,Local Professionals,Event Planner
mere ghar me CCTV camera lagwana hai chahiye,Home Services,CCTV Installation
urgent lawyer chahiye mere area me,Business Services,Lawyer
mere area me fitness trainer chahiye koi hai kya,Health & Wellness,Fitness Trainer
aaj ghar ka interior design karwana hai nearby,Local Professionals,Interior Designer
please bike tyre puncture hai please,Vehicle Services,Tyre Puncture
mere ghar me clothes washing service chahiye koi hai kya,Daily Needs,Laundry
please poster design karwana hai,Business Services,Graphic Designer
urgent farm equipment mechanic chahiye jaldi,Agriculture,Farm Equipment Repair
mere ghar me personal trainer chahiye help chahiye,Health & Wellness,Fitness Trainer
jaldi farm equipment mechanic chahiye aaj,Agriculture,Farm Equipment Repair
mujhe event planner chahiye koi hai kya,Local Professionals,Event Planner
mere ghar me event planner chahiye mere area me,Local Professionals,Event Planner
nearby fitness trainer chahiye chahiye,Health & Wellness,Fitness Trainer
aaj room interior karwana hai please,Local Professionals,Interior Designer
mujhe farm machine repair karwani hai koi hai kya,Agriculture,Farm Equipment Repair
doctor se consult karna hai nearby,Health & Wellness,Doctor
aaj I need a photographer aaj,Local Professionals,Photographer
jaldi bike engine me problem hai urgently,Vehicle Services,Bike Repair
nearby pani ki irrigation system chahiye help chahiye,Agriculture,Irrigation Service
nearby irrigation service chahiye,Agriculture,Irrigation Service
jaldi bike wash karwani hai mere area me,Vehicle Services,Vehicle Washing
nearby logo design karwana hai mere area me,Business Services,Graphic Designer
event planner chahiye nearby,Local Professionals,Event Planner
nearby home cleaning service chahiye please,Daily Needs,House Cleaning
mujhe physiotherapist chahiye,Health & Wellness,Physiotherapist
mere ghar me bike battery kharab hai urgently,Vehicle Services,Battery Service
nearby photographer chahiye koi hai kya,Local Professionals,Photographer
please ghar par teacher chahiye urgently,Education,Home Tutor
please physiotherapy karwani hai koi hai kya,Health & Wellness,Physiotherapist
RO kharab hai jaldi,Home Services,RO / Water Purifier Service
jaldi water purifier repair karwana hai please,Home Services,RO / Water Purifier Service
urgent home cleaning service chahiye chahiye,Daily Needs,House Cleaning
nearby fan repair karwana hai urgently,Home Services,Electrician
mere area me social media marketing chahiye jaldi,Business Services,Digital Marketing
urgent termite treatment chahiye nearby,Daily Needs,Pest Control
mere ghar me event planner chahiye jaldi,Local Professionals,Event Planner
mujhe tractor kharab ho gaya koi hai kya,Agriculture,Tractor Repair
aaj farm equipment mechanic chahiye jaldi,Agriculture,Farm Equipment Repair
aaj gaadi ko tow karke le jana hai help chahiye,Vehicle Services,Towing Service
jaldi fan repair karwana hai aaj,Home Services,Electrician
mere area me doctor chahiye mere area me,Health & Wellness,Doctor
nearby bachche ke liye tutor chahiye,Education,Home Tutor
nearby painter chahiye please,Home Services,Painter
aaj back pain ke liye physiotherapist chahiye koi hai kya,Health & Wellness,Physiotherapist
aaj website banwani hai jaldi,Business Services,Web Developer
please clothes washing service chahiye chahiye,Daily Needs,Laundry
nearby coaching institute chahiye mere area me,Education,Coaching Institute
mere area me khet me irrigation karwani hai koi hai kya,Agriculture,Irrigation Service
nearby farm equipment mechanic chahiye,Agriculture,Farm Equipment Repair
jaldi car mechanic chahiye chahiye,Vehicle Services,Car Repair
urgent AC repair karwana hai jaldi,Home Services,AC Repair & Service
nearby personal trainer chahiye,Health & Wellness,Fitness Trainer
nearby pest control chahiye please,Daily Needs,Pest Control
urgent house cleaning chahiye please,Daily Needs,House Cleaning
mere ghar me irrigation service chahiye nearby,Agriculture,Irrigation Service
urgent kapde laundry ke liye dene hain aaj,Daily Needs,Laundry
bhai car raste me band ho gayi chahiye,Vehicle Services,Car Repair
jaldi battery service chahiye jaldi,Vehicle Services,Battery Service
nearby gaadi ko tow karke le jana hai nearby,Vehicle Services,Towing Service
bhai photographer chahiye mere area me,Local Professionals,Photographer
jaldi tractor mechanic chahiye koi hai kya,Agriculture,Tractor Repair
jaldi towing truck chahiye aaj,Vehicle Services,Towing Service
bhai kapde laundry ke liye dene hain chahiye,Daily Needs,Laundry
mere ghar me graphic designer chahiye jaldi,Business Services,Graphic Designer
nearby bike wash karwani hai jaldi,Vehicle Services,Vehicle Washing
aaj personal trainer chahiye help chahiye,Health & Wellness,Fitness Trainer
bhai kapde laundry ke liye dene hain mere area me,Daily Needs,Laundry
photographer chahiye nearby,Local Professionals,Photographer
aaj event planner chahiye please,Local Professionals,Event Planner
please farm machine repair karwani hai jaldi,Agriculture,Farm Equipment Repair
nearby agriculture machine kharab hai chahiye,Agriculture,Farm Equipment Repair
mere ghar me RO kharab hai mere area me,Home Services,RO / Water Purifier Service
urgent towing truck chahiye chahiye,Vehicle Services,Towing Service
nearby pipe leak ho raha hai chahiye,Home Services,Plumber
bhai car tow karwani hai koi hai kya,Vehicle Services,Towing Service
mere area me battery service chahiye nearby,Vehicle Services,Battery Service
nearby room interior karwana hai aaj,Local Professionals,Interior Designer
jaldi doctor appointment chahiye urgently,Health & Wellness,Doctor
please khet me irrigation karwani hai please,Agriculture,Irrigation Service
mujhe pipe leak ho raha hai aaj,Home Services,Plumber
mere area me exam coaching chahiye,Education,Coaching Institute
nearby car tyre puncture ho gaya urgently,Vehicle Services,Tyre Puncture
nearby tractor repair karwana hai koi hai kya,Agriculture,Tractor Repair
mere area me pest control chahiye help chahiye,Daily Needs,Pest Control
urgent I need a photographer mere area me,Local Professionals,Photographer
urgent pani ki irrigation system chahiye chahiye,Agriculture,Irrigation Service
urgent bike battery kharab hai please,Vehicle Services,Battery Service
birthday party planner chahiye jaldi,Local Professionals,Event Planner
advocate chahiye,Business Services,Lawyer
aaj lawyer chahiye,Business Services,Lawyer
please farm equipment mechanic chahiye please,Agriculture,Farm Equipment Repair
mere ghar me farm machine repair karwani hai chahiye,Agriculture,Farm Equipment Repair
furniture repair karwana hai,Home Services,Carpenter
mere area me laundry service chahiye,Daily Needs,Laundry
urgent photographer chahiye aaj,Local Professionals,Photographer
bhai ghar me CCTV lagana hai jaldi,Home Services,CCTV Installation
car mechanic chahiye help chahiye,Vehicle Services,Car Repair
vehicle cleaning chahiye,Vehicle Services,Vehicle Washing
mere ghar me personal trainer chahiye koi hai kya,Health & Wellness,Fitness Trainer
aaj online teacher chahiye nearby,Education,Online Tutor
mere ghar me logo design karwana hai jaldi,Business Services,Graphic Designer
urgent birthday party planner chahiye please,Local Professionals,Event Planner
jaldi farm machine repair karwani hai chahiye,Agriculture,Farm Equipment Repair
urgent online teacher chahiye please,Education,Online Tutor
aaj home cleaning service chahiye chahiye,Daily Needs,House Cleaning
urgent gaadi ko tow karke le jana hai nearby,Vehicle Services,Towing Service
urgent clothes washing service chahiye,Daily Needs,Laundry
aaj ghar me cockroach bahut hain koi hai kya,Daily Needs,Pest Control
nearby water purifier repair karwana hai koi hai kya,Home Services,RO / Water Purifier Service
bhai online tutor chahiye nearby,Education,Online Tutor
urgent car repair karwani hai please,Vehicle Services,Car Repair
mere ghar me washing machine kharab hai urgently,Home Services,Appliance Repair
nearby birthday party planner chahiye nearby,Local Professionals,Event Planner
please pest control chahiye chahiye,Daily Needs,Pest Control
mere area me water purifier repair karwana hai urgently,Home Services,RO / Water Purifier Service
aaj poster design karwana hai mere area me,Business Services,Graphic Designer
social media marketing chahiye urgently,Business Services,Digital Marketing
mere ghar me function organise karwana hai please,Local Professionals,Event Planner
mere area me car battery dead hai chahiye,Vehicle Services,Battery Service
please clothes washing service chahiye koi hai kya,Daily Needs,Laundry
nearby business promotion karwana hai aaj,Business Services,Digital Marketing
nearby coaching institute chahiye koi hai kya,Education,Coaching Institute
aaj car wash karwani hai mere area me,Vehicle Services,Vehicle Washing
bhai car raste me band ho gayi jaldi,Vehicle Services,Car Repair
nearby puncture wala chahiye chahiye,Vehicle Services,Tyre Puncture
mere area me I need a photographer aaj,Local Professionals,Photographer
urgent khet me irrigation karwani hai aaj,Agriculture,Irrigation Service
please ghar par teacher chahiye,Education,Home Tutor
mere ghar me tractor mechanic chahiye aaj,Agriculture,Tractor Repair
mujhe RO service chahiye help chahiye,Home Services,RO / Water Purifier Service
mujhe washing machine kharab hai koi hai kya,Home Services,Appliance Repair
mere ghar me graphic designer chahiye aaj,Business Services,Graphic Designer
mere area me kapde laundry ke liye dene hain chahiye,Daily Needs,Laundry
mere area me online teacher chahiye chahiye,Education,Online Tutor
nearby car wash karwani hai nearby,Vehicle Services,Vehicle Washing
mere ghar me AC repair karwana hai jaldi,Home Services,AC Repair & Service
nearby gaadi ko tow karke le jana hai jaldi,Vehicle Services,Towing Service
nearby pest control chahiye jaldi,Daily Needs,Pest Control
aaj online tutor chahiye,Education,Online Tutor
plumber chahiye urgently,Home Services,Plumber
please wedding photographer chahiye urgently,Local Professionals,Photographer
nearby function organise karwana hai help chahiye,Local Professionals,Event Planner
jaldi I need a photographer aaj,Local Professionals,Photographer
pest control chahiye help chahiye,Daily Needs,Pest Control
mere area me fridge repair karwana hai koi hai kya,Home Services,Appliance Repair
mere ghar me car wash karwani hai nearby,Vehicle Services,Vehicle Washing
mujhe digital marketing service chahiye mere area me,Business Services,Digital Marketing
jaldi house cleaning chahiye koi hai kya,Daily Needs,House Cleaning
mujhe coaching institute chahiye jaldi,Education,Coaching Institute
aaj RO kharab hai jaldi,Home Services,RO / Water Purifier Service
ghar par teacher chahiye please,Education,Home Tutor
aaj coaching join karni hai mere area me,Education,Coaching Institute
urgent bike tyre puncture hai mere area me,Vehicle Services,Tyre Puncture
jaldi fridge thanda nahi kar raha help chahiye,Home Services,Appliance Repair
pest control chahiye koi hai kya,Daily Needs,Pest Control
furniture repair karwana hai koi hai kya,Home Services,Carpenter
urgent pani ki irrigation system chahiye aaj,Agriculture,Irrigation Service
jaldi tractor mechanic chahiye nearby,Agriculture,Tractor Repair
mujhe pest control chahiye,Daily Needs,Pest Control
mere area me interior designer chahiye help chahiye,Local Professionals,Interior Designer
jaldi online tutor chahiye,Education,Online Tutor
jaldi personal trainer chahiye,Health & Wellness,Fitness Trainer
jaldi washing machine kharab hai urgently,Home Services,Appliance Repair
urgent doctor se consult karna hai koi hai kya,Health & Wellness,Doctor
mere area me clothes washing service chahiye mere area me,Daily Needs,Laundry
mere area me pipe leak ho raha hai chahiye,Home Services,Plumber
nearby doctor chahiye aaj,Health & Wellness,Doctor
please business promotion karwana hai koi hai kya,Business Services,Digital Marketing
mere area me physiotherapist chahiye please,Health & Wellness,Physiotherapist
mere ghar me bachche ke liye tutor chahiye chahiye,Education,Home Tutor
aaj ghar ki safai karwani hai,Daily Needs,House Cleaning
mere area me personal trainer chahiye koi hai kya,Health & Wellness,Fitness Trainer
darwaza repair karwana hai mere area me,Home Services,Carpenter
mere ghar me farm machine repair karwani hai jaldi,Agriculture,Farm Equipment Repair
bhai house cleaning chahiye koi hai kya,Daily Needs,House Cleaning
home cleaning service chahiye nearby,Daily Needs,House Cleaning
aaj interior designer chahiye urgently,Local Professionals,Interior Designer
car tow karwani hai,Vehicle Services,Towing Service
aaj AC thanda nahi kar raha chahiye,Home Services,AC Repair & Service
please kapde laundry ke liye dene hain aaj,Daily Needs,Laundry
urgent bike start nahi ho rahi jaldi,Vehicle Services,Bike Repair
please birthday party planner chahiye please,Local Professionals,Event Planner
mere area me ghar ki safai karwani hai jaldi,Daily Needs,House Cleaning
mere area me logo design karwana hai jaldi,Business Services,Graphic Designer
aaj pest control chahiye help chahiye,Daily Needs,Pest Control
aaj security camera install karwana hai please,Home Services,CCTV Installation
bhai birthday party planner chahiye please,Local Professionals,Event Planner
aaj irrigation service chahiye mere area me,Agriculture,Irrigation Service
mere area me fridge thanda nahi kar raha koi hai kya,Home Services,Appliance Repair
bike battery kharab hai please,Vehicle Services,Battery Service
mere area me ghar ka interior design karwana hai urgently,Local Professionals,Interior Designer
bhai web developer chahiye chahiye,Business Services,Web Developer
nearby ghar par teacher chahiye urgently,Education,Home Tutor
urgent washing machine kharab hai koi hai kya,Home Services,Appliance Repair
mere area me physiotherapist chahiye nearby,Health & Wellness,Physiotherapist
bhai ghar me cockroach bahut hain chahiye,Daily Needs,Pest Control
mere area me kapde laundry ke liye dene hain jaldi,Daily Needs,Laundry
bhai tractor repair karwana hai help chahiye,Agriculture,Tractor Repair
jaldi khet me irrigation karwani hai urgently,Agriculture,Irrigation Service
nearby website banwani hai help chahiye,Business Services,Web Developer
jaldi tax filing ke liye CA chahiye urgently,Business Services,CA
please tractor repair karwana hai please,Agriculture,Tractor Repair
laundry service chahiye help chahiye,Daily Needs,Laundry
aaj laundry service chahiye nearby,Daily Needs,Laundry
urgent irrigation service chahiye aaj,Agriculture,Irrigation Service
nearby physiotherapy karwani hai please,Health & Wellness,Physiotherapist
jaldi ghar me cockroach bahut hain urgently,Daily Needs,Pest Control
mere area me I need a photographer please,Local Professionals,Photographer
wedding photographer chahiye help chahiye,Local Professionals,Photographer
bhai wedding photographer chahiye urgently,Local Professionals,Photographer
urgent online teacher chahiye koi hai kya,Education,Online Tutor
urgent advocate chahiye aaj,Business Services,Lawyer
mujhe plumber chahiye please,Home Services,Plumber
mere area me clothes washing service chahiye help chahiye,Daily Needs,Laundry
mujhe tractor repair karwana hai nearby,Agriculture,Tractor Repair
bhai web developer chahiye aaj,Business Services,Web Developer
nearby laundry service chahiye help chahiye,Daily Needs,Laundry
mujhe birthday party planner chahiye nearby,Local Professionals,Event Planner
nearby online teacher chahiye mere area me,Education,Online Tutor
bhai ghar ka interior design karwana hai nearby,Local Professionals,Interior Designer
nearby function organise karwana hai,Local Professionals,Event Planner
urgent khet me irrigation karwani hai please,Agriculture,Irrigation Service
mere area me online teacher chahiye please,Education,Online Tutor
urgent interior designer chahiye help chahiye,Local Professionals,Interior Designer
please online teacher chahiye please,Education,Online Tutor
mere area me termite treatment chahiye,Daily Needs,Pest Control
mere area me CA chahiye,Business Services,CA
mere ghar me battery service chahiye jaldi,Vehicle Services,Battery Service
jaldi bachche ke liye tutor chahiye mere area me,Education,Home Tutor
please bike start nahi ho rahi nearby,Vehicle Services,Bike Repair
mujhe birthday party planner chahiye chahiye,Local Professionals,Event Planner
nearby termite treatment chahiye chahiye,Daily Needs,Pest Control
urgent event planner chahiye,Local Professionals,Event Planner
aaj physiotherapy karwani hai,Health & Wellness,Physiotherapist
please coaching join karni hai mere area me,Education,Coaching Institute
mere area me towing truck chahiye please,Vehicle Services,Towing Service
mere ghar me farm equipment mechanic chahiye nearby,Agriculture,Farm Equipment Repair
mere area me bijli ka problem hai urgently,Home Services,Electrician
mere area me website banwani hai aaj,Business Services,Web Developer
mere ghar me CA chahiye chahiye,Business Services,CA
nearby event planner chahiye urgently,Local Professionals,Event Planner
mere ghar me RO kharab hai,Home Services,RO / Water Purifier Service
jaldi pipe leak ho raha hai koi hai kya,Home Services,Plumber
mere ghar me AC service chahiye,Home Services,AC Repair & Service
mere area me vehicle cleaning chahiye help chahiye,Vehicle Services,Vehicle Washing
mere area me water purifier repair karwana hai chahiye,Home Services,RO / Water Purifier Service
mere area me bike start nahi ho rahi jaldi,Vehicle Services,Bike Repair
bhai pest control chahiye chahiye,Daily Needs,Pest Control
mujhe back pain ke liye physiotherapist chahiye please,Health & Wellness,Physiotherapist
urgent ghar par teacher chahiye,Education,Home Tutor
irrigation service chahiye urgently,Agriculture,Irrigation Service
mere ghar me wedding photographer chahiye,Local Professionals,Photographer
urgent carpenter chahiye,Home Services,Carpenter
please advocate chahiye jaldi,Business Services,Lawyer
bhai laundry service chahiye chahiye,Daily Needs,Laundry
nearby birthday party planner chahiye koi hai kya,Local Professionals,Event Planner
urgent car tow karwani hai aaj,Vehicle Services,Towing Service
mere ghar me fitness trainer chahiye aaj,Health & Wellness,Fitness Trainer
jaldi social media marketing chahiye koi hai kya,Business Services,Digital Marketing
mere area me business promotion karwana hai chahiye,Business Services,Digital Marketing
please business website chahiye,Business Services,Web Developer
aaj doctor se consult karna hai help chahiye,Health & Wellness,Doctor
mere area me house cleaning chahiye chahiye,Daily Needs,House Cleaning
please back pain ke liye physiotherapist chahiye jaldi,Health & Wellness,Physiotherapist
urgent physiotherapist chahiye urgently,Health & Wellness,Physiotherapist
nearby lawyer chahiye,Business Services,Lawyer
jaldi security camera install karwana hai jaldi,Home Services,CCTV Installation
aaj doctor chahiye aaj,Health & Wellness,Doctor
kapde laundry ke liye dene hain,Daily Needs,Laundry
jaldi online tutor chahiye help chahiye,Education,Online Tutor
please carpenter chahiye nearby,Home Services,Carpenter
nearby wedding photographer chahiye chahiye,Local Professionals,Photographer
urgent photographer chahiye please,Local Professionals,Photographer
bhai puncture wala chahiye urgently,Vehicle Services,Tyre Puncture
bike repair karwani hai urgently,Vehicle Services,Bike Repair
please physiotherapist chahiye urgently,Health & Wellness,Physiotherapist
CCTV camera lagwana hai,Home Services,CCTV Installation
jaldi home cleaning service chahiye,Daily Needs,House Cleaning
mere ghar me doctor chahiye mere area me,Health & Wellness,Doctor
mere area me doctor appointment chahiye,Health & Wellness,Doctor
mere ghar me khet me irrigation karwani hai jaldi,Agriculture,Irrigation Service
mujhe car mechanic chahiye,Vehicle Services,Car Repair
mere ghar me irrigation service chahiye chahiye,Agriculture,Irrigation Service
urgent kapde laundry ke liye dene hain urgently,Daily Needs,Laundry
aaj car mechanic chahiye nearby,Vehicle Services,Car Repair
bhai doctor chahiye mere area me,Health & Wellness,Doctor
nearby car start nahi ho rahi mere area me,Vehicle Services,Car Repair
aaj photographer chahiye nearby,Local Professionals,Photographer
mere ghar me legal help chahiye,Business Services,Lawyer
nearby tractor kharab ho gaya urgently,Agriculture,Tractor Repair
jaldi interior designer chahiye chahiye,Local Professionals,Interior Designer
aaj event planner chahiye help chahiye,Local Professionals,Event Planner
urgent physiotherapy karwani hai,Health & Wellness,Physiotherapist
poster design karwana hai help chahiye,Business Services,Graphic Designer
aaj khet me irrigation karwani hai koi hai kya,Agriculture,Irrigation Service
jaldi ghar par teacher chahiye urgently,Education,Home Tutor
mere ghar me termite treatment chahiye mere area me,Daily Needs,Pest Control
aaj room interior karwana hai nearby,Local Professionals,Interior Designer
please bike engine me problem hai chahiye,Vehicle Services,Bike Repair
mujhe electrician chahiye aaj,Home Services,Electrician
mere ghar me wedding photographer chahiye aaj,Local Professionals,Photographer
please pest control chahiye koi hai kya,Daily Needs,Pest Control
mujhe bachche ke liye tutor chahiye koi hai kya,Education,Home Tutor
bhai wall paint karwani hai chahiye,Home Services,Painter
aaj khet me irrigation karwani hai urgently,Agriculture,Irrigation Service
mere area me tractor repair karwana hai koi hai kya,Agriculture,Tractor Repair
aaj fitness trainer chahiye please,Health & Wellness,Fitness Trainer
nearby bachche ke liye tutor chahiye aaj,Education,Home Tutor
birthday party planner chahiye help chahiye,Local Professionals,Event Planner
mujhe ghar ki safai karwani hai urgently,Daily Needs,House Cleaning
urgent website banwani hai please,Business Services,Web Developer
bhai exam coaching chahiye urgently,Education,Coaching Institute
mere area me bike repair karwani hai mere area me,Vehicle Services,Bike Repair
jaldi digital marketing service chahiye aaj,Business Services,Digital Marketing
bhai pani ki irrigation system chahiye please,Agriculture,Irrigation Service
please laundry service chahiye aaj,Daily Needs,Laundry
fridge thanda nahi kar raha help chahiye,Home Services,Appliance Repair
mujhe graphic designer chahiye koi hai kya,Business Services,Graphic Designer
bhai wedding photographer chahiye jaldi,Local Professionals,Photographer
aaj tractor kharab ho gaya nearby,Agriculture,Tractor Repair
jaldi event planner chahiye aaj,Local Professionals,Event Planner
mere area me coaching join karni hai chahiye,Education,Coaching Institute
urgent ghar ki safai karwani hai mere area me,Daily Needs,House Cleaning
please doctor se consult karna hai help chahiye,Health & Wellness,Doctor
jaldi physiotherapist chahiye aaj,Health & Wellness,Physiotherapist
bhai laundry service chahiye aaj,Daily Needs,Laundry
bhai AC service chahiye nearby,Home Services,AC Repair & Service
jaldi tractor repair karwana hai aaj,Agriculture,Tractor Repair
nearby home tutor chahiye nearby,Education,Home Tutor
mujhe home tutor chahiye urgently,Education,Home Tutor
lawyer chahiye please,Business Services,Lawyer
mere ghar me legal help chahiye koi hai kya,Business Services,Lawyer
mujhe kapde laundry ke liye dene hain help chahiye,Daily Needs,Laundry
aaj doctor se consult karna hai,Health & Wellness,Doctor
aaj physiotherapist chahiye,Health & Wellness,Physiotherapist
bhai function organise karwana hai help chahiye,Local Professionals,Event Planner
aaj towing truck chahiye please,Vehicle Services,Towing Service
mere area me fitness trainer chahiye please,Health & Wellness,Fitness Trainer
mere area me car tyre puncture ho gaya,Vehicle Services,Tyre Puncture
online tutor chahiye please,Education,Online Tutor
mere ghar me ghar me cockroach bahut hain mere area me,Daily Needs,Pest Control
mujhe tractor kharab ho gaya help chahiye,Agriculture,Tractor Repair
jaldi event planner chahiye chahiye,Local Professionals,Event Planner
bhai ghar ki safai karwani hai mere area me,Daily Needs,House Cleaning
jaldi physiotherapy karwani hai nearby,Health & Wellness,Physiotherapist
jaldi home cleaning service chahiye please,Daily Needs,House Cleaning
urgent washing machine kharab hai help chahiye,Home Services,Appliance Repair
mujhe home appliance repair chahiye koi hai kya,Home Services,Appliance Repair
mere area me air conditioner kharab hai mere area me,Home Services,AC Repair & Service
bhai house cleaning chahiye please,Daily Needs,House Cleaning
mere ghar me legal help chahiye nearby,Business Services,Lawyer
nearby wedding photographer chahiye mere area me,Local Professionals,Photographer
bhai business website chahiye,Business Services,Web Developer
urgent ghar me cockroach bahut hain urgently,Daily Needs,Pest Control
aaj house cleaning chahiye mere area me,Daily Needs,House Cleaning
mujhe gaadi ko tow karke le jana hai help chahiye,Vehicle Services,Towing Service
bhai coaching join karni hai chahiye,Education,Coaching Institute
mere ghar me furniture repair karwana hai mere area me,Home Services,Carpenter
jaldi online classes chahiye aaj,Education,Online Tutor
nearby clothes washing service chahiye koi hai kya,Daily Needs,Laundry
mere area me advocate chahiye,Business Services,Lawyer
mujhe clothes washing service chahiye please,Daily Needs,Laundry
home tutor chahiye aaj,Education,Home Tutor
urgent house cleaning chahiye koi hai kya,Daily Needs,House Cleaning
mere area me fitness trainer chahiye chahiye,Health & Wellness,Fitness Trainer
urgent interior designer chahiye jaldi,Local Professionals,Interior Designer
bhai gaadi ko tow karke le jana hai help chahiye,Vehicle Services,Towing Service
physiotherapist chahiye jaldi,Health & Wellness,Physiotherapist
jaldi irrigation service chahiye chahiye,Agriculture,Irrigation Service
bhai air conditioner kharab hai please,Home Services,AC Repair & Service
doctor appointment chahiye koi hai kya,Health & Wellness,Doctor
urgent farm equipment mechanic chahiye urgently,Agriculture,Farm Equipment Repair
please tractor mechanic chahiye,Agriculture,Tractor Repair
jaldi fitness trainer chahiye please,Health & Wellness,Fitness Trainer
urgent doctor chahiye chahiye,Health & Wellness,Doctor
mere area me advocate chahiye mere area me,Business Services,Lawyer
mere ghar me logo design karwana hai please,Business Services,Graphic Designer
mere ghar me nal leak kar raha hai help chahiye,Home Services,Plumber
nearby legal help chahiye aaj,Business Services,Lawyer
jaldi puncture wala chahiye mere area me,Vehicle Services,Tyre Puncture
mujhe security camera install karwana hai koi hai kya,Home Services,CCTV Installation
mere area me coaching join karni hai jaldi,Education,Coaching Institute
mujhe ghar ka interior design karwana hai nearby,Local Professionals,Interior Designer
jaldi pest control chahiye please,Daily Needs,Pest Control
bhai termite treatment chahiye please,Daily Needs,Pest Control
mere area me photographer chahiye please,Local Professionals,Photographer
bhai ghar par teacher chahiye chahiye,Education,Home Tutor
urgent doctor appointment chahiye mere area me,Health & Wellness,Doctor
urgent photographer chahiye mere area me,Local Professionals,Photographer
irrigation service chahiye help chahiye,Agriculture,Irrigation Service
nearby bijli ka problem hai please,Home Services,Electrician
aaj AC thanda nahi kar raha mere area me,Home Services,AC Repair & Service
aaj termite treatment chahiye please,Daily Needs,Pest Control
urgent ghar me CCTV lagana hai nearby,Home Services,CCTV Installation
mere ghar me physiotherapist chahiye aaj,Health & Wellness,Physiotherapist
urgent irrigation service chahiye mere area me,Agriculture,Irrigation Service
mere ghar me back pain ke liye physiotherapist chahiye mere area me,Health & Wellness,Physiotherapist
urgent ghar ki safai karwani hai please,Daily Needs,House Cleaning
mere area me car tow karwani hai mere area me,Vehicle Services,Towing Service
khet me irrigation karwani hai please,Agriculture,Irrigation Service
mere area me business website chahiye help chahiye,Business Services,Web Developer
nearby online classes chahiye mere area me,Education,Online Tutor
nearby clothes washing service chahiye chahiye,Daily Needs,Laundry
tractor mechanic chahiye,Agriculture,Tractor Repair
termite treatment chahiye koi hai kya,Daily Needs,Pest Control
mere ghar me poster design karwana hai chahiye,Business Services,Graphic Designer
aaj birthday party planner chahiye,Local Professionals,Event Planner
jaldi legal help chahiye mere area me,Business Services,Lawyer
aaj khet me irrigation karwani hai jaldi,Agriculture,Irrigation Service
urgent coaching institute chahiye nearby,Education,Coaching Institute
jaldi car repair karwani hai nearby,Vehicle Services,Car Repair
bhai fridge repair karwana hai please,Home Services,Appliance Repair
mere ghar me car battery dead hai urgently,Vehicle Services,Battery Service
car mechanic chahiye chahiye,Vehicle Services,Car Repair
please khet me irrigation karwani hai koi hai kya,Agriculture,Irrigation Service
mere ghar me home cleaning service chahiye koi hai kya,Daily Needs,House Cleaning
aaj tax filing ke liye CA chahiye,Business Services,CA
please painter chahiye aaj,Home Services,Painter
please room interior karwana hai aaj,Local Professionals,Interior Designer
aaj advocate chahiye jaldi,Business Services,Lawyer
nearby I need a photographer aaj,Local Professionals,Photographer
jaldi bike repair karwani hai please,Vehicle Services,Bike Repair
aaj doctor chahiye jaldi,Health & Wellness,Doctor
bhai car battery dead hai nearby,Vehicle Services,Battery Service
aaj khet me irrigation karwani hai help chahiye,Agriculture,Irrigation Service
mere area me plumber chahiye mere area me,Home Services,Plumber
jaldi laundry service chahiye jaldi,Daily Needs,Laundry
mere ghar me lawyer chahiye mere area me,Business Services,Lawyer
nearby personal trainer chahiye urgently,Health & Wellness,Fitness Trainer
mujhe water purifier repair karwana hai chahiye,Home Services,RO / Water Purifier Service
mere ghar me gym trainer chahiye help chahiye,Health & Wellness,Fitness Trainer
aaj doctor se consult karna hai nearby,Health & Wellness,Doctor
please irrigation service chahiye koi hai kya,Agriculture,Irrigation Service
doctor se consult karna hai help chahiye,Health & Wellness,Doctor
aaj irrigation service chahiye help chahiye,Agriculture,Irrigation Service
mere ghar me laundry service chahiye aaj,Daily Needs,Laundry
nearby gym trainer chahiye jaldi,Health & Wellness,Fitness Trainer
jaldi house cleaning chahiye chahiye,Daily Needs,House Cleaning
jaldi doctor appointment chahiye nearby,Health & Wellness,Doctor
aaj I need a photographer urgently,Local Professionals,Photographer
mujhe car wash karwani hai please,Vehicle Services,Vehicle Washing
urgent physiotherapist chahiye nearby,Health & Wellness,Physiotherapist
please battery service chahiye jaldi,Vehicle Services,Battery Service
mere ghar me kapde laundry ke liye dene hain please,Daily Needs,Laundry
mujhe tractor repair karwana hai chahiye,Agriculture,Tractor Repair
ghar me cockroach bahut hain jaldi,Daily Needs,Pest Control
mere area me physiotherapy karwani hai koi hai kya,Health & Wellness,Physiotherapist
online classes chahiye urgently,Education,Online Tutor
jaldi doctor appointment chahiye mere area me,Health & Wellness,Doctor
mujhe fitness trainer chahiye aaj,Health & Wellness,Fitness Trainer
please car battery dead hai urgently,Vehicle Services,Battery Service
mere ghar me chartered accountant chahiye aaj,Business Services,CA
bhai car repair karwani hai mere area me,Vehicle Services,Car Repair
aaj birthday party planner chahiye koi hai kya,Local Professionals,Event Planner
mere area me puncture wala chahiye mere area me,Vehicle Services,Tyre Puncture
mere ghar me termite treatment chahiye jaldi,Daily Needs,Pest Control
mere area me fitness trainer chahiye,Health & Wellness,Fitness Trainer
aaj exam coaching chahiye chahiye,Education,Coaching Institute
aaj coaching institute chahiye jaldi,Education,Coaching Institute
aaj exam coaching chahiye help chahiye,Education,Coaching Institute
urgent poster design karwana hai koi hai kya,Business Services,Graphic Designer
mere area me AC repair karwana hai chahiye,Home Services,AC Repair & Service
jaldi online tutor chahiye aaj,Education,Online Tutor
jaldi back pain ke liye physiotherapist chahiye koi hai kya,Health & Wellness,Physiotherapist
mere area me tractor kharab ho gaya mere area me,Agriculture,Tractor Repair
bhai physiotherapist chahiye jaldi,Health & Wellness,Physiotherapist
mere ghar me advocate chahiye aaj,Business Services,Lawyer
online teacher chahiye urgently,Education,Online Tutor
RO service chahiye jaldi,Home Services,RO / Water Purifier Service
bhai air conditioner kharab hai aaj,Home Services,AC Repair & Service
please online teacher chahiye jaldi,Education,Online Tutor
aaj washing machine kharab hai please,Home Services,Appliance Repair
aaj physiotherapist chahiye urgently,Health & Wellness,Physiotherapist
mujhe AC repair karwana hai chahiye,Home Services,AC Repair & Service
nearby towing truck chahiye chahiye,Vehicle Services,Towing Service
mere area me bike wash karwani hai help chahiye,Vehicle Services,Vehicle Washing
please battery service chahiye nearby,Vehicle Services,Battery Service
security camera install karwana hai,Home Services,CCTV Installation
nearby car start nahi ho rahi,Vehicle Services,Car Repair
jaldi irrigation service chahiye mere area me,Agriculture,Irrigation Service
bed repair karwana hai jaldi,Home Services,Carpenter
bhai digital marketing service chahiye chahiye,Business Services,Digital Marketing
please function organise karwana hai koi hai kya,Local Professionals,Event Planner
mere area me digital marketing service chahiye chahiye,Business Services,Digital Marketing
mere area me function organise karwana hai jaldi,Local Professionals,Event Planner
mere area me lawyer chahiye aaj,Business Services,Lawyer
please business website chahiye urgently,Business Services,Web Developer
urgent back pain ke liye physiotherapist chahiye help chahiye,Health & Wellness,Physiotherapist
mujhe kapde laundry ke liye dene hain jaldi,Daily Needs,Laundry
please irrigation service chahiye help chahiye,Agriculture,Irrigation Service
aaj bachche ke liye tutor chahiye,Education,Home Tutor
please graphic designer chahiye jaldi,Business Services,Graphic Designer
aaj farm machine repair karwani hai koi hai kya,Agriculture,Farm Equipment Repair
mujhe house cleaning chahiye help chahiye,Daily Needs,House Cleaning
bhai darwaza repair karwana hai please,Home Services,Carpenter
aaj car tow karwani hai jaldi,Vehicle Services,Towing Service
nearby bike engine me problem hai please,Vehicle Services,Bike Repair
mujhe home tutor chahiye nearby,Education,Home Tutor
mujhe ghar ka interior design karwana hai aaj,Local Professionals,Interior Designer
bhai ghar par teacher chahiye aaj,Education,Home Tutor
ghar ki safai karwani hai help chahiye,Daily Needs,House Cleaning
mujhe bike wash karwani hai chahiye,Vehicle Services,Vehicle Washing
mere area me birthday party planner chahiye koi hai kya,Local Professionals,Event Planner
mere area me physiotherapy karwani hai mere area me,Health & Wellness,Physiotherapist
ghar ka interior design karwana hai jaldi,Local Professionals,Interior Designer
urgent I need a photographer please,Local Professionals,Photographer
urgent car battery dead hai koi hai kya,Vehicle Services,Battery Service
mere area me lawyer chahiye help chahiye,Business Services,Lawyer
mere ghar me pest control chahiye jaldi,Daily Needs,Pest Control
please lawyer chahiye please,Business Services,Lawyer
mujhe fitness trainer chahiye mere area me,Health & Wellness,Fitness Trainer
mere ghar me pest control chahiye aaj,Daily Needs,Pest Control
urgent personal trainer chahiye please,Health & Wellness,Fitness Trainer
mere ghar me switch kaam nahi kar raha chahiye,Home Services,Electrician
aaj online classes chahiye urgently,Education,Online Tutor
bhai function organise karwana hai urgently,Local Professionals,Event Planner
mere area me switch kaam nahi kar raha jaldi,Home Services,Electrician
mujhe AC service chahiye nearby,Home Services,AC Repair & Service
aaj tractor kharab ho gaya help chahiye,Agriculture,Tractor Repair
mere ghar me ghar ki safai karwani hai mere area me,Daily Needs,House Cleaning
jaldi CCTV camera lagwana hai,Home Services,CCTV Installation
jaldi car raste me band ho gayi nearby,Vehicle Services,Car Repair
nearby fridge repair karwana hai urgently,Home Services,Appliance Repair
coaching join karni hai chahiye,Education,Coaching Institute
jaldi tractor mechanic chahiye chahiye,Agriculture,Tractor Repair
mujhe khet me irrigation karwani hai urgently,Agriculture,Irrigation Service
nearby ghar ka interior design karwana hai,Local Professionals,Interior Designer
mujhe ghar ki safai karwani hai nearby,Daily Needs,House Cleaning
pani ki irrigation system chahiye help chahiye,Agriculture,Irrigation Service
mere area me function organise karwana hai urgently,Local Professionals,Event Planner
please pest control chahiye nearby,Daily Needs,Pest Control
mere area me tractor mechanic chahiye help chahiye,Agriculture,Tractor Repair
urgent graphic designer chahiye koi hai kya,Business Services,Graphic Designer
mujhe tractor kharab ho gaya aaj,Agriculture,Tractor Repair
urgent ghar ka interior design karwana hai please,Local Professionals,Interior Designer
pest control chahiye aaj,Daily Needs,Pest Control
urgent poster design karwana hai mere area me,Business Services,Graphic Designer
aaj digital marketing service chahiye nearby,Business Services,Digital Marketing
mere area me online classes chahiye,Education,Online Tutor
jaldi khet me irrigation karwani hai mere area me,Agriculture,Irrigation Service
urgent agriculture machine kharab hai jaldi,Agriculture,Farm Equipment Repair
aaj laundry service chahiye mere area me,Daily Needs,Laundry
mujhe wedding photographer chahiye,Local Professionals,Photographer
aaj ghar ki safai karwani hai koi hai kya,Daily Needs,House Cleaning
aaj tractor mechanic chahiye,Agriculture,Tractor Repair
nearby ghar me cockroach bahut hain,Daily Needs,Pest Control
nearby bike tyre puncture hai urgently,Vehicle Services,Tyre Puncture
jaldi puncture wala chahiye aaj,Vehicle Services,Tyre Puncture
urgent room interior karwana hai help chahiye,Local Professionals,Interior Designer
nearby tractor mechanic chahiye,Agriculture,Tractor Repair
nearby personal trainer chahiye chahiye,Health & Wellness,Fitness Trainer
urgent battery service chahiye,Vehicle Services,Battery Service
urgent clothes washing service chahiye urgently,Daily Needs,Laundry
bhai ghar ki safai karwani hai,Daily Needs,House Cleaning
bhai furniture repair karwana hai koi hai kya,Home Services,Carpenter
irrigation service chahiye chahiye,Agriculture,Irrigation Service
aaj I need a photographer,Local Professionals,Photographer
mere area me logo design karwana hai please,Business Services,Graphic Designer
aaj social media marketing chahiye koi hai kya,Business Services,Digital Marketing
gym trainer chahiye aaj,Health & Wellness,Fitness Trainer
please coaching join karni hai nearby,Education,Coaching Institute
aaj agriculture machine kharab hai help chahiye,Agriculture,Farm Equipment Repair
aaj room paint karwana hai please,Home Services,Painter
aaj CA chahiye chahiye,Business Services,CA
nearby interior designer chahiye koi hai kya,Local Professionals,Interior Designer
mere ghar me car mechanic chahiye mere area me,Vehicle Services,Car Repair
urgent bike wash karwani hai jaldi,Vehicle Services,Vehicle Washing
mujhe ghar me cockroach bahut hain mere area me,Daily Needs,Pest Control
urgent doctor se consult karna hai please,Health & Wellness,Doctor
bhai pest control chahiye,Daily Needs,Pest Control
aaj car raste me band ho gayi koi hai kya,Vehicle Services,Car Repair
nearby laundry service chahiye jaldi,Daily Needs,Laundry
please exam coaching chahiye please,Education,Coaching Institute
aaj function organise karwana hai,Local Professionals,Event Planner
bhai irrigation service chahiye help chahiye,Agriculture,Irrigation Service
car tow karwani hai mere area me,Vehicle Services,Towing Service
urgent personal trainer chahiye urgently,Health & Wellness,Fitness Trainer
nearby bike battery kharab hai help chahiye,Vehicle Services,Battery Service
furniture repair karwana hai help chahiye,Home Services,Carpenter
aaj business promotion karwana hai chahiye,Business Services,Digital Marketing
please I need a photographer,Local Professionals,Photographer
mujhe fan repair karwana hai please,Home Services,Electrician
aaj ghar me cockroach bahut hain mere area me,Daily Needs,Pest Control
mere area me ghar me cockroach bahut hain,Daily Needs,Pest Control
lawyer chahiye chahiye,Business Services,Lawyer
bhai online classes chahiye mere area me,Education,Online Tutor
bhai puncture wala chahiye jaldi,Vehicle Services,Tyre Puncture
nearby home tutor chahiye help chahiye,Education,Home Tutor
bhai ghar me cockroach bahut hain koi hai kya,Daily Needs,Pest Control
puncture wala chahiye koi hai kya,Vehicle Services,Tyre Puncture
urgent exam coaching chahiye nearby,Education,Coaching Institute
aaj birthday party planner chahiye please,Local Professionals,Event Planner
mujhe wall paint karwani hai koi hai kya,Home Services,Painter
vehicle cleaning chahiye nearby,Vehicle Services,Vehicle Washing
mere area me legal help chahiye mere area me,Business Services,Lawyer
bhai chartered accountant chahiye chahiye,Business Services,CA
AC thanda nahi kar raha aaj,Home Services,AC Repair & Service
mere ghar me social media marketing chahiye urgently,Business Services,Digital Marketing
mere ghar me laundry service chahiye jaldi,Daily Needs,Laundry
bhai business website chahiye aaj,Business Services,Web Developer
please clothes washing service chahiye,Daily Needs,Laundry
please ghar ki light kharab hai,Home Services,Electrician
urgent web developer chahiye chahiye,Business Services,Web Developer
aaj exam coaching chahiye nearby,Education,Coaching Institute
please photographer chahiye mere area me,Local Professionals,Photographer
aaj ghar me cockroach bahut hain chahiye,Daily Needs,Pest Control
nearby poster design karwana hai chahiye,Business Services,Graphic Designer
jaldi vehicle cleaning chahiye help chahiye,Vehicle Services,Vehicle Washing
urgent ghar me cockroach bahut hain nearby,Daily Needs,Pest Control
bhai graphic designer chahiye mere area me,Business Services,Graphic Designer
nearby function organise karwana hai urgently,Local Professionals,Event Planner
urgent gaadi ko tow karke le jana hai aaj,Vehicle Services,Towing Service
bhai bike engine me problem hai please,Vehicle Services,Bike Repair
mujhe back pain ke liye physiotherapist chahiye chahiye,Health & Wellness,Physiotherapist
mere area me doctor se consult karna hai jaldi,Health & Wellness,Doctor
urgent doctor se consult karna hai help chahiye,Health & Wellness,Doctor
mujhe physiotherapist chahiye chahiye,Health & Wellness,Physiotherapist
jaldi clothes washing service chahiye nearby,Daily Needs,Laundry
please fitness trainer chahiye koi hai kya,Health & Wellness,Fitness Trainer
aaj pani ki irrigation system chahiye mere area me,Agriculture,Irrigation Service
mere area me doctor chahiye please,Health & Wellness,Doctor
mere area me personal trainer chahiye,Health & Wellness,Fitness Trainer
mere area me pest control chahiye koi hai kya,Daily Needs,Pest Control
bhai farm equipment mechanic chahiye help chahiye,Agriculture,Farm Equipment Repair
mere area me fan repair karwana hai chahiye,Home Services,Electrician
mere ghar me tax filing ke liye CA chahiye aaj,Business Services,CA
gaadi ko tow karke le jana hai aaj,Vehicle Services,Towing Service
mere area me car tyre puncture ho gaya help chahiye,Vehicle Services,Tyre Puncture
aaj RO ka pani nahi aa raha nearby,Home Services,RO / Water Purifier Service
jaldi home tutor chahiye please,Education,Home Tutor
jaldi lawyer chahiye urgently,Business Services,Lawyer
towing truck chahiye help chahiye,Vehicle Services,Towing Service
jaldi irrigation service chahiye jaldi,Agriculture,Irrigation Service
gaadi ko tow karke le jana hai help chahiye,Vehicle Services,Towing Service
mujhe bike battery kharab hai urgently,Vehicle Services,Battery Service
please bike start nahi ho rahi koi hai kya,Vehicle Services,Bike Repair
nearby function organise karwana hai please,Local Professionals,Event Planner
mere area me fridge thanda nahi kar raha please,Home Services,Appliance Repair
please ghar ki safai karwani hai urgently,Daily Needs,House Cleaning
aaj home tutor chahiye jaldi,Education,Home Tutor
aaj termite treatment chahiye nearby,Daily Needs,Pest Control
jaldi farm machine repair karwani hai help chahiye,Agriculture,Farm Equipment Repair
urgent personal trainer chahiye koi hai kya,Health & Wellness,Fitness Trainer
nearby coaching join karni hai urgently,Education,Coaching Institute
bhai bike repair karwani hai please,Vehicle Services,Bike Repair
mere ghar me khet me irrigation karwani hai aaj,Agriculture,Irrigation Service
aaj darwaza repair karwana hai help chahiye,Home Services,Carpenter
mujhe ghar par teacher chahiye chahiye,Education,Home Tutor
jaldi tractor repair karwana hai koi hai kya,Agriculture,Tractor Repair
please bike wash karwani hai chahiye,Vehicle Services,Vehicle Washing
bhai social media marketing chahiye koi hai kya,Business Services,Digital Marketing
nearby RO kharab hai jaldi,Home Services,RO / Water Purifier Service
towing truck chahiye jaldi,Vehicle Services,Towing Service
aaj event planner chahiye koi hai kya,Local Professionals,Event Planner
mere ghar me online teacher chahiye help chahiye,Education,Online Tutor
mere area me poster design karwana hai mere area me,Business Services,Graphic Designer
physiotherapy karwani hai help chahiye,Health & Wellness,Physiotherapist
nearby physiotherapy karwani hai nearby,Health & Wellness,Physiotherapist
nearby physiotherapist chahiye jaldi,Health & Wellness,Physiotherapist
bhai CCTV camera lagwana hai jaldi,Home Services,CCTV Installation
mere ghar me house cleaning chahiye nearby,Daily Needs,House Cleaning
urgent online classes chahiye help chahiye,Education,Online Tutor
exam coaching chahiye nearby,Education,Coaching Institute
mujhe gym trainer chahiye koi hai kya,Health & Wellness,Fitness Trainer
mere ghar me gaadi ko tow karke le jana hai aaj,Vehicle Services,Towing Service
mere ghar me air conditioner kharab hai koi hai kya,Home Services,AC Repair & Service
bhai pani ki irrigation system chahiye jaldi,Agriculture,Irrigation Service
bhai khet me irrigation karwani hai aaj,Agriculture,Irrigation Service
bhai kapde laundry ke liye dene hain,Daily Needs,Laundry
aaj puncture wala chahiye nearby,Vehicle Services,Tyre Puncture
mere ghar me khet me irrigation karwani hai chahiye,Agriculture,Irrigation Service
mere ghar me kapde laundry ke liye dene hain,Daily Needs,Laundry
please car repair karwani hai aaj,Vehicle Services,Car Repair
mere ghar me towing truck chahiye mere area me,Vehicle Services,Towing Service
mujhe car raste me band ho gayi please,Vehicle Services,Car Repair
please ghar par teacher chahiye please,Education,Home Tutor
aaj ghar ki safai karwani hai mere area me,Daily Needs,House Cleaning
bhai car tyre puncture ho gaya help chahiye,Vehicle Services,Tyre Puncture
mere ghar me gym trainer chahiye mere area me,Health & Wellness,Fitness Trainer
mere area me CA chahiye urgently,Business Services,CA
nearby tractor kharab ho gaya koi hai kya,Agriculture,Tractor Repair
nearby event planner chahiye jaldi,Local Professionals,Event Planner
bhai pest control chahiye urgently,Daily Needs,Pest Control
I need a photographer chahiye,Local Professionals,Photographer
mujhe home appliance repair chahiye aaj,Home Services,Appliance Repair
urgent ghar ka interior design karwana hai koi hai kya,Local Professionals,Interior Designer
urgent digital marketing service chahiye jaldi,Business Services,Digital Marketing
mere area me ghar ka interior design karwana hai jaldi,Local Professionals,Interior Designer
mujhe car mechanic chahiye mere area me,Vehicle Services,Car Repair
urgent doctor chahiye koi hai kya,Health & Wellness,Doctor
aaj RO ka pani nahi aa raha please,Home Services,RO / Water Purifier Service
please ghar me CCTV lagana hai,Home Services,CCTV Installation
urgent home tutor chahiye urgently,Education,Home Tutor
please battery service chahiye aaj,Vehicle Services,Battery Service
jaldi termite treatment chahiye koi hai kya,Daily Needs,Pest Control
nearby bike start nahi ho rahi koi hai kya,Vehicle Services,Bike Repair
nearby khet me irrigation karwani hai chahiye,Agriculture,Irrigation Service
jaldi security camera install karwana hai chahiye,Home Services,CCTV Installation
aaj event planner chahiye urgently,Local Professionals,Event Planner
mere area me home tutor chahiye koi hai kya,Education,Home Tutor
jaldi CA chahiye jaldi,Business Services,CA
nearby graphic designer chahiye aaj,Business Services,Graphic Designer
online teacher chahiye aaj,Education,Online Tutor
please website banwani hai nearby,Business Services,Web Developer
urgent AC repair karwana hai urgently,Home Services,AC Repair & Service
mere ghar me tractor mechanic chahiye koi hai kya,Agriculture,Tractor Repair
please ghar me cockroach bahut hain aaj,Daily Needs,Pest Control
aaj kapde laundry ke liye dene hain jaldi,Daily Needs,Laundry
nearby irrigation service chahiye koi hai kya,Agriculture,Irrigation Service
urgent home appliance repair chahiye aaj,Home Services,Appliance Repair
urgent car wash karwani hai koi hai kya,Vehicle Services,Vehicle Washing
please gaadi ko tow karke le jana hai koi hai kya,Vehicle Services,Towing Service
jaldi tractor repair karwana hai mere area me,Agriculture,Tractor Repair
please CA chahiye urgently,Business Services,CA
mujhe physiotherapist chahiye help chahiye,Health & Wellness,Physiotherapist
bhai darwaza repair karwana hai jaldi,Home Services,Carpenter
bhai event planner chahiye urgently,Local Professionals,Event Planner
nearby bachche ke liye tutor chahiye mere area me,Education,Home Tutor
aaj bachche ke liye tutor chahiye urgently,Education,Home Tutor
I need a photographer jaldi,Local Professionals,Photographer
bhai towing truck chahiye help chahiye,Vehicle Services,Towing Service
mere ghar me room interior karwana hai jaldi,Local Professionals,Interior Designer
bachche ke liye tutor chahiye,Education,Home Tutor
aaj farm machine repair karwani hai help chahiye,Agriculture,Farm Equipment Repair
jaldi bike repair karwani hai jaldi,Vehicle Services,Bike Repair
jaldi AC repair karwana hai mere area me,Home Services,AC Repair & Service
jaldi pest control chahiye chahiye,Daily Needs,Pest Control
mere ghar me irrigation service chahiye help chahiye,Agriculture,Irrigation Service
mere ghar me farm machine repair karwani hai help chahiye,Agriculture,Farm Equipment Repair
aaj online tutor chahiye chahiye,Education,Online Tutor
photographer chahiye please,Local Professionals,Photographer
please room interior karwana hai urgently,Local Professionals,Interior Designer
mere ghar me ghar ki safai karwani hai nearby,Daily Needs,House Cleaning
mere ghar me pest control chahiye help chahiye,Daily Needs,Pest Control
jaldi exam coaching chahiye jaldi,Education,Coaching Institute
ghar ki safai karwani hai chahiye,Daily Needs,House Cleaning
bhai exam coaching chahiye please,Education,Coaching Institute
please AC thanda nahi kar raha urgently,Home Services,AC Repair & Service
nearby ghar ki light kharab hai jaldi,Home Services,Electrician
please business promotion karwana hai chahiye,Business Services,Digital Marketing
urgent coaching join karni hai urgently,Education,Coaching Institute
jaldi ghar me cockroach bahut hain,Daily Needs,Pest Control
please online classes chahiye urgently,Education,Online Tutor
aaj back pain ke liye physiotherapist chahiye please,Health & Wellness,Physiotherapist
please agriculture machine kharab hai help chahiye,Agriculture,Farm Equipment Repair
please bed repair karwana hai help chahiye,Home Services,Carpenter
mere ghar me wall paint karwani hai jaldi,Home Services,Painter
gym trainer chahiye chahiye,Health & Wellness,Fitness Trainer
aaj bike start nahi ho rahi,Vehicle Services,Bike Repair
mujhe home cleaning service chahiye mere area me,Daily Needs,House Cleaning
irrigation service chahiye,Agriculture,Irrigation Service
urgent home cleaning service chahiye urgently,Daily Needs,House Cleaning
please clothes washing service chahiye please,Daily Needs,Laundry
urgent car battery dead hai aaj,Vehicle Services,Battery Service
jaldi back pain ke liye physiotherapist chahiye aaj,Health & Wellness,Physiotherapist
mere ghar me towing truck chahiye help chahiye,Vehicle Services,Towing Service
aaj house cleaning chahiye aaj,Daily Needs,House Cleaning
nearby bike battery kharab hai urgently,Vehicle Services,Battery Service
AC thanda nahi kar raha chahiye,Home Services,AC Repair & Service
nearby I need a photographer koi hai kya,Local Professionals,Photographer
poster design karwana hai,Business Services,Graphic Designer
urgent tractor kharab ho gaya nearby,Agriculture,Tractor Repair
jaldi personal trainer chahiye nearby,Health & Wellness,Fitness Trainer
urgent pipe leak ho raha hai chahiye,Home Services,Plumber
please khet me irrigation karwani hai help chahiye,Agriculture,Irrigation Service
darwaza repair karwana hai please,Home Services,Carpenter
jaldi doctor se consult karna hai chahiye,Health & Wellness,Doctor
mere ghar me event planner chahiye,Local Professionals,Event Planner
mujhe bike repair karwani hai mere area me,Vehicle Services,Bike Repair
mujhe doctor appointment chahiye jaldi,Health & Wellness,Doctor
nearby clothes washing service chahiye aaj,Daily Needs,Laundry
mujhe farm equipment mechanic chahiye urgently,Agriculture,Farm Equipment Repair
bhai pani ki irrigation system chahiye mere area me,Agriculture,Irrigation Service
mere ghar me digital marketing service chahiye,Business Services,Digital Marketing
nearby clothes washing service chahiye please,Daily Needs,Laundry
urgent bike repair karwani hai chahiye,Vehicle Services,Bike Repair
please kapde laundry ke liye dene hain urgently,Daily Needs,Laundry
bhai car start nahi ho rahi please,Vehicle Services,Car Repair
mere ghar me towing truck chahiye aaj,Vehicle Services,Towing Service
mujhe ghar paint karwana hai chahiye,Home Services,Painter
please car start nahi ho rahi aaj,Vehicle Services,Car Repair
urgent air conditioner kharab hai,Home Services,AC Repair & Service
urgent poster design karwana hai aaj,Business Services,Graphic Designer
mere area me tax filing ke liye CA chahiye aaj,Business Services,CA
nearby car tyre puncture ho gaya aaj,Vehicle Services,Tyre Puncture
please logo design karwana hai koi hai kya,Business Services,Graphic Designer
aaj battery service chahiye,Vehicle Services,Battery Service
please coaching join karni hai,Education,Coaching Institute
mere ghar me CA chahiye,Business Services,CA
urgent tractor repair karwana hai,Agriculture,Tractor Repair
bike tyre puncture hai nearby,Vehicle Services,Tyre Puncture
bhai bachche ke liye tutor chahiye aaj,Education,Home Tutor
mujhe bachche ke liye tutor chahiye jaldi,Education,Home Tutor
mere ghar me doctor se consult karna hai urgently,Health & Wellness,Doctor
nearby termite treatment chahiye,Daily Needs,Pest Control
mere ghar me bike start nahi ho rahi urgently,Vehicle Services,Bike Repair
bhai ghar ki light kharab hai mere area me,Home Services,Electrician
website banwani hai aaj,Business Services,Web Developer
mujhe ghar ka interior design karwana hai please,Local Professionals,Interior Designer
mujhe termite treatment chahiye aaj,Daily Needs,Pest Control
mere area me room interior karwana hai,Local Professionals,Interior Designer
mere area me business website chahiye urgently,Business Services,Web Developer
mujhe photographer chahiye urgently,Local Professionals,Photographer
urgent farm equipment mechanic chahiye nearby,Agriculture,Farm Equipment Repair
mere ghar me car start nahi ho rahi nearby,Vehicle Services,Car Repair
farm machine repair karwani hai help chahiye,Agriculture,Farm Equipment Repair
please lawyer chahiye jaldi,Business Services,Lawyer
bhai tractor repair karwana hai aaj,Agriculture,Tractor Repair
mujhe khet me irrigation karwani hai help chahiye,Agriculture,Irrigation Service
mere ghar me farm machine repair karwani hai urgently,Agriculture,Farm Equipment Repair
mere ghar me exam coaching chahiye,Education,Coaching Institute
jaldi bike battery kharab hai chahiye,Vehicle Services,Battery Service
nearby agriculture machine kharab hai help chahiye,Agriculture,Farm Equipment Repair
please lawyer chahiye help chahiye,Business Services,Lawyer
tractor mechanic chahiye urgently,Agriculture,Tractor Repair
please house cleaning chahiye,Daily Needs,House Cleaning
mere area me birthday party planner chahiye mere area me,Local Professionals,Event Planner
mujhe car battery dead hai urgently,Vehicle Services,Battery Service
bhai tax filing ke liye CA chahiye aaj,Business Services,CA
mere area me I need a photographer jaldi,Local Professionals,Photographer
bhai legal help chahiye chahiye,Business Services,Lawyer
aaj I need a photographer please,Local Professionals,Photographer
mere area me ghar me CCTV lagana hai urgently,Home Services,CCTV Installation
aaj website banwani hai aaj,Business Services,Web Developer
nearby event planner chahiye chahiye,Local Professionals,Event Planner
jaldi online tutor chahiye urgently,Education,Online Tutor
aaj personal trainer chahiye please,Health & Wellness,Fitness Trainer
aaj logo design karwana hai please,Business Services,Graphic Designer
mere ghar me bachche ke liye tutor chahiye nearby,Education,Home Tutor
bhai online teacher chahiye urgently,Education,Online Tutor
nearby tractor kharab ho gaya,Agriculture,Tractor Repair
logo design karwana hai,Business Services,Graphic Designer
jaldi tractor mechanic chahiye mere area me,Agriculture,Tractor Repair
nearby ghar ki safai karwani hai please,Daily Needs,House Cleaning
back pain ke liye physiotherapist chahiye chahiye,Health & Wellness,Physiotherapist
nearby I need a photographer,Local Professionals,Photographer
urgent ghar ki light kharab hai chahiye,Home Services,Electrician
aaj termite treatment chahiye help chahiye,Daily Needs,Pest Control
mere area me security camera install karwana hai,Home Services,CCTV Installation
nearby interior designer chahiye,Local Professionals,Interior Designer
mere ghar me termite treatment chahiye urgently,Daily Needs,Pest Control
nearby khet me irrigation karwani hai please,Agriculture,Irrigation Service
bhai tax filing ke liye CA chahiye urgently,Business Services,CA
bhai farm machine repair karwani hai chahiye,Agriculture,Farm Equipment Repair
nearby doctor se consult karna hai,Health & Wellness,Doctor
jaldi business promotion karwana hai jaldi,Business Services,Digital Marketing
pest control chahiye nearby,Daily Needs,Pest Control
bhai clothes washing service chahiye aaj,Daily Needs,Laundry
nearby ghar par teacher chahiye help chahiye,Education,Home Tutor
mere area me physiotherapist chahiye,Health & Wellness,Physiotherapist
mere ghar me bike repair karwani hai,Vehicle Services,Bike Repair
mujhe physiotherapy karwani hai chahiye,Health & Wellness,Physiotherapist
mere ghar me lawyer chahiye please,Business Services,Lawyer
nearby ghar me cockroach bahut hain please,Daily Needs,Pest Control
bike wash karwani hai chahiye,Vehicle Services,Vehicle Washing
jaldi plumber chahiye urgently,Home Services,Plumber
tax filing ke liye CA chahiye aaj,Business Services,CA
nearby bachche ke liye tutor chahiye urgently,Education,Home Tutor
logo design karwana hai nearby,Business Services,Graphic Designer
mujhe clothes washing service chahiye mere area me,Daily Needs,Laundry
mere area me AC repair karwana hai please,Home Services,AC Repair & Service
mere area me photographer chahiye jaldi,Local Professionals,Photographer
urgent bike repair karwani hai please,Vehicle Services,Bike Repair
jaldi event planner chahiye,Local Professionals,Event Planner
bhai car wash karwani hai koi hai kya,Vehicle Services,Vehicle Washing
mere area me RO service chahiye nearby,Home Services,RO / Water Purifier Service
mere ghar me chartered accountant chahiye,Business Services,CA
nearby room interior karwana hai help chahiye,Local Professionals,Interior Designer
please doctor chahiye mere area me,Health & Wellness,Doctor
nearby bike battery kharab hai please,Vehicle Services,Battery Service
nearby advocate chahiye koi hai kya,Business Services,Lawyer
nearby battery service chahiye koi hai kya,Vehicle Services,Battery Service
jaldi towing truck chahiye chahiye,Vehicle Services,Towing Service
mujhe AC repair karwana hai nearby,Home Services,AC Repair & Service
jaldi doctor appointment chahiye aaj,Health & Wellness,Doctor
urgent tractor repair karwana hai please,Agriculture,Tractor Repair
nearby exam coaching chahiye nearby,Education,Coaching Institute
bhai ghar ki safai karwani hai nearby,Daily Needs,House Cleaning
nearby vehicle cleaning chahiye aaj,Vehicle Services,Vehicle Washing
mere area me kapde laundry ke liye dene hain nearby,Daily Needs,Laundry
mujhe RO ka pani nahi aa raha koi hai kya,Home Services,RO / Water Purifier Service
nearby website banwani hai aaj,Business Services,Web Developer
mere ghar me pest control chahiye,Daily Needs,Pest Control
mere ghar me doctor chahiye aaj,Health & Wellness,Doctor
aaj home tutor chahiye,Education,Home Tutor
jaldi fitness trainer chahiye mere area me,Health & Wellness,Fitness Trainer
urgent house cleaning chahiye aaj,Daily Needs,House Cleaning
jaldi nal leak kar raha hai help chahiye,Home Services,Plumber
urgent doctor appointment chahiye help chahiye,Health & Wellness,Doctor
aaj AC service chahiye mere area me,Home Services,AC Repair & Service
mere ghar me ghar ka interior design karwana hai mere area me,Local Professionals,Interior Designer
aaj ghar par teacher chahiye jaldi,Education,Home Tutor
nearby doctor chahiye,Health & Wellness,Doctor
bhai pani ki irrigation system chahiye help chahiye,Agriculture,Irrigation Service
mujhe switch kaam nahi kar raha chahiye,Home Services,Electrician
jaldi business promotion karwana hai help chahiye,Business Services,Digital Marketing
ghar me cockroach bahut hain urgently,Daily Needs,Pest Control
mujhe coaching institute chahiye please,Education,Coaching Institute
function organise karwana hai mere area me,Local Professionals,Event Planner
mere area me event planner chahiye koi hai kya,Local Professionals,Event Planner
please plumber chahiye,Home Services,Plumber
please personal trainer chahiye mere area me,Health & Wellness,Fitness Trainer
bhai pest control chahiye koi hai kya,Daily Needs,Pest Control
bhai house cleaning chahiye urgently,Daily Needs,House Cleaning
urgent online tutor chahiye chahiye,Education,Online Tutor
mere area me tractor mechanic chahiye mere area me,Agriculture,Tractor Repair
mujhe car mechanic chahiye aaj,Vehicle Services,Car Repair
please doctor se consult karna hai please,Health & Wellness,Doctor
nearby personal trainer chahiye help chahiye,Health & Wellness,Fitness Trainer
bhai ghar ka interior design karwana hai chahiye,Local Professionals,Interior Designer
mere area me farm equipment mechanic chahiye help chahiye,Agriculture,Farm Equipment Repair
aaj car raste me band ho gayi chahiye,Vehicle Services,Car Repair
bhai doctor appointment chahiye chahiye,Health & Wellness,Doctor
aaj online tutor chahiye nearby,Education,Online Tutor
exam coaching chahiye,Education,Coaching Institute
fan repair karwana hai jaldi,Home Services,Electrician
urgent online classes chahiye please,Education,Online Tutor
please room interior karwana hai mere area me,Local Professionals,Interior Designer
mere ghar me physiotherapist chahiye urgently,Health & Wellness,Physiotherapist
mere ghar me wedding photographer chahiye urgently,Local Professionals,Photographer
mujhe carpenter chahiye please,Home Services,Carpenter
mere ghar me bike battery kharab hai chahiye,Vehicle Services,Battery Service
online tutor chahiye aaj,Education,Online Tutor
bhai house cleaning chahiye mere area me,Daily Needs,House Cleaning
nearby RO ka pani nahi aa raha help chahiye,Home Services,RO / Water Purifier Service
nearby website banwani hai,Business Services,Web Developer
mere ghar me online tutor chahiye help chahiye,Education,Online Tutor
mere area me ghar me CCTV lagana hai,Home Services,CCTV Installation
urgent chartered accountant chahiye koi hai kya,Business Services,CA
mere area me darwaza repair karwana hai nearby,Home Services,Carpenter
bhai gym trainer chahiye nearby,Health & Wellness,Fitness Trainer
please back pain ke liye physiotherapist chahiye koi hai kya,Health & Wellness,Physiotherapist
mujhe social media marketing chahiye jaldi,Business Services,Digital Marketing
nearby wall paint karwani hai help chahiye,Home Services,Painter
urgent pani ki irrigation system chahiye jaldi,Agriculture,Irrigation Service
bhai AC service chahiye aaj,Home Services,AC Repair & Service
nearby car tyre puncture ho gaya please,Vehicle Services,Tyre Puncture
mere area me gym trainer chahiye jaldi,Health & Wellness,Fitness Trainer
bhai car wash karwani hai chahiye,Vehicle Services,Vehicle Washing
please home cleaning service chahiye nearby,Daily Needs,House Cleaning
mere area me ghar par teacher chahiye nearby,Education,Home Tutor
bhai I need a photographer,Local Professionals,Photographer
please car wash karwani hai urgently,Vehicle Services,Vehicle Washing
car raste me band ho gayi help chahiye,Vehicle Services,Car Repair
fridge repair karwana hai please,Home Services,Appliance Repair
pani ki pipe repair karwani hai chahiye,Home Services,Plumber
jaldi agriculture machine kharab hai help chahiye,Agriculture,Farm Equipment Repair
mere ghar me battery service chahiye nearby,Vehicle Services,Battery Service
urgent exam coaching chahiye jaldi,Education,Coaching Institute
urgent clothes washing service chahiye chahiye,Daily Needs,Laundry
nearby bijli ka problem hai aaj,Home Services,Electrician
mere ghar me switch kaam nahi kar raha aaj,Home Services,Electrician
mere area me bike engine me problem hai urgently,Vehicle Services,Bike Repair
bhai RO service chahiye koi hai kya,Home Services,RO / Water Purifier Service
nearby tractor kharab ho gaya please,Agriculture,Tractor Repair
mujhe bike start nahi ho rahi mere area me,Vehicle Services,Bike Repair
mere area me CCTV camera lagwana hai mere area me,Home Services,CCTV Installation
mere ghar me pest control chahiye nearby,Daily Needs,Pest Control
aaj fitness trainer chahiye aaj,Health & Wellness,Fitness Trainer
urgent towing truck chahiye mere area me,Vehicle Services,Towing Service
mere area me furniture repair karwana hai,Home Services,Carpenter
bhai CA chahiye help chahiye,Business Services,CA
mujhe car tyre puncture ho gaya aaj,Vehicle Services,Tyre Puncture
nearby ghar ka interior design karwana hai help chahiye,Local Professionals,Interior Designer
nearby online teacher chahiye urgently,Education,Online Tutor
nearby car tyre puncture ho gaya help chahiye,Vehicle Services,Tyre Puncture
pest control chahiye mere area me,Daily Needs,Pest Control
mere area me home cleaning service chahiye chahiye,Daily Needs,House Cleaning
bhai coaching join karni hai urgently,Education,Coaching Institute
please house cleaning chahiye urgently,Daily Needs,House Cleaning
clothes washing service chahiye urgently,Daily Needs,Laundry
aaj termite treatment chahiye,Daily Needs,Pest Control
bhai wedding photographer chahiye,Local Professionals,Photographer
please CCTV camera lagwana hai nearby,Home Services,CCTV Installation
urgent doctor appointment chahiye please,Health & Wellness,Doctor
urgent ghar par teacher chahiye chahiye,Education,Home Tutor
urgent function organise karwana hai aaj,Local Professionals,Event Planner
please vehicle cleaning chahiye nearby,Vehicle Services,Vehicle Washing
aaj electrician chahiye nearby,Home Services,Electrician
urgent ghar me cockroach bahut hain mere area me,Daily Needs,Pest Control
please fan repair karwana hai koi hai kya,Home Services,Electrician
aaj ghar ka interior design karwana hai help chahiye,Local Professionals,Interior Designer
urgent agriculture machine kharab hai chahiye,Agriculture,Farm Equipment Repair
mere ghar me CA chahiye please,Business Services,CA
please lawyer chahiye mere area me,Business Services,Lawyer
mere ghar me physiotherapy karwani hai mere area me,Health & Wellness,Physiotherapist
bhai home cleaning service chahiye koi hai kya,Daily Needs,House Cleaning
business website chahiye jaldi,Business Services,Web Developer
carpenter chahiye chahiye,Home Services,Carpenter
jaldi physiotherapist chahiye please,Health & Wellness,Physiotherapist
please farm machine repair karwani hai,Agriculture,Farm Equipment Repair
mujhe personal trainer chahiye mere area me,Health & Wellness,Fitness Trainer
mujhe business promotion karwana hai urgently,Business Services,Digital Marketing
mujhe pest control chahiye help chahiye,Daily Needs,Pest Control
nearby pani ki irrigation system chahiye chahiye,Agriculture,Irrigation Service
mujhe bike tyre puncture hai mere area me,Vehicle Services,Tyre Puncture
bhai social media marketing chahiye help chahiye,Business Services,Digital Marketing
mujhe gym trainer chahiye help chahiye,Health & Wellness,Fitness Trainer
mere ghar me gaadi ko tow karke le jana hai,Vehicle Services,Towing Service
nearby chartered accountant chahiye urgently,Business Services,CA
nearby web developer chahiye aaj,Business Services,Web Developer
jaldi legal help chahiye urgently,Business Services,Lawyer
ghar par teacher chahiye,Education,Home Tutor
mere ghar me wall paint karwani hai koi hai kya,Home Services,Painter
mere ghar me website banwani hai koi hai kya,Business Services,Web Developer
aaj bike engine me problem hai please,Vehicle Services,Bike Repair
urgent clothes washing service chahiye nearby,Daily Needs,Laundry
mere ghar me doctor se consult karna hai chahiye,Health & Wellness,Doctor
aaj bed repair karwana hai mere area me,Home Services,Carpenter
urgent puncture wala chahiye mere area me,Vehicle Services,Tyre Puncture
mere ghar me car repair karwani hai mere area me,Vehicle Services,Car Repair
CA chahiye help chahiye,Business Services,CA
nearby irrigation service chahiye help chahiye,Agriculture,Irrigation Service
mere area me AC service chahiye koi hai kya,Home Services,AC Repair & Service
mere area me bachche ke liye tutor chahiye aaj,Education,Home Tutor
bhai doctor chahiye nearby,Health & Wellness,Doctor
mere ghar me business promotion karwana hai please,Business Services,Digital Marketing
mere area me I need a photographer nearby,Local Professionals,Photographer
mujhe function organise karwana hai urgently,Local Professionals,Event Planner
mujhe tractor repair karwana hai help chahiye,Agriculture,Tractor Repair
mere ghar me exam coaching chahiye chahiye,Education,Coaching Institute
mujhe car battery dead hai help chahiye,Vehicle Services,Battery Service
mere area me khet me irrigation karwani hai aaj,Agriculture,Irrigation Service
mere ghar me function organise karwana hai chahiye,Local Professionals,Event Planner
nearby ghar me cockroach bahut hain koi hai kya,Daily Needs,Pest Control
mere ghar me wedding photographer chahiye chahiye,Local Professionals,Photographer
jaldi car battery dead hai urgently,Vehicle Services,Battery Service
jaldi CA chahiye koi hai kya,Business Services,CA
mujhe room paint karwana hai please,Home Services,Painter
please agriculture machine kharab hai urgently,Agriculture,Farm Equipment Repair
aaj interior designer chahiye aaj,Local Professionals,Interior Designer
aaj gym trainer chahiye urgently,Health & Wellness,Fitness Trainer
mujhe bike wash karwani hai mere area me,Vehicle Services,Vehicle Washing
mere area me tax filing ke liye CA chahiye jaldi,Business Services,CA
urgent termite treatment chahiye jaldi,Daily Needs,Pest Control
nearby fan repair karwana hai mere area me,Home Services,Electrician
mere ghar me pipe leak ho raha hai mere area me,Home Services,Plumber
jaldi washing machine kharab hai help chahiye,Home Services,Appliance Repair
clothes washing service chahiye,Daily Needs,Laundry
mere area me laundry service chahiye jaldi,Daily Needs,Laundry
please bachche ke liye tutor chahiye nearby,Education,Home Tutor
mere area me doctor appointment chahiye please,Health & Wellness,Doctor
urgent laundry service chahiye koi hai kya,Daily Needs,Laundry
please home appliance repair chahiye jaldi,Home Services,Appliance Repair
aaj ghar par teacher chahiye help chahiye,Education,Home Tutor
jaldi event planner chahiye mere area me,Local Professionals,Event Planner
coaching join karni hai mere area me,Education,Coaching Institute
mere area me business promotion karwana hai aaj,Business Services,Digital Marketing
mere ghar me ghar ki safai karwani hai urgently,Daily Needs,House Cleaning
nearby ghar paint karwana hai mere area me,Home Services,Painter
mere ghar me bike wash karwani hai jaldi,Vehicle Services,Vehicle Washing
jaldi khet me irrigation karwani hai please,Agriculture,Irrigation Service
mujhe poster design karwana hai chahiye,Business Services,Graphic Designer
urgent wedding photographer chahiye please,Local Professionals,Photographer
nearby doctor appointment chahiye help chahiye,Health & Wellness,Doctor
mujhe I need a photographer urgently,Local Professionals,Photographer
please electrician chahiye urgently,Home Services,Electrician
legal help chahiye urgently,Business Services,Lawyer
please bachche ke liye tutor chahiye aaj,Education,Home Tutor
furniture repair karwana hai please,Home Services,Carpenter
mere ghar me washing machine kharab hai help chahiye,Home Services,Appliance Repair
please ghar ki light kharab hai chahiye,Home Services,Electrician
please irrigation service chahiye,Agriculture,Irrigation Service
mere ghar me AC repair karwana hai urgently,Home Services,AC Repair & Service
nearby online classes chahiye aaj,Education,Online Tutor
mere ghar me farm machine repair karwani hai nearby,Agriculture,Farm Equipment Repair
mujhe graphic designer chahiye please,Business Services,Graphic Designer
mere area me agriculture machine kharab hai aaj,Agriculture,Farm Equipment Repair
aaj photographer chahiye aaj,Local Professionals,Photographer
urgent bike repair karwani hai aaj,Vehicle Services,Bike Repair
urgent puncture wala chahiye koi hai kya,Vehicle Services,Tyre Puncture
aaj car battery dead hai jaldi,Vehicle Services,Battery Service
mujhe online teacher chahiye please,Education,Online Tutor
mere ghar me CCTV camera lagwana hai koi hai kya,Home Services,CCTV Installation
jaldi interior designer chahiye koi hai kya,Local Professionals,Interior Designer
urgent clothes washing service chahiye aaj,Daily Needs,Laundry
mere area me farm machine repair karwani hai chahiye,Agriculture,Farm Equipment Repair
jaldi coaching join karni hai nearby,Education,Coaching Institute
mujhe birthday party planner chahiye help chahiye,Local Professionals,Event Planner
nearby carpenter chahiye please,Home Services,Carpenter
aaj wedding photographer chahiye chahiye,Local Professionals,Photographer
bhai laundry service chahiye help chahiye,Daily Needs,Laundry
aaj plumber chahiye mere area me,Home Services,Plumber
mere ghar me function organise karwana hai koi hai kya,Local Professionals,Event Planner
mere ghar me CCTV camera lagwana hai nearby,Home Services,CCTV Installation
mujhe electrician chahiye jaldi,Home Services,Electrician
RO service chahiye mere area me,Home Services,RO / Water Purifier Service
doctor chahiye jaldi,Health & Wellness,Doctor
nearby puncture wala chahiye nearby,Vehicle Services,Tyre Puncture
bhai washing machine kharab hai urgently,Home Services,Appliance Repair
bhai ghar ka interior design karwana hai urgently,Local Professionals,Interior Designer
please CA chahiye nearby,Business Services,CA
nearby room paint karwana hai mere area me,Home Services,Painter
jaldi room interior karwana hai chahiye,Local Professionals,Interior Designer
nearby car raste me band ho gayi help chahiye,Vehicle Services,Car Repair
mujhe bike repair karwani hai koi hai kya,Vehicle Services,Bike Repair
aaj pani ki irrigation system chahiye aaj,Agriculture,Irrigation Service
bhai towing truck chahiye mere area me,Vehicle Services,Towing Service
mere area me physiotherapy karwani hai help chahiye,Health & Wellness,Physiotherapist
bhai legal help chahiye koi hai kya,Business Services,Lawyer
mujhe tractor repair karwana hai,Agriculture,Tractor Repair
website banwani hai help chahiye,Business Services,Web Developer
aaj AC repair karwana hai jaldi,Home Services,AC Repair & Service
jaldi bike tyre puncture hai mere area me,Vehicle Services,Tyre Puncture
urgent termite treatment chahiye mere area me,Daily Needs,Pest Control
please ghar me cockroach bahut hain jaldi,Daily Needs,Pest Control
mere ghar me water purifier repair karwana hai koi hai kya,Home Services,RO / Water Purifier Service
bhai interior designer chahiye help chahiye,Local Professionals,Interior Designer
mere area me RO kharab hai help chahiye,Home Services,RO / Water Purifier Service
mujhe home appliance repair chahiye help chahiye,Home Services,Appliance Repair
mere ghar me car battery dead hai aaj,Vehicle Services,Battery Service
mujhe farm machine repair karwani hai jaldi,Agriculture,Farm Equipment Repair
mere ghar me logo design karwana hai nearby,Business Services,Graphic Designer
aaj fridge thanda nahi kar raha help chahiye,Home Services,Appliance Repair
bhai physiotherapist chahiye chahiye,Health & Wellness,Physiotherapist
mere ghar me website banwani hai,Business Services,Web Developer
nearby kapde laundry ke liye dene hain koi hai kya,Daily Needs,Laundry
mujhe agriculture machine kharab hai chahiye,Agriculture,Farm Equipment Repair
bhai home cleaning service chahiye urgently,Daily Needs,House Cleaning
jaldi gym trainer chahiye koi hai kya,Health & Wellness,Fitness Trainer
mere ghar me chartered accountant chahiye chahiye,Business Services,CA
nearby room interior karwana hai please,Local Professionals,Interior Designer
mujhe car wash karwani hai urgently,Vehicle Services,Vehicle Washing
urgent doctor se consult karna hai aaj,Health & Wellness,Doctor
please graphic designer chahiye please,Business Services,Graphic Designer
jaldi ghar me cockroach bahut hain jaldi,Daily Needs,Pest Control
nearby bachche ke liye tutor chahiye jaldi,Education,Home Tutor
please painter chahiye help chahiye,Home Services,Painter
jaldi logo design karwana hai chahiye,Business Services,Graphic Designer
bhai online tutor chahiye please,Education,Online Tutor
web developer chahiye nearby,Business Services,Web Developer
mujhe plumber chahiye help chahiye,Home Services,Plumber
mujhe tractor repair karwana hai aaj,Agriculture,Tractor Repair
aaj pani ki irrigation system chahiye nearby,Agriculture,Irrigation Service
mere ghar me termite treatment chahiye aaj,Daily Needs,Pest Control
urgent back pain ke liye physiotherapist chahiye aaj,Health & Wellness,Physiotherapist
mujhe room interior karwana hai aaj,Local Professionals,Interior Designer
please doctor se consult karna hai jaldi,Health & Wellness,Doctor
urgent I need a photographer jaldi,Local Professionals,Photographer
urgent legal help chahiye koi hai kya,Business Services,Lawyer
aaj function organise karwana hai chahiye,Local Professionals,Event Planner
bhai online classes chahiye koi hai kya,Education,Online Tutor
ghar ki safai karwani hai nearby,Daily Needs,House Cleaning
mere area me ghar me cockroach bahut hain help chahiye,Daily Needs,Pest Control
please personal trainer chahiye nearby,Health & Wellness,Fitness Trainer
mujhe web developer chahiye chahiye,Business Services,Web Developer
jaldi RO service chahiye mere area me,Home Services,RO / Water Purifier Service
coaching join karni hai please,Education,Coaching Institute
urgent coaching institute chahiye aaj,Education,Coaching Institute
wedding photographer chahiye koi hai kya,Local Professionals,Photographer
photographer chahiye koi hai kya,Local Professionals,Photographer
jaldi online teacher chahiye chahiye,Education,Online Tutor
mujhe birthday party planner chahiye please,Local Professionals,Event Planner
jaldi wedding photographer chahiye urgently,Local Professionals,Photographer
aaj house cleaning chahiye jaldi,Daily Needs,House Cleaning
jaldi doctor se consult karna hai nearby,Health & Wellness,Doctor
bhai social media marketing chahiye please,Business Services,Digital Marketing
mere ghar me bike tyre puncture hai urgently,Vehicle Services,Tyre Puncture
mere ghar me bike battery kharab hai nearby,Vehicle Services,Battery Service
nearby online teacher chahiye please,Education,Online Tutor
mujhe house cleaning chahiye jaldi,Daily Needs,House Cleaning
please physiotherapist chahiye aaj,Health & Wellness,Physiotherapist
mujhe home appliance repair chahiye nearby,Home Services,Appliance Repair
mere area me function organise karwana hai chahiye,Local Professionals,Event Planner
aaj ghar ki safai karwani hai urgently,Daily Needs,House Cleaning
nearby car tow karwani hai mere area me,Vehicle Services,Towing Service
mujhe chartered accountant chahiye koi hai kya,Business Services,CA
ghar me CCTV lagana hai jaldi,Home Services,CCTV Installation
bhai tractor mechanic chahiye please,Agriculture,Tractor Repair
bhai back pain ke liye physiotherapist chahiye chahiye,Health & Wellness,Physiotherapist
mere ghar me web developer chahiye mere area me,Business Services,Web Developer
khet me irrigation karwani hai mere area me,Agriculture,Irrigation Service
urgent social media marketing chahiye nearby,Business Services,Digital Marketing
aaj bike battery kharab hai urgently,Vehicle Services,Battery Service
jaldi ghar paint karwana hai mere area me,Home Services,Painter
mere ghar me coaching join karni hai koi hai kya,Education,Coaching Institute
house cleaning chahiye please,Daily Needs,House Cleaning
mere ghar me car tyre puncture ho gaya koi hai kya,Vehicle Services,Tyre Puncture
nearby bed repair karwana hai,Home Services,Carpenter
mere area me exam coaching chahiye please,Education,Coaching Institute
aaj vehicle cleaning chahiye,Vehicle Services,Vehicle Washing
please clothes washing service chahiye jaldi,Daily Needs,Laundry
bhai electrician chahiye aaj,Home Services,Electrician
aaj event planner chahiye,Local Professionals,Event Planner
painter chahiye jaldi,Home Services,Painter
mujhe social media marketing chahiye aaj,Business Services,Digital Marketing
mere area me ghar ki safai karwani hai aaj,Daily Needs,House Cleaning
mujhe clothes washing service chahiye jaldi,Daily Needs,Laundry
mujhe ghar me cockroach bahut hain urgently,Daily Needs,Pest Control
please online tutor chahiye help chahiye,Education,Online Tutor
mujhe pipe leak ho raha hai please,Home Services,Plumber
mere area me bike repair karwani hai jaldi,Vehicle Services,Bike Repair
mujhe advocate chahiye aaj,Business Services,Lawyer
please CCTV camera lagwana hai jaldi,Home Services,CCTV Installation
mere ghar me carpenter chahiye please,Home Services,Carpenter
please birthday party planner chahiye,Local Professionals,Event Planner
nearby online tutor chahiye mere area me,Education,Online Tutor
bachche ke liye tutor chahiye jaldi,Education,Home Tutor
mujhe RO service chahiye,Home Services,RO / Water Purifier Service
event planner chahiye help chahiye,Local Professionals,Event Planner
jaldi online tutor chahiye koi hai kya,Education,Online Tutor
nearby security camera install karwana hai koi hai kya,Home Services,CCTV Installation
please online classes chahiye please,Education,Online Tutor
bhai gaadi ko tow karke le jana hai nearby,Vehicle Services,Towing Service
nearby advocate chahiye aaj,Business Services,Lawyer
mujhe coaching institute chahiye,Education,Coaching Institute
bhai coaching join karni hai jaldi,Education,Coaching Institute
mere area me car mechanic chahiye chahiye,Vehicle Services,Car Repair
please bike battery kharab hai help chahiye,Vehicle Services,Battery Service
bike battery kharab hai jaldi,Vehicle Services,Battery Service
mere ghar me home tutor chahiye nearby,Education,Home Tutor
nearby agriculture machine kharab hai please,Agriculture,Farm Equipment Repair
please home cleaning service chahiye please,Daily Needs,House Cleaning
jaldi kapde laundry ke liye dene hain koi hai kya,Daily Needs,Laundry
mere area me doctor se consult karna hai urgently,Health & Wellness,Doctor
mujhe ghar ki safai karwani hai help chahiye,Daily Needs,House Cleaning
aaj AC thanda nahi kar raha jaldi,Home Services,AC Repair & Service
bhai I need a photographer help chahiye,Local Professionals,Photographer
mere ghar me ghar me cockroach bahut hain chahiye,Daily Needs,Pest Control
mere ghar me graphic designer chahiye please,Business Services,Graphic Designer
bhai fitness trainer chahiye mere area me,Health & Wellness,Fitness Trainer
business website chahiye koi hai kya,Business Services,Web Developer
bhai farm machine repair karwani hai urgently,Agriculture,Farm Equipment Repair
nearby legal help chahiye jaldi,Business Services,Lawyer
nearby bike battery kharab hai aaj,Vehicle Services,Battery Service
bhai event planner chahiye chahiye,Local Professionals,Event Planner
bhai coaching institute chahiye please,Education,Coaching Institute
battery service chahiye,Vehicle Services,Battery Service
aaj AC service chahiye chahiye,Home Services,AC Repair & Service
jaldi irrigation service chahiye urgently,Agriculture,Irrigation Service
mere ghar me room paint karwana hai help chahiye,Home Services,Painter
ghar me cockroach bahut hain aaj,Daily Needs,Pest Control
please car tyre puncture ho gaya mere area me,Vehicle Services,Tyre Puncture
jaldi pest control chahiye urgently,Daily Needs,Pest Control
legal help chahiye mere area me,Business Services,Lawyer
aaj agriculture machine kharab hai chahiye,Agriculture,Farm Equipment Repair
urgent room interior karwana hai chahiye,Local Professionals,Interior Designer
mujhe khet me irrigation karwani hai aaj,Agriculture,Irrigation Service
ghar par teacher chahiye koi hai kya,Education,Home Tutor
mujhe farm machine repair karwani hai,Agriculture,Farm Equipment Repair
nearby battery service chahiye nearby,Vehicle Services,Battery Service
jaldi online classes chahiye koi hai kya,Education,Online Tutor
mere ghar me business website chahiye nearby,Business Services,Web Developer
aaj bachche ke liye tutor chahiye aaj,Education,Home Tutor
mere ghar me bike battery kharab hai mere area me,Vehicle Services,Battery Service
please farm equipment mechanic chahiye mere area me,Agriculture,Farm Equipment Repair
wedding photographer chahiye please,Local Professionals,Photographer
bhai AC repair karwana hai nearby,Home Services,AC Repair & Service
urgent photographer chahiye,Local Professionals,Photographer
coaching join karni hai help chahiye,Education,Coaching Institute
jaldi ghar paint karwana hai help chahiye,Home Services,Painter
urgent pani ki pipe repair karwani hai aaj,Home Services,Plumber
mujhe AC service chahiye help chahiye,Home Services,AC Repair & Service
mere area me room interior karwana hai nearby,Local Professionals,Interior Designer
urgent room interior karwana hai aaj,Local Professionals,Interior Designer
mere area me pest control chahiye urgently,Daily Needs,Pest Control
mujhe ghar me cockroach bahut hain koi hai kya,Daily Needs,Pest Control
mere area me ghar paint karwana hai aaj,Home Services,Painter
physiotherapy karwani hai jaldi,Health & Wellness,Physiotherapist
mere area me bike start nahi ho rahi,Vehicle Services,Bike Repair
mere area me agriculture machine kharab hai chahiye,Agriculture,Farm Equipment Repair
mere ghar me interior designer chahiye urgently,Local Professionals,Interior Designer
mere ghar me AC repair karwana hai nearby,Home Services,AC Repair & Service
bhai tractor kharab ho gaya nearby,Agriculture,Tractor Repair
bhai web developer chahiye koi hai kya,Business Services,Web Developer
aaj pipe leak ho raha hai,Home Services,Plumber
urgent bachche ke liye tutor chahiye chahiye,Education,Home Tutor
mere area me puncture wala chahiye help chahiye,Vehicle Services,Tyre Puncture
please RO kharab hai mere area me,Home Services,RO / Water Purifier Service
mere ghar me coaching join karni hai mere area me,Education,Coaching Institute
jaldi doctor chahiye aaj,Health & Wellness,Doctor
mujhe bike repair karwani hai,Vehicle Services,Bike Repair
aaj car wash karwani hai help chahiye,Vehicle Services,Vehicle Washing
please ghar ki safai karwani hai help chahiye,Daily Needs,House Cleaning
mere area me termite treatment chahiye mere area me,Daily Needs,Pest Control
please farm equipment mechanic chahiye aaj,Agriculture,Farm Equipment Repair
mujhe agriculture machine kharab hai nearby,Agriculture,Farm Equipment Repair
mujhe vehicle cleaning chahiye koi hai kya,Vehicle Services,Vehicle Washing
aaj business promotion karwana hai nearby,Business Services,Digital Marketing
jaldi doctor chahiye koi hai kya,Health & Wellness,Doctor
mere area me ghar par teacher chahiye jaldi,Education,Home Tutor
farm equipment mechanic chahiye nearby,Agriculture,Farm Equipment Repair
nearby coaching join karni hai koi hai kya,Education,Coaching Institute
mere ghar me termite treatment chahiye please,Daily Needs,Pest Control
aaj business website chahiye urgently,Business Services,Web Developer
nearby vehicle cleaning chahiye chahiye,Vehicle Services,Vehicle Washing
jaldi khet me irrigation karwani hai jaldi,Agriculture,Irrigation Service
mujhe home cleaning service chahiye jaldi,Daily Needs,House Cleaning
urgent bike start nahi ho rahi please,Vehicle Services,Bike Repair
bhai farm equipment mechanic chahiye chahiye,Agriculture,Farm Equipment Repair
nearby agriculture machine kharab hai jaldi,Agriculture,Farm Equipment Repair
urgent business promotion karwana hai koi hai kya,Business Services,Digital Marketing
please fridge repair karwana hai,Home Services,Appliance Repair
jaldi bike engine me problem hai chahiye,Vehicle Services,Bike Repair
poster design karwana hai koi hai kya,Business Services,Graphic Designer
mere ghar me business promotion karwana hai koi hai kya,Business Services,Digital Marketing
bhai clothes washing service chahiye please,Daily Needs,Laundry
jaldi physiotherapy karwani hai urgently,Health & Wellness,Physiotherapist
bhai wedding photographer chahiye nearby,Local Professionals,Photographer
jaldi laundry service chahiye chahiye,Daily Needs,Laundry
mujhe doctor chahiye nearby,Health & Wellness,Doctor
mere ghar me pani ki irrigation system chahiye urgently,Agriculture,Irrigation Service
bhai online teacher chahiye,Education,Online Tutor
bhai wall paint karwani hai aaj,Home Services,Painter
jaldi pani ki pipe repair karwani hai please,Home Services,Plumber
jaldi room interior karwana hai nearby,Local Professionals,Interior Designer
jaldi ghar me cockroach bahut hain aaj,Daily Needs,Pest Control
mujhe farm machine repair karwani hai urgently,Agriculture,Farm Equipment Repair
aaj farm machine repair karwani hai urgently,Agriculture,Farm Equipment Repair
urgent ghar ki light kharab hai koi hai kya,Home Services,Electrician
mujhe water purifier repair karwana hai help chahiye,Home Services,RO / Water Purifier Service
nearby farm equipment mechanic chahiye chahiye,Agriculture,Farm Equipment Repair
aaj doctor appointment chahiye nearby,Health & Wellness,Doctor
bhai website banwani hai mere area me,Business Services,Web Developer
please home tutor chahiye urgently,Education,Home Tutor
bhai poster design karwana hai help chahiye,Business Services,Graphic Designer
bhai RO ka pani nahi aa raha urgently,Home Services,RO / Water Purifier Service
home cleaning service chahiye please,Daily Needs,House Cleaning
mujhe fitness trainer chahiye,Health & Wellness,Fitness Trainer
urgent chartered accountant chahiye nearby,Business Services,CA
please car wash karwani hai jaldi,Vehicle Services,Vehicle Washing
mere area me coaching join karni hai,Education,Coaching Institute
urgent towing truck chahiye nearby,Vehicle Services,Towing Service
mere ghar me darwaza repair karwana hai chahiye,Home Services,Carpenter
nearby furniture repair karwana hai please,Home Services,Carpenter
please poster design karwana hai aaj,Business Services,Graphic Designer
nearby poster design karwana hai please,Business Services,Graphic Designer
aaj ghar me cockroach bahut hain jaldi,Daily Needs,Pest Control
jaldi bike battery kharab hai help chahiye,Vehicle Services,Battery Service
mere area me I need a photographer koi hai kya,Local Professionals,Photographer
mere area me back pain ke liye physiotherapist chahiye nearby,Health & Wellness,Physiotherapist
please tractor repair karwana hai jaldi,Agriculture,Tractor Repair
battery service chahiye help chahiye,Vehicle Services,Battery Service
urgent tractor mechanic chahiye jaldi,Agriculture,Tractor Repair
tractor mechanic chahiye please,Agriculture,Tractor Repair
mere ghar me kapde laundry ke liye dene hain jaldi,Daily Needs,Laundry
urgent website banwani hai urgently,Business Services,Web Developer
aaj back pain ke liye physiotherapist chahiye jaldi,Health & Wellness,Physiotherapist
jaldi bijli ka problem hai please,Home Services,Electrician
urgent social media marketing chahiye please,Business Services,Digital Marketing
mere ghar me ghar par teacher chahiye aaj,Education,Home Tutor
nearby web developer chahiye chahiye,Business Services,Web Developer
mujhe tractor repair karwana hai jaldi,Agriculture,Tractor Repair
urgent business website chahiye urgently,Business Services,Web Developer
mujhe coaching institute chahiye koi hai kya,Education,Coaching Institute
mujhe ghar me CCTV lagana hai help chahiye,Home Services,CCTV Installation
clothes washing service chahiye jaldi,Daily Needs,Laundry
urgent home tutor chahiye mere area me,Education,Home Tutor
mere ghar me kapde laundry ke liye dene hain aaj,Daily Needs,Laundry
mere ghar me physiotherapist chahiye please,Health & Wellness,Physiotherapist
mujhe tractor mechanic chahiye please,Agriculture,Tractor Repair
please event planner chahiye urgently,Local Professionals,Event Planner
aaj bike start nahi ho rahi mere area me,Vehicle Services,Bike Repair
mere area me pipe leak ho raha hai please,Home Services,Plumber
urgent social media marketing chahiye aaj,Business Services,Digital Marketing
nearby darwaza repair karwana hai koi hai kya,Home Services,Carpenter
urgent car start nahi ho rahi koi hai kya,Vehicle Services,Car Repair
mere ghar me bike engine me problem hai chahiye,Vehicle Services,Bike Repair
aaj farm machine repair karwani hai jaldi,Agriculture,Farm Equipment Repair
mujhe water purifier repair karwana hai mere area me,Home Services,RO / Water Purifier Service
nearby fitness trainer chahiye,Health & Wellness,Fitness Trainer
please room interior karwana hai nearby,Local Professionals,Interior Designer
urgent khet me irrigation karwani hai mere area me,Agriculture,Irrigation Service
nearby termite treatment chahiye urgently,Daily Needs,Pest Control
social media marketing chahiye,Business Services,Digital Marketing
nearby tractor repair karwana hai urgently,Agriculture,Tractor Repair
nearby poster design karwana hai,Business Services,Graphic Designer
mere ghar me bijli ka problem hai,Home Services,Electrician
car tow karwani hai please,Vehicle Services,Towing Service
agriculture machine kharab hai aaj,Agriculture,Farm Equipment Repair
aaj pest control chahiye jaldi,Daily Needs,Pest Control
mere area me farm machine repair karwani hai,Agriculture,Farm Equipment Repair
aaj ghar par teacher chahiye aaj,Education,Home Tutor
please car tyre puncture ho gaya urgently,Vehicle Services,Tyre Puncture
jaldi towing truck chahiye mere area me,Vehicle Services,Towing Service
urgent doctor chahiye,Health & Wellness,Doctor
nearby farm machine repair karwani hai nearby,Agriculture,Farm Equipment Repair
bhai tax filing ke liye CA chahiye jaldi,Business Services,CA
mere ghar me coaching institute chahiye chahiye,Education,Coaching Institute
mujhe tractor kharab ho gaya urgently,Agriculture,Tractor Repair
mujhe exam coaching chahiye koi hai kya,Education,Coaching Institute
nearby kapde laundry ke liye dene hain jaldi,Daily Needs,Laundry
jaldi poster design karwana hai help chahiye,Business Services,Graphic Designer
mere area me bike engine me problem hai please,Vehicle Services,Bike Repair
aaj interior designer chahiye,Local Professionals,Interior Designer
bhai furniture repair karwana hai mere area me,Home Services,Carpenter
mere ghar me online classes chahiye jaldi,Education,Online Tutor
aaj back pain ke liye physiotherapist chahiye chahiye,Health & Wellness,Physiotherapist
mujhe bike battery kharab hai help chahiye,Vehicle Services,Battery Service
bhai fridge repair karwana hai koi hai kya,Home Services,Appliance Repair
nearby bike wash karwani hai urgently,Vehicle Services,Vehicle Washing
farm machine repair karwani hai koi hai kya,Agriculture,Farm Equipment Repair
aaj room interior karwana hai jaldi,Local Professionals,Interior Designer
mere area me online classes chahiye help chahiye,Education,Online Tutor
nearby bike wash karwani hai please,Vehicle Services,Vehicle Washing
graphic designer chahiye aaj,Business Services,Graphic Designer
jaldi physiotherapist chahiye mere area me,Health & Wellness,Physiotherapist
mere ghar me washing machine kharab hai mere area me,Home Services,Appliance Repair
bhai business promotion karwana hai help chahiye,Business Services,Digital Marketing
mere area me social media marketing chahiye mere area me,Business Services,Digital Marketing
mujhe ghar paint karwana hai urgently,Home Services,Painter
urgent lawyer chahiye please,Business Services,Lawyer
bhai clothes washing service chahiye nearby,Daily Needs,Laundry
gaadi ko tow karke le jana hai please,Vehicle Services,Towing Service
mujhe home appliance repair chahiye please,Home Services,Appliance Repair
please room interior karwana hai koi hai kya,Local Professionals,Interior Designer
mere ghar me pani ki irrigation system chahiye help chahiye,Agriculture,Irrigation Service
bhai tractor kharab ho gaya,Agriculture,Tractor Repair
mere ghar me chartered accountant chahiye jaldi,Business Services,CA
please car tow karwani hai help chahiye,Vehicle Services,Towing Service
physiotherapist chahiye please,Health & Wellness,Physiotherapist
please ghar par teacher chahiye mere area me,Education,Home Tutor
jaldi air conditioner kharab hai koi hai kya,Home Services,AC Repair & Service
bhai poster design karwana hai urgently,Business Services,Graphic Designer
jaldi fridge repair karwana hai help chahiye,Home Services,Appliance Repair
aaj house cleaning chahiye,Daily Needs,House Cleaning
mere area me termite treatment chahiye jaldi,Daily Needs,Pest Control
urgent tractor mechanic chahiye mere area me,Agriculture,Tractor Repair
aaj personal trainer chahiye chahiye,Health & Wellness,Fitness Trainer
please physiotherapy karwani hai nearby,Health & Wellness,Physiotherapist
please legal help chahiye,Business Services,Lawyer
jaldi CA chahiye,Business Services,CA
bhai bijli ka problem hai help chahiye,Home Services,Electrician
home tutor chahiye,Education,Home Tutor
urgent bike engine me problem hai,Vehicle Services,Bike Repair
urgent birthday party planner chahiye koi hai kya,Local Professionals,Event Planner
please online tutor chahiye,Education,Online Tutor
coaching institute chahiye help chahiye,Education,Coaching Institute
mujhe doctor appointment chahiye,Health & Wellness,Doctor
mere ghar me function organise karwana hai help chahiye,Local Professionals,Event Planner
nearby I need a photographer urgently,Local Professionals,Photographer
mere area me agriculture machine kharab hai help chahiye,Agriculture,Farm Equipment Repair
please ghar me CCTV lagana hai nearby,Home Services,CCTV Installation
urgent car start nahi ho rahi mere area me,Vehicle Services,Car Repair
mujhe plumber chahiye,Home Services,Plumber
mere area me business website chahiye chahiye,Business Services,Web Developer
bhai business promotion karwana hai chahiye,Business Services,Digital Marketing
mere ghar me online teacher chahiye mere area me,Education,Online Tutor
kapde laundry ke liye dene hain koi hai kya,Daily Needs,Laundry
aaj ghar paint karwana hai please,Home Services,Painter
jaldi home cleaning service chahiye chahiye,Daily Needs,House Cleaning
please poster design karwana hai mere area me,Business Services,Graphic Designer
urgent car raste me band ho gayi urgently,Vehicle Services,Car Repair
aaj ghar me cockroach bahut hain aaj,Daily Needs,Pest Control
nearby physiotherapy karwani hai jaldi,Health & Wellness,Physiotherapist
mere ghar me clothes washing service chahiye,Daily Needs,Laundry
mere ghar me interior designer chahiye aaj,Local Professionals,Interior Designer
house cleaning chahiye nearby,Daily Needs,House Cleaning
nearby back pain ke liye physiotherapist chahiye koi hai kya,Health & Wellness,Physiotherapist
nearby gym trainer chahiye koi hai kya,Health & Wellness,Fitness Trainer
nearby ghar ki light kharab hai koi hai kya,Home Services,Electrician
ghar me cockroach bahut hain please,Daily Needs,Pest Control
nearby exam coaching chahiye,Education,Coaching Institute
nearby AC repair karwana hai,Home Services,AC Repair & Service
nearby fitness trainer chahiye mere area me,Health & Wellness,Fitness Trainer
jaldi exam coaching chahiye aaj,Education,Coaching Institute
urgent function organise karwana hai urgently,Local Professionals,Event Planner
jaldi digital marketing service chahiye help chahiye,Business Services,Digital Marketing
urgent car wash karwani hai mere area me,Vehicle Services,Vehicle Washing
mere area me room paint karwana hai,Home Services,Painter
please room paint karwana hai nearby,Home Services,Painter
please pani ki pipe repair karwani hai aaj,Home Services,Plumber
washing machine kharab hai koi hai kya,Home Services,Appliance Repair
mujhe tractor kharab ho gaya please,Agriculture,Tractor Repair
bhai ghar ki safai karwani hai please,Daily Needs,House Cleaning
nearby physiotherapy karwani hai aaj,Health & Wellness,Physiotherapist
bhai function organise karwana hai mere area me,Local Professionals,Event Planner
urgent irrigation service chahiye please,Agriculture,Irrigation Service
jaldi car repair karwani hai,Vehicle Services,Car Repair
please RO service chahiye koi hai kya,Home Services,RO / Water Purifier Service
mere area me kapde laundry ke liye dene hain mere area me,Daily Needs,Laundry
aaj car battery dead hai mere area me,Vehicle Services,Battery Service
air conditioner kharab hai urgently,Home Services,AC Repair & Service
bhai photographer chahiye urgently,Local Professionals,Photographer
bhai exam coaching chahiye koi hai kya,Education,Coaching Institute
bhai car mechanic chahiye jaldi,Vehicle Services,Car Repair
please agriculture machine kharab hai chahiye,Agriculture,Farm Equipment Repair
jaldi battery service chahiye please,Vehicle Services,Battery Service
jaldi bachche ke liye tutor chahiye koi hai kya,Education,Home Tutor
aaj fitness trainer chahiye mere area me,Health & Wellness,Fitness Trainer
kapde laundry ke liye dene hain please,Daily Needs,Laundry
poster design karwana hai aaj,Business Services,Graphic Designer
mere area me ghar me CCTV lagana hai chahiye,Home Services,CCTV Installation
washing machine kharab hai jaldi,Home Services,Appliance Repair
nearby irrigation service chahiye nearby,Agriculture,Irrigation Service
bhai home tutor chahiye help chahiye,Education,Home Tutor
nearby tractor mechanic chahiye nearby,Agriculture,Tractor Repair
urgent back pain ke liye physiotherapist chahiye,Health & Wellness,Physiotherapist
mere ghar me exam coaching chahiye mere area me,Education,Coaching Institute
jaldi kapde laundry ke liye dene hain jaldi,Daily Needs,Laundry
please pani ki irrigation system chahiye mere area me,Agriculture,Irrigation Service
nearby nal leak kar raha hai urgently,Home Services,Plumber
nearby business promotion karwana hai koi hai kya,Business Services,Digital Marketing
please ghar ki light kharab hai please,Home Services,Electrician
bhai battery service chahiye mere area me,Vehicle Services,Battery Service
urgent tractor kharab ho gaya chahiye,Agriculture,Tractor Repair
mujhe event planner chahiye nearby,Local Professionals,Event Planner
please ghar ki safai karwani hai chahiye,Daily Needs,House Cleaning
aaj digital marketing service chahiye chahiye,Business Services,Digital Marketing
legal help chahiye aaj,Business Services,Lawyer
mere area me bijli ka problem hai jaldi,Home Services,Electrician
aaj gym trainer chahiye jaldi,Health & Wellness,Fitness Trainer
pani ki irrigation system chahiye urgently,Agriculture,Irrigation Service
mere area me pani ki irrigation system chahiye,Agriculture,Irrigation Service
mujhe pest control chahiye nearby,Daily Needs,Pest Control
bhai advocate chahiye please,Business Services,Lawyer
please bike wash karwani hai nearby,Vehicle Services,Vehicle Washing
aaj coaching institute chahiye help chahiye,Education,Coaching Institute
aaj bijli ka problem hai aaj,Home Services,Electrician
bhai back pain ke liye physiotherapist chahiye mere area me,Health & Wellness,Physiotherapist
urgent gym trainer chahiye chahiye,Health & Wellness,Fitness Trainer
nearby CCTV camera lagwana hai,Home Services,CCTV Installation
nearby kapde laundry ke liye dene hain mere area me,Daily Needs,Laundry
aaj tractor mechanic chahiye please,Agriculture,Tractor Repair
bhai room interior karwana hai chahiye,Local Professionals,Interior Designer
mere area me bike start nahi ho rahi chahiye,Vehicle Services,Bike Repair
mere area me gym trainer chahiye urgently,Health & Wellness,Fitness Trainer
urgent house cleaning chahiye jaldi,Daily Needs,House Cleaning
jaldi interior designer chahiye mere area me,Local Professionals,Interior Designer
jaldi poster design karwana hai chahiye,Business Services,Graphic Designer
aaj car start nahi ho rahi chahiye,Vehicle Services,Car Repair
bhai web developer chahiye,Business Services,Web Developer
bhai tractor repair karwana hai mere area me,Agriculture,Tractor Repair
mere ghar me car start nahi ho rahi,Vehicle Services,Car Repair
nearby home cleaning service chahiye nearby,Daily Needs,House Cleaning
bhai back pain ke liye physiotherapist chahiye koi hai kya,Health & Wellness,Physiotherapist
aaj bijli ka problem hai nearby,Home Services,Electrician
urgent ghar ki safai karwani hai urgently,Daily Needs,House Cleaning
jaldi advocate chahiye koi hai kya,Business Services,Lawyer
mere ghar me farm machine repair karwani hai koi hai kya,Agriculture,Farm Equipment Repair
jaldi bike repair karwani hai help chahiye,Vehicle Services,Bike Repair
mere ghar me physiotherapist chahiye mere area me,Health & Wellness,Physiotherapist
mere ghar me electrician chahiye nearby,Home Services,Electrician
jaldi graphic designer chahiye mere area me,Business Services,Graphic Designer
birthday party planner chahiye aaj,Local Professionals,Event Planner
jaldi photographer chahiye aaj,Local Professionals,Photographer
mere area me interior designer chahiye chahiye,Local Professionals,Interior Designer
jaldi vehicle cleaning chahiye,Vehicle Services,Vehicle Washing
jaldi towing truck chahiye nearby,Vehicle Services,Towing Service
urgent bachche ke liye tutor chahiye koi hai kya,Education,Home Tutor
aaj gaadi ko tow karke le jana hai jaldi,Vehicle Services,Towing Service
mere ghar me event planner chahiye nearby,Local Professionals,Event Planner
mujhe online teacher chahiye mere area me,Education,Online Tutor
doctor chahiye,Health & Wellness,Doctor
please house cleaning chahiye mere area me,Daily Needs,House Cleaning
bhai birthday party planner chahiye aaj,Local Professionals,Event Planner
jaldi graphic designer chahiye please,Business Services,Graphic Designer
urgent clothes washing service chahiye please,Daily Needs,Laundry
please irrigation service chahiye nearby,Agriculture,Irrigation Service
please vehicle cleaning chahiye mere area me,Vehicle Services,Vehicle Washing
jaldi coaching join karni hai urgently,Education,Coaching Institute
mere ghar me irrigation service chahiye urgently,Agriculture,Irrigation Service
mujhe termite treatment chahiye please,Daily Needs,Pest Control
aaj home tutor chahiye help chahiye,Education,Home Tutor
urgent RO kharab hai urgently,Home Services,RO / Water Purifier Service
mere area me pest control chahiye please,Daily Needs,Pest Control
bhai doctor appointment chahiye nearby,Health & Wellness,Doctor
aaj poster design karwana hai help chahiye,Business Services,Graphic Designer
mere ghar me birthday party planner chahiye koi hai kya,Local Professionals,Event Planner
mujhe AC thanda nahi kar raha mere area me,Home Services,AC Repair & Service
please online classes chahiye koi hai kya,Education,Online Tutor
mere ghar me lawyer chahiye urgently,Business Services,Lawyer
jaldi laundry service chahiye,Daily Needs,Laundry
nearby farm equipment mechanic chahiye mere area me,Agriculture,Farm Equipment Repair
aaj legal help chahiye nearby,Business Services,Lawyer
bhai pani ki irrigation system chahiye urgently,Agriculture,Irrigation Service
mere ghar me car wash karwani hai jaldi,Vehicle Services,Vehicle Washing
personal trainer chahiye help chahiye,Health & Wellness,Fitness Trainer
bhai car mechanic chahiye koi hai kya,Vehicle Services,Car Repair
mere area me pani ki irrigation system chahiye nearby,Agriculture,Irrigation Service
urgent ghar ki safai karwani hai koi hai kya,Daily Needs,House Cleaning
mere area me event planner chahiye chahiye,Local Professionals,Event Planner
please exam coaching chahiye nearby,Education,Coaching Institute
car repair karwani hai urgently,Vehicle Services,Car Repair
mere ghar me birthday party planner chahiye mere area me,Local Professionals,Event Planner
urgent birthday party planner chahiye help chahiye,Local Professionals,Event Planner
jaldi event planner chahiye please,Local Professionals,Event Planner
nearby event planner chahiye,Local Professionals,Event Planner
bhai car battery dead hai jaldi,Vehicle Services,Battery Service
coaching institute chahiye,Education,Coaching Institute
nearby online classes chahiye koi hai kya,Education,Online Tutor
aaj doctor chahiye nearby,Health & Wellness,Doctor
please event planner chahiye help chahiye,Local Professionals,Event Planner
urgent room paint karwana hai nearby,Home Services,Painter
bhai vehicle cleaning chahiye aaj,Vehicle Services,Vehicle Washing
mere area me car start nahi ho rahi urgently,Vehicle Services,Car Repair
aaj online teacher chahiye koi hai kya,Education,Online Tutor
jaldi interior designer chahiye,Local Professionals,Interior Designer
aaj AC repair karwana hai koi hai kya,Home Services,AC Repair & Service
mujhe gym trainer chahiye jaldi,Health & Wellness,Fitness Trainer
please photographer chahiye help chahiye,Local Professionals,Photographer
mere ghar me puncture wala chahiye chahiye,Vehicle Services,Tyre Puncture
please tractor repair karwana hai chahiye,Agriculture,Tractor Repair
mere area me ghar ki safai karwani hai koi hai kya,Daily Needs,House Cleaning
mere area me online tutor chahiye chahiye,Education,Online Tutor
aaj clothes washing service chahiye nearby,Daily Needs,Laundry
aaj photographer chahiye help chahiye,Local Professionals,Photographer
mere ghar me RO kharab hai aaj,Home Services,RO / Water Purifier Service
urgent CA chahiye chahiye,Business Services,CA
bhai car mechanic chahiye help chahiye,Vehicle Services,Car Repair
aaj room paint karwana hai mere area me,Home Services,Painter
mujhe security camera install karwana hai aaj,Home Services,CCTV Installation
bhai interior designer chahiye mere area me,Local Professionals,Interior Designer
mere area me birthday party planner chahiye jaldi,Local Professionals,Event Planner
mere ghar me ghar me CCTV lagana hai chahiye,Home Services,CCTV Installation
bhai online teacher chahiye jaldi,Education,Online Tutor
mere ghar me termite treatment chahiye nearby,Daily Needs,Pest Control
jaldi farm equipment mechanic chahiye help chahiye,Agriculture,Farm Equipment Repair
aaj online teacher chahiye aaj,Education,Online Tutor
nearby security camera install karwana hai jaldi,Home Services,CCTV Installation
mere area me vehicle cleaning chahiye nearby,Vehicle Services,Vehicle Washing
aaj coaching join karni hai urgently,Education,Coaching Institute
urgent doctor chahiye jaldi,Health & Wellness,Doctor
urgent farm machine repair karwani hai jaldi,Agriculture,Farm Equipment Repair
please irrigation service chahiye chahiye,Agriculture,Irrigation Service
mere ghar me bike engine me problem hai,Vehicle Services,Bike Repair
mujhe vehicle cleaning chahiye aaj,Vehicle Services,Vehicle Washing
mujhe khet me irrigation karwani hai nearby,Agriculture,Irrigation Service
nearby bachche ke liye tutor chahiye please,Education,Home Tutor
mujhe logo design karwana hai koi hai kya,Business Services,Graphic Designer
mere area me CCTV camera lagwana hai jaldi,Home Services,CCTV Installation
web developer chahiye,Business Services,Web Developer
bhai bijli ka problem hai please,Home Services,Electrician
mujhe CA chahiye nearby,Business Services,CA
bhai plumber chahiye,Home Services,Plumber
please business website chahiye please,Business Services,Web Developer
mere area me online teacher chahiye help chahiye,Education,Online Tutor
mujhe home appliance repair chahiye jaldi,Home Services,Appliance Repair
nearby pani ki pipe repair karwani hai jaldi,Home Services,Plumber
mere ghar me car tow karwani hai nearby,Vehicle Services,Towing Service
aaj logo design karwana hai chahiye,Business Services,Graphic Designer
mere ghar me ghar par teacher chahiye koi hai kya,Education,Home Tutor
jaldi online teacher chahiye please,Education,Online Tutor
mujhe physiotherapist chahiye nearby,Health & Wellness,Physiotherapist
mere ghar me digital marketing service chahiye jaldi,Business Services,Digital Marketing
mere area me car tow karwani hai jaldi,Vehicle Services,Towing Service
mujhe vehicle cleaning chahiye jaldi,Vehicle Services,Vehicle Washing
mere area me graphic designer chahiye koi hai kya,Business Services,Graphic Designer
car mechanic chahiye mere area me,Vehicle Services,Car Repair
nearby back pain ke liye physiotherapist chahiye,Health & Wellness,Physiotherapist
mere area me house cleaning chahiye aaj,Daily Needs,House Cleaning
mujhe termite treatment chahiye nearby,Daily Needs,Pest Control
mere area me doctor appointment chahiye mere area me,Health & Wellness,Doctor
wedding photographer chahiye chahiye,Local Professionals,Photographer
bhai digital marketing service chahiye nearby,Business Services,Digital Marketing
please function organise karwana hai urgently,Local Professionals,Event Planner
jaldi birthday party planner chahiye nearby,Local Professionals,Event Planner
please khet me irrigation karwani hai nearby,Agriculture,Irrigation Service
mujhe room paint karwana hai mere area me,Home Services,Painter
mere ghar me wedding photographer chahiye please,Local Professionals,Photographer
mujhe coaching institute chahiye urgently,Education,Coaching Institute
please room interior karwana hai help chahiye,Local Professionals,Interior Designer
mere area me online teacher chahiye,Education,Online Tutor
mere area me bachche ke liye tutor chahiye urgently,Education,Home Tutor
bhai puncture wala chahiye nearby,Vehicle Services,Tyre Puncture
urgent ghar par teacher chahiye koi hai kya,Education,Home Tutor
jaldi function organise karwana hai nearby,Local Professionals,Event Planner
nearby coaching institute chahiye urgently,Education,Coaching Institute
mere ghar me pani ki irrigation system chahiye nearby,Agriculture,Irrigation Service
aaj irrigation service chahiye nearby,Agriculture,Irrigation Service
aaj I need a photographer nearby,Local Professionals,Photographer
mere area me AC service chahiye help chahiye,Home Services,AC Repair & Service
bhai website banwani hai jaldi,Business Services,Web Developer
jaldi car wash karwani hai help chahiye,Vehicle Services,Vehicle Washing
please event planner chahiye,Local Professionals,Event Planner
mere ghar me business website chahiye please,Business Services,Web Developer
mujhe car mechanic chahiye urgently,Vehicle Services,Car Repair
urgent wall paint karwani hai please,Home Services,Painter
fitness trainer chahiye chahiye,Health & Wellness,Fitness Trainer
urgent tractor mechanic chahiye aaj,Agriculture,Tractor Repair
mere ghar me birthday party planner chahiye please,Local Professionals,Event Planner
jaldi online teacher chahiye urgently,Education,Online Tutor
mujhe fridge repair karwana hai chahiye,Home Services,Appliance Repair
mujhe wall paint karwani hai nearby,Home Services,Painter
nearby furniture repair karwana hai,Home Services,Carpenter
please I need a photographer please,Local Professionals,Photographer
aaj photographer chahiye mere area me,Local Professionals,Photographer
nearby farm machine repair karwani hai please,Agriculture,Farm Equipment Repair
urgent RO service chahiye mere area me,Home Services,RO / Water Purifier Service
mere area me poster design karwana hai nearby,Business Services,Graphic Designer
please tractor kharab ho gaya jaldi,Agriculture,Tractor Repair
urgent puncture wala chahiye chahiye,Vehicle Services,Tyre Puncture
tractor repair karwana hai koi hai kya,Agriculture,Tractor Repair
mere ghar me kapde laundry ke liye dene hain help chahiye,Daily Needs,Laundry
mere ghar me website banwani hai mere area me,Business Services,Web Developer
mujhe clothes washing service chahiye nearby,Daily Needs,Laundry
mujhe tractor mechanic chahiye help chahiye,Agriculture,Tractor Repair
mere area me coaching institute chahiye mere area me,Education,Coaching Institute
kapde laundry ke liye dene hain nearby,Daily Needs,Laundry
nearby doctor se consult karna hai urgently,Health & Wellness,Doctor
mere ghar me I need a photographer help chahiye,Local Professionals,Photographer
mere area me bachche ke liye tutor chahiye chahiye,Education,Home Tutor
car tow karwani hai chahiye,Vehicle Services,Towing Service
aaj social media marketing chahiye help chahiye,Business Services,Digital Marketing
mere area me agriculture machine kharab hai mere area me,Agriculture,Farm Equipment Repair
mujhe web developer chahiye nearby,Business Services,Web Developer
nearby car battery dead hai mere area me,Vehicle Services,Battery Service
mere ghar me battery service chahiye mere area me,Vehicle Services,Battery Service
please CCTV camera lagwana hai help chahiye,Home Services,CCTV Installation
urgent pest control chahiye chahiye,Daily Needs,Pest Control
urgent car battery dead hai chahiye,Vehicle Services,Battery Service
urgent water purifier repair karwana hai help chahiye,Home Services,RO / Water Purifier Service
mere ghar me laundry service chahiye chahiye,Daily Needs,Laundry
urgent coaching institute chahiye urgently,Education,Coaching Institute
please physiotherapy karwani hai jaldi,Health & Wellness,Physiotherapist
urgent painter chahiye nearby,Home Services,Painter
mere ghar me chartered accountant chahiye mere area me,Business Services,CA
please washing machine kharab hai mere area me,Home Services,Appliance Repair
nearby advocate chahiye,Business Services,Lawyer
bhai irrigation service chahiye nearby,Agriculture,Irrigation Service
fitness trainer chahiye mere area me,Health & Wellness,Fitness Trainer
jaldi tractor mechanic chahiye,Agriculture,Tractor Repair
mere ghar me car tyre puncture ho gaya chahiye,Vehicle Services,Tyre Puncture
urgent wall paint karwani hai koi hai kya,Home Services,Painter
jaldi bike engine me problem hai please,Vehicle Services,Bike Repair
mere area me room interior karwana hai aaj,Local Professionals,Interior Designer
mere area me car start nahi ho rahi nearby,Vehicle Services,Car Repair
mere ghar me house cleaning chahiye urgently,Daily Needs,House Cleaning
mere area me room interior karwana hai koi hai kya,Local Professionals,Interior Designer
please lawyer chahiye aaj,Business Services,Lawyer
aaj tractor mechanic chahiye chahiye,Agriculture,Tractor Repair
jaldi birthday party planner chahiye aaj,Local Professionals,Event Planner
jaldi fridge repair karwana hai please,Home Services,Appliance Repair
bike tyre puncture hai jaldi,Vehicle Services,Tyre Puncture
mere area me home appliance repair chahiye mere area me,Home Services,Appliance Repair
urgent fridge repair karwana hai jaldi,Home Services,Appliance Repair
bhai bike engine me problem hai jaldi,Vehicle Services,Bike Repair
jaldi birthday party planner chahiye,Local Professionals,Event Planner
please bike start nahi ho rahi aaj,Vehicle Services,Bike Repair
aaj physiotherapy karwani hai chahiye,Health & Wellness,Physiotherapist
nearby fridge repair karwana hai please,Home Services,Appliance Repair
aaj coaching join karni hai aaj,Education,Coaching Institute
nearby electrician chahiye chahiye,Home Services,Electrician
social media marketing chahiye jaldi,Business Services,Digital Marketing
mujhe birthday party planner chahiye urgently,Local Professionals,Event Planner
jaldi car battery dead hai aaj,Vehicle Services,Battery Service
urgent laundry service chahiye jaldi,Daily Needs,Laundry
jaldi gym trainer chahiye chahiye,Health & Wellness,Fitness Trainer
aaj doctor appointment chahiye mere area me,Health & Wellness,Doctor
nearby logo design karwana hai chahiye,Business Services,Graphic Designer
mere area me bike battery kharab hai,Vehicle Services,Battery Service
jaldi digital marketing service chahiye koi hai kya,Business Services,Digital Marketing
mere area me business website chahiye,Business Services,Web Developer
urgent bike battery kharab hai urgently,Vehicle Services,Battery Service
aaj washing machine kharab hai,Home Services,Appliance Repair
mujhe online teacher chahiye help chahiye,Education,Online Tutor
aaj chartered accountant chahiye urgently,Business Services,CA
mujhe wall paint karwani hai aaj,Home Services,Painter
mere ghar me doctor appointment chahiye,Health & Wellness,Doctor
mere area me I need a photographer,Local Professionals,Photographer
mujhe ghar ki safai karwani hai aaj,Daily Needs,House Cleaning
mujhe doctor appointment chahiye mere area me,Health & Wellness,Doctor
nearby digital marketing service chahiye jaldi,Business Services,Digital Marketing
bhai ghar par teacher chahiye nearby,Education,Home Tutor
aaj physiotherapist chahiye nearby,Health & Wellness,Physiotherapist
jaldi RO kharab hai help chahiye,Home Services,RO / Water Purifier Service
agriculture machine kharab hai help chahiye,Agriculture,Farm Equipment Repair
bhai graphic designer chahiye urgently,Business Services,Graphic Designer
urgent doctor appointment chahiye chahiye,Health & Wellness,Doctor
photographer chahiye jaldi,Local Professionals,Photographer
nearby physiotherapy karwani hai mere area me,Health & Wellness,Physiotherapist
bhai ghar me cockroach bahut hain mere area me,Daily Needs,Pest Control
mere area me bike battery kharab hai urgently,Vehicle Services,Battery Service
aaj clothes washing service chahiye,Daily Needs,Laundry
aaj physiotherapy karwani hai jaldi,Health & Wellness,Physiotherapist
personal trainer chahiye aaj,Health & Wellness,Fitness Trainer
bhai car tyre puncture ho gaya please,Vehicle Services,Tyre Puncture
mere area me pest control chahiye nearby,Daily Needs,Pest Control
jaldi termite treatment chahiye chahiye,Daily Needs,Pest Control
aaj RO kharab hai mere area me,Home Services,RO / Water Purifier Service
physiotherapy karwani hai koi hai kya,Health & Wellness,Physiotherapist
bhai bachche ke liye tutor chahiye urgently,Education,Home Tutor
mujhe ghar me cockroach bahut hain help chahiye,Daily Needs,Pest Control
aaj ghar ki light kharab hai urgently,Home Services,Electrician
mere ghar me fridge repair karwana hai help chahiye,Home Services,Appliance Repair
jaldi ghar par teacher chahiye koi hai kya,Education,Home Tutor
mujhe personal trainer chahiye please,Health & Wellness,Fitness Trainer
jaldi gym trainer chahiye help chahiye,Health & Wellness,Fitness Trainer
mere area me car mechanic chahiye nearby,Vehicle Services,Car Repair
coaching join karni hai urgently,Education,Coaching Institute
back pain ke liye physiotherapist chahiye mere area me,Health & Wellness,Physiotherapist
mere area me fridge repair karwana hai please,Home Services,Appliance Repair
jaldi pani ki irrigation system chahiye please,Agriculture,Irrigation Service
mujhe graphic designer chahiye aaj,Business Services,Graphic Designer
urgent RO kharab hai chahiye,Home Services,RO / Water Purifier Service
mere area me carpenter chahiye chahiye,Home Services,Carpenter
nearby tractor repair karwana hai mere area me,Agriculture,Tractor Repair
please car raste me band ho gayi chahiye,Vehicle Services,Car Repair
mere area me pani ki irrigation system chahiye jaldi,Agriculture,Irrigation Service
mere area me bike engine me problem hai koi hai kya,Vehicle Services,Bike Repair
bhai wedding photographer chahiye help chahiye,Local Professionals,Photographer
aaj advocate chahiye mere area me,Business Services,Lawyer
aaj switch kaam nahi kar raha,Home Services,Electrician
aaj battery service chahiye urgently,Vehicle Services,Battery Service
jaldi online classes chahiye please,Education,Online Tutor
nearby ghar ka interior design karwana hai chahiye,Local Professionals,Interior Designer
nearby home cleaning service chahiye,Daily Needs,House Cleaning
urgent gym trainer chahiye,Health & Wellness,Fitness Trainer
urgent gym trainer chahiye urgently,Health & Wellness,Fitness Trainer
jaldi home cleaning service chahiye nearby,Daily Needs,House Cleaning
mujhe doctor se consult karna hai nearby,Health & Wellness,Doctor
CA chahiye chahiye,Business Services,CA
bhai tractor mechanic chahiye jaldi,Agriculture,Tractor Repair
mere ghar me room interior karwana hai nearby,Local Professionals,Interior Designer
mere area me bachche ke liye tutor chahiye,Education,Home Tutor
please tractor mechanic chahiye aaj,Agriculture,Tractor Repair
nearby RO ka pani nahi aa raha urgently,Home Services,RO / Water Purifier Service
mujhe ghar ka interior design karwana hai jaldi,Local Professionals,Interior Designer
please carpenter chahiye mere area me,Home Services,Carpenter
urgent ghar ka interior design karwana hai help chahiye,Local Professionals,Interior Designer
mere ghar me pest control chahiye please,Daily Needs,Pest Control
aaj I need a photographer koi hai kya,Local Professionals,Photographer
mere area me carpenter chahiye please,Home Services,Carpenter
wedding photographer chahiye aaj,Local Professionals,Photographer
bhai personal trainer chahiye urgently,Health & Wellness,Fitness Trainer
urgent farm machine repair karwani hai,Agriculture,Farm Equipment Repair
bhai CA chahiye koi hai kya,Business Services,CA
aaj business website chahiye aaj,Business Services,Web Developer
mere ghar me personal trainer chahiye nearby,Health & Wellness,Fitness Trainer
please puncture wala chahiye help chahiye,Vehicle Services,Tyre Puncture
mere area me plumber chahiye please,Home Services,Plumber
jaldi ghar me cockroach bahut hain help chahiye,Daily Needs,Pest Control
aaj personal trainer chahiye aaj,Health & Wellness,Fitness Trainer
car repair karwani hai jaldi,Vehicle Services,Car Repair
mere ghar me home cleaning service chahiye,Daily Needs,House Cleaning
mere ghar me car tyre puncture ho gaya help chahiye,Vehicle Services,Tyre Puncture
please room paint karwana hai koi hai kya,Home Services,Painter
logo design karwana hai koi hai kya,Business Services,Graphic Designer
interior designer chahiye nearby,Local Professionals,Interior Designer
bhai RO kharab hai jaldi,Home Services,RO / Water Purifier Service
mere ghar me birthday party planner chahiye chahiye,Local Professionals,Event Planner
irrigation service chahiye nearby,Agriculture,Irrigation Service
please digital marketing service chahiye nearby,Business Services,Digital Marketing
urgent home cleaning service chahiye,Daily Needs,House Cleaning
nearby kapde laundry ke liye dene hain help chahiye,Daily Needs,Laundry
please irrigation service chahiye mere area me,Agriculture,Irrigation Service
mere area me car raste me band ho gayi mere area me,Vehicle Services,Car Repair
aaj ghar ki safai karwani hai nearby,Daily Needs,House Cleaning
jaldi graphic designer chahiye urgently,Business Services,Graphic Designer
aaj ghar me cockroach bahut hain,Daily Needs,Pest Control
please pipe leak ho raha hai mere area me,Home Services,Plumber
mere area me tractor repair karwana hai aaj,Agriculture,Tractor Repair
jaldi tax filing ke liye CA chahiye jaldi,Business Services,CA
mujhe coaching join karni hai urgently,Education,Coaching Institute
nearby room interior karwana hai koi hai kya,Local Professionals,Interior Designer
please wall paint karwani hai jaldi,Home Services,Painter
mere ghar me irrigation service chahiye mere area me,Agriculture,Irrigation Service
business website chahiye,Business Services,Web Developer
mujhe bike engine me problem hai help chahiye,Vehicle Services,Bike Repair
urgent home cleaning service chahiye koi hai kya,Daily Needs,House Cleaning
nearby ghar par teacher chahiye aaj,Education,Home Tutor
please back pain ke liye physiotherapist chahiye urgently,Health & Wellness,Physiotherapist
mere ghar me room interior karwana hai please,Local Professionals,Interior Designer
bhai home tutor chahiye nearby,Education,Home Tutor
mere ghar me online tutor chahiye urgently,Education,Online Tutor
aaj car wash karwani hai please,Vehicle Services,Vehicle Washing
mujhe darwaza repair karwana hai please,Home Services,Carpenter
mujhe gaadi ko tow karke le jana hai please,Vehicle Services,Towing Service
aaj carpenter chahiye,Home Services,Carpenter
bhai lawyer chahiye,Business Services,Lawyer
urgent car start nahi ho rahi jaldi,Vehicle Services,Car Repair
aaj room interior karwana hai koi hai kya,Local Professionals,Interior Designer
mujhe coaching join karni hai mere area me,Education,Coaching Institute
aaj home tutor chahiye chahiye,Education,Home Tutor
bhai home cleaning service chahiye,Daily Needs,House Cleaning
mere ghar me bike tyre puncture hai aaj,Vehicle Services,Tyre Puncture
urgent agriculture machine kharab hai aaj,Agriculture,Farm Equipment Repair
aaj bike wash karwani hai mere area me,Vehicle Services,Vehicle Washing
aaj interior designer chahiye jaldi,Local Professionals,Interior Designer
bhai home cleaning service chahiye aaj,Daily Needs,House Cleaning
mere ghar me farm equipment mechanic chahiye koi hai kya,Agriculture,Farm Equipment Repair
mere area me home tutor chahiye,Education,Home Tutor
ghar ka interior design karwana hai chahiye,Local Professionals,Interior Designer
aaj battery service chahiye aaj,Vehicle Services,Battery Service
mere ghar me doctor chahiye urgently,Health & Wellness,Doctor
nearby ghar ki safai karwani hai aaj,Daily Needs,House Cleaning
please pipe leak ho raha hai koi hai kya,Home Services,Plumber
please doctor chahiye koi hai kya,Health & Wellness,Doctor
jaldi laundry service chahiye urgently,Daily Needs,Laundry
mujhe ghar me CCTV lagana hai urgently,Home Services,CCTV Installation
bhai car tyre puncture ho gaya koi hai kya,Vehicle Services,Tyre Puncture
aaj digital marketing service chahiye urgently,Business Services,Digital Marketing
bhai ghar me CCTV lagana hai chahiye,Home Services,CCTV Installation
aaj photographer chahiye please,Local Professionals,Photographer
bhai farm equipment mechanic chahiye nearby,Agriculture,Farm Equipment Repair
jaldi farm equipment mechanic chahiye koi hai kya,Agriculture,Farm Equipment Repair
bhai bike battery kharab hai,Vehicle Services,Battery Service
aaj laundry service chahiye,Daily Needs,Laundry
mere area me pani ki irrigation system chahiye urgently,Agriculture,Irrigation Service
aaj CCTV camera lagwana hai aaj,Home Services,CCTV Installation
mere area me irrigation service chahiye jaldi,Agriculture,Irrigation Service
lawyer chahiye nearby,Business Services,Lawyer
please tractor kharab ho gaya nearby,Agriculture,Tractor Repair
nearby tax filing ke liye CA chahiye mere area me,Business Services,CA
jaldi pani ki irrigation system chahiye,Agriculture,Irrigation Service
jaldi bike repair karwani hai,Vehicle Services,Bike Repair
bhai tractor mechanic chahiye chahiye,Agriculture,Tractor Repair
bhai function organise karwana hai chahiye,Local Professionals,Event Planner
please laundry service chahiye help chahiye,Daily Needs,Laundry
bhai farm equipment mechanic chahiye koi hai kya,Agriculture,Farm Equipment Repair
coaching institute chahiye mere area me,Education,Coaching Institute
nearby doctor chahiye urgently,Health & Wellness,Doctor
please termite treatment chahiye aaj,Daily Needs,Pest Control
mujhe kapde laundry ke liye dene hain aaj,Daily Needs,Laundry
aaj fitness trainer chahiye urgently,Health & Wellness,Fitness Trainer
mere area me physiotherapy karwani hai aaj,Health & Wellness,Physiotherapist
aaj pest control chahiye please,Daily Needs,Pest Control
aaj bachche ke liye tutor chahiye koi hai kya,Education,Home Tutor
mere area me poster design karwana hai koi hai kya,Business Services,Graphic Designer
bhai tractor mechanic chahiye help chahiye,Agriculture,Tractor Repair
mere ghar me online teacher chahiye aaj,Education,Online Tutor
nearby house cleaning chahiye mere area me,Daily Needs,House Cleaning
aaj doctor chahiye chahiye,Health & Wellness,Doctor
bhai advocate chahiye jaldi,Business Services,Lawyer
jaldi furniture repair karwana hai jaldi,Home Services,Carpenter
bhai poster design karwana hai jaldi,Business Services,Graphic Designer
mere area me chartered accountant chahiye urgently,Business Services,CA
mere ghar me online tutor chahiye nearby,Education,Online Tutor
urgent termite treatment chahiye chahiye,Daily Needs,Pest Control
mere area me doctor chahiye jaldi,Health & Wellness,Doctor
bhai doctor se consult karna hai nearby,Health & Wellness,Doctor
mujhe graphic designer chahiye urgently,Business Services,Graphic Designer
nearby room paint karwana hai jaldi,Home Services,Painter
aaj fridge repair karwana hai jaldi,Home Services,Appliance Repair
mere area me fitness trainer chahiye mere area me,Health & Wellness,Fitness Trainer
urgent digital marketing service chahiye,Business Services,Digital Marketing
aaj ghar par teacher chahiye mere area me,Education,Home Tutor
mujhe personal trainer chahiye jaldi,Health & Wellness,Fitness Trainer
mere area me bike tyre puncture hai jaldi,Vehicle Services,Tyre Puncture
mere ghar me ghar paint karwana hai urgently,Home Services,Painter
bhai laundry service chahiye urgently,Daily Needs,Laundry
mere ghar me website banwani hai please,Business Services,Web Developer
bhai tractor repair karwana hai urgently,Agriculture,Tractor Repair
jaldi coaching institute chahiye mere area me,Education,Coaching Institute
jaldi farm machine repair karwani hai urgently,Agriculture,Farm Equipment Repair
please bachche ke liye tutor chahiye mere area me,Education,Home Tutor
bhai interior designer chahiye aaj,Local Professionals,Interior Designer
bike tyre puncture hai mere area me,Vehicle Services,Tyre Puncture
jaldi ghar ka interior design karwana hai nearby,Local Professionals,Interior Designer
jaldi coaching join karni hai aaj,Education,Coaching Institute
mujhe ghar ka interior design karwana hai chahiye,Local Professionals,Interior Designer
aaj ghar ki safai karwani hai chahiye,Daily Needs,House Cleaning
bhai gym trainer chahiye aaj,Health & Wellness,Fitness Trainer
please farm machine repair karwani hai koi hai kya,Agriculture,Farm Equipment Repair
mere ghar me doctor se consult karna hai mere area me,Health & Wellness,Doctor
nearby ghar paint karwana hai koi hai kya,Home Services,Painter
mere ghar me bachche ke liye tutor chahiye urgently,Education,Home Tutor
mujhe coaching institute chahiye mere area me,Education,Coaching Institute
urgent khet me irrigation karwani hai koi hai kya,Agriculture,Irrigation Service
please bike battery kharab hai urgently,Vehicle Services,Battery Service
mujhe poster design karwana hai help chahiye,Business Services,Graphic Designer
fitness trainer chahiye koi hai kya,Health & Wellness,Fitness Trainer
AC service chahiye jaldi,Home Services,AC Repair & Service
mere ghar me security camera install karwana hai nearby,Home Services,CCTV Installation
mere area me bike battery kharab hai aaj,Vehicle Services,Battery Service
bhai electrician chahiye please,Home Services,Electrician
aaj pani ki pipe repair karwani hai koi hai kya,Home Services,Plumber
urgent poster design karwana hai chahiye,Business Services,Graphic Designer
urgent CA chahiye urgently,Business Services,CA
aaj home tutor chahiye urgently,Education,Home Tutor
please laundry service chahiye mere area me,Daily Needs,Laundry
mere ghar me home appliance repair chahiye koi hai kya,Home Services,Appliance Repair
mere area me bachche ke liye tutor chahiye jaldi,Education,Home Tutor
bhai kapde laundry ke liye dene hain koi hai kya,Daily Needs,Laundry
urgent tax filing ke liye CA chahiye chahiye,Business Services,CA
please interior designer chahiye koi hai kya,Local Professionals,Interior Designer
mujhe irrigation service chahiye mere area me,Agriculture,Irrigation Service
mere area me tractor mechanic chahiye nearby,Agriculture,Tractor Repair
please tax filing ke liye CA chahiye chahiye,Business Services,CA
mere ghar me darwaza repair karwana hai help chahiye,Home Services,Carpenter
bhai lawyer chahiye jaldi,Business Services,Lawyer
urgent air conditioner kharab hai help chahiye,Home Services,AC Repair & Service
jaldi tractor repair karwana hai please,Agriculture,Tractor Repair
please pipe leak ho raha hai please,Home Services,Plumber
please painter chahiye please,Home Services,Painter
aaj home tutor chahiye mere area me,Education,Home Tutor
aaj tractor mechanic chahiye nearby,Agriculture,Tractor Repair
nearby gym trainer chahiye mere area me,Health & Wellness,Fitness Trainer
bhai bike repair karwani hai chahiye,Vehicle Services,Bike Repair
CA chahiye mere area me,Business Services,CA
mere area me online tutor chahiye urgently,Education,Online Tutor
nearby photographer chahiye mere area me,Local Professionals,Photographer
mujhe social media marketing chahiye chahiye,Business Services,Digital Marketing
bhai ghar par teacher chahiye koi hai kya,Education,Home Tutor
aaj online tutor chahiye jaldi,Education,Online Tutor
nearby online tutor chahiye koi hai kya,Education,Online Tutor
jaldi tractor kharab ho gaya chahiye,Agriculture,Tractor Repair
function organise karwana hai jaldi,Local Professionals,Event Planner
jaldi exam coaching chahiye mere area me,Education,Coaching Institute
mere ghar me carpenter chahiye koi hai kya,Home Services,Carpenter
mujhe bike repair karwani hai urgently,Vehicle Services,Bike Repair
mujhe online tutor chahiye urgently,Education,Online Tutor
security camera install karwana hai chahiye,Home Services,CCTV Installation
mere ghar me home cleaning service chahiye mere area me,Daily Needs,House Cleaning
mere area me irrigation service chahiye aaj,Agriculture,Irrigation Service
nearby I need a photographer jaldi,Local Professionals,Photographer
mere area me RO service chahiye aaj,Home Services,RO / Water Purifier Service
mujhe online classes chahiye nearby,Education,Online Tutor
urgent ghar ka interior design karwana hai mere area me,Local Professionals,Interior Designer
mere area me birthday party planner chahiye help chahiye,Local Professionals,Event Planner
nearby wedding photographer chahiye nearby,Local Professionals,Photographer
jaldi painter chahiye nearby,Home Services,Painter
mere area me car tow karwani hai koi hai kya,Vehicle Services,Towing Service
please coaching institute chahiye chahiye,Education,Coaching Institute
aaj farm equipment mechanic chahiye,Agriculture,Farm Equipment Repair
jaldi event planner chahiye urgently,Local Professionals,Event Planner
please logo design karwana hai mere area me,Business Services,Graphic Designer
urgent CA chahiye nearby,Business Services,CA
car raste me band ho gayi nearby,Vehicle Services,Car Repair
jaldi home tutor chahiye jaldi,Education,Home Tutor
mere ghar me washing machine kharab hai nearby,Home Services,Appliance Repair
mere ghar me pani ki irrigation system chahiye chahiye,Agriculture,Irrigation Service
jaldi function organise karwana hai urgently,Local Professionals,Event Planner
bhai ghar paint karwana hai nearby,Home Services,Painter
mere area me exam coaching chahiye urgently,Education,Coaching Institute
aaj advocate chahiye nearby,Business Services,Lawyer
urgent gym trainer chahiye please,Health & Wellness,Fitness Trainer
aaj bachche ke liye tutor chahiye nearby,Education,Home Tutor
mere area me car repair karwani hai please,Vehicle Services,Car Repair
mere area me social media marketing chahiye urgently,Business Services,Digital Marketing
please bachche ke liye tutor chahiye,Education,Home Tutor
urgent website banwani hai mere area me,Business Services,Web Developer
aaj physiotherapist chahiye please,Health & Wellness,Physiotherapist
mere area me RO service chahiye,Home Services,RO / Water Purifier Service
nearby ghar ka interior design karwana hai mere area me,Local Professionals,Interior Designer
mere ghar me bike repair karwani hai aaj,Vehicle Services,Bike Repair
mere area me chartered accountant chahiye aaj,Business Services,CA
birthday party planner chahiye please,Local Professionals,Event Planner
jaldi gym trainer chahiye please,Health & Wellness,Fitness Trainer
mere area me clothes washing service chahiye nearby,Daily Needs,Laundry
mere ghar me towing truck chahiye koi hai kya,Vehicle Services,Towing Service
urgent kapde laundry ke liye dene hain,Daily Needs,Laundry
nearby pest control chahiye mere area me,Daily Needs,Pest Control
mere ghar me carpenter chahiye help chahiye,Home Services,Carpenter
urgent coaching join karni hai mere area me,Education,Coaching Institute
bhai pani ki irrigation system chahiye aaj,Agriculture,Irrigation Service
aaj doctor chahiye please,Health & Wellness,Doctor
bhai pest control chahiye mere area me,Daily Needs,Pest Control
nearby interior designer chahiye urgently,Local Professionals,Interior Designer
bhai ghar me cockroach bahut hain help chahiye,Daily Needs,Pest Control
jaldi chartered accountant chahiye,Business Services,CA
jaldi chartered accountant chahiye mere area me,Business Services,CA
bhai doctor se consult karna hai jaldi,Health & Wellness,Doctor
bhai kapde laundry ke liye dene hain help chahiye,Daily Needs,Laundry
please personal trainer chahiye urgently,Health & Wellness,Fitness Trainer
bhai gaadi ko tow karke le jana hai aaj,Vehicle Services,Towing Service
please air conditioner kharab hai help chahiye,Home Services,AC Repair & Service
aaj tax filing ke liye CA chahiye please,Business Services,CA
urgent home tutor chahiye,Education,Home Tutor
please lawyer chahiye,Business Services,Lawyer
aaj tractor mechanic chahiye mere area me,Agriculture,Tractor Repair
bhai fitness trainer chahiye,Health & Wellness,Fitness Trainer
car wash karwani hai chahiye,Vehicle Services,Vehicle Washing
doctor chahiye help chahiye,Health & Wellness,Doctor
event planner chahiye mere area me,Local Professionals,Event Planner
urgent bachche ke liye tutor chahiye help chahiye,Education,Home Tutor
bhai wedding photographer chahiye mere area me,Local Professionals,Photographer
nearby fitness trainer chahiye urgently,Health & Wellness,Fitness Trainer
mujhe pani ki irrigation system chahiye help chahiye,Agriculture,Irrigation Service
bhai tax filing ke liye CA chahiye koi hai kya,Business Services,CA
exam coaching chahiye koi hai kya,Education,Coaching Institute
mujhe CA chahiye help chahiye,Business Services,CA
please wedding photographer chahiye koi hai kya,Local Professionals,Photographer
mere ghar me physiotherapy karwani hai please,Health & Wellness,Physiotherapist
urgent tractor repair karwana hai nearby,Agriculture,Tractor Repair
mere ghar me car tow karwani hai jaldi,Vehicle Services,Towing Service
please home cleaning service chahiye koi hai kya,Daily Needs,House Cleaning
mujhe gaadi ko tow karke le jana hai urgently,Vehicle Services,Towing Service
aaj back pain ke liye physiotherapist chahiye help chahiye,Health & Wellness,Physiotherapist
mujhe furniture repair karwana hai urgently,Home Services,Carpenter
mere area me switch kaam nahi kar raha help chahiye,Home Services,Electrician
jaldi security camera install karwana hai help chahiye,Home Services,CCTV Installation
home appliance repair chahiye aaj,Home Services,Appliance Repair
urgent fitness trainer chahiye mere area me,Health & Wellness,Fitness Trainer
urgent room interior karwana hai nearby,Local Professionals,Interior Designer
fridge thanda nahi kar raha,Home Services,Appliance Repair
jaldi fitness trainer chahiye koi hai kya,Health & Wellness,Fitness Trainer
bhai car battery dead hai chahiye,Vehicle Services,Battery Service
jaldi puncture wala chahiye chahiye,Vehicle Services,Tyre Puncture
urgent farm equipment mechanic chahiye help chahiye,Agriculture,Farm Equipment Repair
jaldi ghar ka interior design karwana hai chahiye,Local Professionals,Interior Designer
mere ghar me online teacher chahiye koi hai kya,Education,Online Tutor
bhai khet me irrigation karwani hai,Agriculture,Irrigation Service
mujhe function organise karwana hai aaj,Local Professionals,Event Planner
please AC repair karwana hai nearby,Home Services,AC Repair & Service
please event planner chahiye mere area me,Local Professionals,Event Planner
mujhe home tutor chahiye koi hai kya,Education,Home Tutor
mujhe fridge repair karwana hai please,Home Services,Appliance Repair
nearby battery service chahiye aaj,Vehicle Services,Battery Service
mere area me website banwani hai mere area me,Business Services,Web Developer
please gym trainer chahiye urgently,Health & Wellness,Fitness Trainer
mere area me lawyer chahiye urgently,Business Services,Lawyer
aaj coaching institute chahiye nearby,Education,Coaching Institute
jaldi doctor se consult karna hai jaldi,Health & Wellness,Doctor
aaj vehicle cleaning chahiye koi hai kya,Vehicle Services,Vehicle Washing
urgent bike battery kharab hai,Vehicle Services,Battery Service
mere area me home cleaning service chahiye mere area me,Daily Needs,House Cleaning
mere ghar me pipe leak ho raha hai urgently,Home Services,Plumber
mere ghar me farm equipment mechanic chahiye,Agriculture,Farm Equipment Repair
bhai car repair karwani hai jaldi,Vehicle Services,Car Repair
mujhe RO ka pani nahi aa raha help chahiye,Home Services,RO / Water Purifier Service
mere ghar me painter chahiye,Home Services,Painter
jaldi puncture wala chahiye urgently,Vehicle Services,Tyre Puncture
please online tutor chahiye nearby,Education,Online Tutor
mere ghar me room interior karwana hai help chahiye,Local Professionals,Interior Designer
mere area me doctor chahiye help chahiye,Health & Wellness,Doctor
aaj ghar me CCTV lagana hai,Home Services,CCTV Installation
nearby gym trainer chahiye aaj,Health & Wellness,Fitness Trainer
mere ghar me darwaza repair karwana hai jaldi,Home Services,Carpenter
aaj web developer chahiye,Business Services,Web Developer
urgent room paint karwana hai urgently,Home Services,Painter
urgent pest control chahiye help chahiye,Daily Needs,Pest Control
aaj legal help chahiye koi hai kya,Business Services,Lawyer
coaching institute chahiye aaj,Education,Coaching Institute
bhai termite treatment chahiye aaj,Daily Needs,Pest Control
mere ghar me ghar ki safai karwani hai chahiye,Daily Needs,House Cleaning
bhai coaching institute chahiye mere area me,Education,Coaching Institute
jaldi pest control chahiye nearby,Daily Needs,Pest Control
logo design karwana hai please,Business Services,Graphic Designer
mujhe towing truck chahiye koi hai kya,Vehicle Services,Towing Service
bhai agriculture machine kharab hai help chahiye,Agriculture,Farm Equipment Repair
please tractor kharab ho gaya please,Agriculture,Tractor Repair
please room paint karwana hai please,Home Services,Painter
jaldi car battery dead hai chahiye,Vehicle Services,Battery Service
jaldi bike tyre puncture hai aaj,Vehicle Services,Tyre Puncture
nearby I need a photographer please,Local Professionals,Photographer
aaj wall paint karwani hai koi hai kya,Home Services,Painter
mujhe logo design karwana hai aaj,Business Services,Graphic Designer
farm machine repair karwani hai jaldi,Agriculture,Farm Equipment Repair
urgent online tutor chahiye please,Education,Online Tutor
puncture wala chahiye nearby,Vehicle Services,Tyre Puncture
mere ghar me exam coaching chahiye jaldi,Education,Coaching Institute
please car wash karwani hai chahiye,Vehicle Services,Vehicle Washing
aaj tractor repair karwana hai nearby,Agriculture,Tractor Repair
please car tow karwani hai,Vehicle Services,Towing Service
mere area me furniture repair karwana hai help chahiye,Home Services,Carpenter
mere area me tax filing ke liye CA chahiye chahiye,Business Services,CA
urgent darwaza repair karwana hai jaldi,Home Services,Carpenter
nearby birthday party planner chahiye aaj,Local Professionals,Event Planner
business website chahiye mere area me,Business Services,Web Developer
mere area me online classes chahiye urgently,Education,Online Tutor
aaj agriculture machine kharab hai,Agriculture,Farm Equipment Repair
nearby physiotherapist chahiye help chahiye,Health & Wellness,Physiotherapist
urgent ghar ka interior design karwana hai chahiye,Local Professionals,Interior Designer
jaldi ghar ki safai karwani hai urgently,Daily Needs,House Cleaning
mere area me back pain ke liye physiotherapist chahiye urgently,Health & Wellness,Physiotherapist
bhai online tutor chahiye,Education,Online Tutor
please function organise karwana hai chahiye,Local Professionals,Event Planner
mere ghar me home appliance repair chahiye help chahiye,Home Services,Appliance Repair
jaldi vehicle cleaning chahiye aaj,Vehicle Services,Vehicle Washing
bhai ghar ki light kharab hai,Home Services,Electrician
jaldi khet me irrigation karwani hai nearby,Agriculture,Irrigation Service
jaldi ghar ki safai karwani hai koi hai kya,Daily Needs,House Cleaning
mere area me physiotherapist chahiye aaj,Health & Wellness,Physiotherapist
mujhe pani ki irrigation system chahiye aaj,Agriculture,Irrigation Service
please farm machine repair karwani hai aaj,Agriculture,Farm Equipment Repair
doctor appointment chahiye mere area me,Health & Wellness,Doctor
mujhe car tow karwani hai mere area me,Vehicle Services,Towing Service
mere area me doctor se consult karna hai koi hai kya,Health & Wellness,Doctor
personal trainer chahiye jaldi,Health & Wellness,Fitness Trainer
mere area me vehicle cleaning chahiye urgently,Vehicle Services,Vehicle Washing
mere area me web developer chahiye help chahiye,Business Services,Web Developer
mujhe ghar par teacher chahiye jaldi,Education,Home Tutor
please clothes washing service chahiye aaj,Daily Needs,Laundry
tractor kharab ho gaya koi hai kya,Agriculture,Tractor Repair
jaldi fitness trainer chahiye chahiye,Health & Wellness,Fitness Trainer
please doctor chahiye aaj,Health & Wellness,Doctor
jaldi coaching institute chahiye help chahiye,Education,Coaching Institute
mere area me khet me irrigation karwani hai chahiye,Agriculture,Irrigation Service
aaj lawyer chahiye chahiye,Business Services,Lawyer
mere ghar me business promotion karwana hai urgently,Business Services,Digital Marketing
urgent agriculture machine kharab hai please,Agriculture,Farm Equipment Repair
mujhe doctor chahiye chahiye,Health & Wellness,Doctor
mere ghar me bed repair karwana hai,Home Services,Carpenter
physiotherapist chahiye mere area me,Health & Wellness,Physiotherapist
urgent event planner chahiye nearby,Local Professionals,Event Planner
urgent online teacher chahiye,Education,Online Tutor
bhai event planner chahiye please,Local Professionals,Event Planner
mere area me bachche ke liye tutor chahiye nearby,Education,Home Tutor
online teacher chahiye chahiye,Education,Online Tutor
please farm machine repair karwani hai please,Agriculture,Farm Equipment Repair
aaj tractor repair karwana hai urgently,Agriculture,Tractor Repair
jaldi darwaza repair karwana hai koi hai kya,Home Services,Carpenter
mere ghar me online tutor chahiye jaldi,Education,Online Tutor
bhai ghar ki safai karwani hai help chahiye,Daily Needs,House Cleaning
nearby physiotherapist chahiye mere area me,Health & Wellness,Physiotherapist
mere area me tractor kharab ho gaya chahiye,Agriculture,Tractor Repair
nearby social media marketing chahiye nearby,Business Services,Digital Marketing
aaj pest control chahiye aaj,Daily Needs,Pest Control
mere area me laundry service chahiye urgently,Daily Needs,Laundry
mere ghar me room interior karwana hai chahiye,Local Professionals,Interior Designer
online tutor chahiye jaldi,Education,Online Tutor
nearby wedding photographer chahiye please,Local Professionals,Photographer
mere area me legal help chahiye aaj,Business Services,Lawyer
aaj birthday party planner chahiye mere area me,Local Professionals,Event Planner
jaldi electrician chahiye mere area me,Home Services,Electrician
nearby graphic designer chahiye help chahiye,Business Services,Graphic Designer
mere area me website banwani hai nearby,Business Services,Web Developer
urgent AC service chahiye help chahiye,Home Services,AC Repair & Service
aaj web developer chahiye help chahiye,Business Services,Web Developer
bhai room interior karwana hai help chahiye,Local Professionals,Interior Designer
aaj photographer chahiye urgently,Local Professionals,Photographer
bhai online classes chahiye,Education,Online Tutor
jaldi coaching institute chahiye jaldi,Education,Coaching Institute
tractor mechanic chahiye nearby,Agriculture,Tractor Repair
mujhe legal help chahiye koi hai kya,Business Services,Lawyer
nearby car tow karwani hai chahiye,Vehicle Services,Towing Service
nearby web developer chahiye nearby,Business Services,Web Developer
urgent personal trainer chahiye mere area me,Health & Wellness,Fitness Trainer
mere ghar me irrigation service chahiye jaldi,Agriculture,Irrigation Service
nearby graphic designer chahiye jaldi,Business Services,Graphic Designer
bhai pani ki pipe repair karwani hai urgently,Home Services,Plumber
please fitness trainer chahiye urgently,Health & Wellness,Fitness Trainer
nearby coaching institute chahiye jaldi,Education,Coaching Institute
mujhe home cleaning service chahiye aaj,Daily Needs,House Cleaning
nearby AC repair karwana hai koi hai kya,Home Services,AC Repair & Service
jaldi social media marketing chahiye nearby,Business Services,Digital Marketing
mere area me doctor appointment chahiye urgently,Health & Wellness,Doctor
urgent tractor kharab ho gaya,Agriculture,Tractor Repair
urgent car tow karwani hai koi hai kya,Vehicle Services,Towing Service
doctor appointment chahiye help chahiye,Health & Wellness,Doctor
birthday party planner chahiye nearby,Local Professionals,Event Planner
mujhe function organise karwana hai help chahiye,Local Professionals,Event Planner
bhai car wash karwani hai,Vehicle Services,Vehicle Washing
bhai coaching institute chahiye jaldi,Education,Coaching Institute
nearby online tutor chahiye nearby,Education,Online Tutor
mere ghar me car start nahi ho rahi urgently,Vehicle Services,Car Repair
urgent business website chahiye,Business Services,Web Developer
mere ghar me photographer chahiye urgently,Local Professionals,Photographer
bhai event planner chahiye nearby,Local Professionals,Event Planner
urgent khet me irrigation karwani hai urgently,Agriculture,Irrigation Service
nearby physiotherapy karwani hai,Health & Wellness,Physiotherapist
bhai clothes washing service chahiye chahiye,Daily Needs,Laundry
nearby ghar me cockroach bahut hain jaldi,Daily Needs,Pest Control
ghar par teacher chahiye mere area me,Education,Home Tutor
bhai house cleaning chahiye aaj,Daily Needs,House Cleaning
nearby bike repair karwani hai mere area me,Vehicle Services,Bike Repair
bike engine me problem hai jaldi,Vehicle Services,Bike Repair
coaching institute chahiye please,Education,Coaching Institute
kapde laundry ke liye dene hain urgently,Daily Needs,Laundry
jaldi ghar ki safai karwani hai mere area me,Daily Needs,House Cleaning
urgent laundry service chahiye urgently,Daily Needs,Laundry
bhai vehicle cleaning chahiye urgently,Vehicle Services,Vehicle Washing
aaj bike wash karwani hai nearby,Vehicle Services,Vehicle Washing
mere ghar me clothes washing service chahiye help chahiye,Daily Needs,Laundry
please tractor repair karwana hai nearby,Agriculture,Tractor Repair
aaj social media marketing chahiye nearby,Business Services,Digital Marketing
bhai darwaza repair karwana hai koi hai kya,Home Services,Carpenter
mujhe bachche ke liye tutor chahiye help chahiye,Education,Home Tutor
mujhe room interior karwana hai please,Local Professionals,Interior Designer
please online classes chahiye nearby,Education,Online Tutor
nearby electrician chahiye help chahiye,Home Services,Electrician
jaldi photographer chahiye,Local Professionals,Photographer
please doctor appointment chahiye chahiye,Health & Wellness,Doctor
jaldi physiotherapist chahiye jaldi,Health & Wellness,Physiotherapist
mujhe darwaza repair karwana hai,Home Services,Carpenter
please bachche ke liye tutor chahiye jaldi,Education,Home Tutor
aaj website banwani hai,Business Services,Web Developer
urgent event planner chahiye mere area me,Local Professionals,Event Planner
mere ghar me business website chahiye aaj,Business Services,Web Developer
home tutor chahiye mere area me,Education,Home Tutor
nearby ghar paint karwana hai urgently,Home Services,Painter
mere ghar me online classes chahiye chahiye,Education,Online Tutor
nearby car tyre puncture ho gaya koi hai kya,Vehicle Services,Tyre Puncture
kapde laundry ke liye dene hain chahiye,Daily Needs,Laundry
jaldi doctor se consult karna hai mere area me,Health & Wellness,Doctor
logo design karwana hai help chahiye,Business Services,Graphic Designer
jaldi car start nahi ho rahi,Vehicle Services,Car Repair
mujhe logo design karwana hai help chahiye,Business Services,Graphic Designer
poster design karwana hai jaldi,Business Services,Graphic Designer
nearby tractor repair karwana hai,Agriculture,Tractor Repair
mujhe fan repair karwana hai mere area me,Home Services,Electrician
mere area me farm machine repair karwani hai koi hai kya,Agriculture,Farm Equipment Repair
jaldi ghar me cockroach bahut hain mere area me,Daily Needs,Pest Control
bhai tractor kharab ho gaya chahiye,Agriculture,Tractor Repair
mere ghar me electrician chahiye chahiye,Home Services,Electrician
bhai personal trainer chahiye koi hai kya,Health & Wellness,Fitness Trainer
bhai tax filing ke liye CA chahiye chahiye,Business Services,CA
aaj car tyre puncture ho gaya chahiye,Vehicle Services,Tyre Puncture
please ghar par teacher chahiye aaj,Education,Home Tutor
urgent battery service chahiye help chahiye,Vehicle Services,Battery Service
mujhe business website chahiye urgently,Business Services,Web Developer
mere area me home tutor chahiye nearby,Education,Home Tutor
mere ghar me lawyer chahiye help chahiye,Business Services,Lawyer
urgent ghar par teacher chahiye please,Education,Home Tutor
please kapde laundry ke liye dene hain mere area me,Daily Needs,Laundry
mere ghar me khet me irrigation karwani hai koi hai kya,Agriculture,Irrigation Service
CCTV camera lagwana hai jaldi,Home Services,CCTV Installation
jaldi laundry service chahiye help chahiye,Daily Needs,Laundry
urgent pest control chahiye aaj,Daily Needs,Pest Control
urgent fan repair karwana hai help chahiye,Home Services,Electrician
aaj towing truck chahiye nearby,Vehicle Services,Towing Service
mere ghar me poster design karwana hai aaj,Business Services,Graphic Designer
mere area me furniture repair karwana hai please,Home Services,Carpenter
aaj graphic designer chahiye nearby,Business Services,Graphic Designer
jaldi room interior karwana hai help chahiye,Local Professionals,Interior Designer
ghar me cockroach bahut hain help chahiye,Daily Needs,Pest Control
mere area me event planner chahiye please,Local Professionals,Event Planner
nearby room interior karwana hai jaldi,Local Professionals,Interior Designer
home cleaning service chahiye koi hai kya,Daily Needs,House Cleaning
car battery dead hai urgently,Vehicle Services,Battery Service
nearby poster design karwana hai help chahiye,Business Services,Graphic Designer
nearby ghar par teacher chahiye please,Education,Home Tutor
mere area me pest control chahiye mere area me,Daily Needs,Pest Control
online teacher chahiye nearby,Education,Online Tutor
mere ghar me ghar ka interior design karwana hai chahiye,Local Professionals,Interior Designer
jaldi bachche ke liye tutor chahiye jaldi,Education,Home Tutor
personal trainer chahiye please,Health & Wellness,Fitness Trainer
aaj security camera install karwana hai aaj,Home Services,CCTV Installation
please social media marketing chahiye help chahiye,Business Services,Digital Marketing
bhai coaching join karni hai,Education,Coaching Institute
please car tow karwani hai chahiye,Vehicle Services,Towing Service
aaj ghar me CCTV lagana hai jaldi,Home Services,CCTV Installation
bhai gym trainer chahiye mere area me,Health & Wellness,Fitness Trainer
please photographer chahiye jaldi,Local Professionals,Photographer
mujhe car repair karwani hai,Vehicle Services,Car Repair
bhai tractor repair karwana hai koi hai kya,Agriculture,Tractor Repair
bhai online tutor chahiye jaldi,Education,Online Tutor
doctor chahiye chahiye,Health & Wellness,Doctor
nearby tax filing ke liye CA chahiye urgently,Business Services,CA
agriculture machine kharab hai koi hai kya,Agriculture,Farm Equipment Repair
mujhe home cleaning service chahiye help chahiye,Daily Needs,House Cleaning
nearby switch kaam nahi kar raha jaldi,Home Services,Electrician
mere ghar me coaching institute chahiye mere area me,Education,Coaching Institute
mere area me agriculture machine kharab hai koi hai kya,Agriculture,Farm Equipment Repair
jaldi towing truck chahiye koi hai kya,Vehicle Services,Towing Service
urgent digital marketing service chahiye please,Business Services,Digital Marketing
mere area me pani ki pipe repair karwani hai aaj,Home Services,Plumber
jaldi CA chahiye aaj,Business Services,CA
bhai fitness trainer chahiye help chahiye,Health & Wellness,Fitness Trainer
CCTV camera lagwana hai aaj,Home Services,CCTV Installation
jaldi ghar ki light kharab hai jaldi,Home Services,Electrician
mujhe poster design karwana hai aaj,Business Services,Graphic Designer
room paint karwana hai urgently,Home Services,Painter
nearby gaadi ko tow karke le jana hai koi hai kya,Vehicle Services,Towing Service
jaldi RO service chahiye aaj,Home Services,RO / Water Purifier Service
nearby irrigation service chahiye please,Agriculture,Irrigation Service
mere ghar me doctor chahiye chahiye,Health & Wellness,Doctor
mere ghar me personal trainer chahiye urgently,Health & Wellness,Fitness Trainer
aaj laundry service chahiye koi hai kya,Daily Needs,Laundry
nearby bike start nahi ho rahi chahiye,Vehicle Services,Bike Repair
urgent web developer chahiye urgently,Business Services,Web Developer
jaldi ghar me cockroach bahut hain koi hai kya,Daily Needs,Pest Control
aaj back pain ke liye physiotherapist chahiye mere area me,Health & Wellness,Physiotherapist
urgent physiotherapy karwani hai please,Health & Wellness,Physiotherapist
bhai plumber chahiye please,Home Services,Plumber
mujhe bike engine me problem hai please,Vehicle Services,Bike Repair
please online teacher chahiye aaj,Education,Online Tutor
aaj agriculture machine kharab hai nearby,Agriculture,Farm Equipment Repair
jaldi battery service chahiye aaj,Vehicle Services,Battery Service
bhai ghar par teacher chahiye jaldi,Education,Home Tutor
please birthday party planner chahiye mere area me,Local Professionals,Event Planner
please ghar paint karwana hai chahiye,Home Services,Painter
mere ghar me bed repair karwana hai koi hai kya,Home Services,Carpenter
please fitness trainer chahiye please,Health & Wellness,Fitness Trainer
aaj home cleaning service chahiye help chahiye,Daily Needs,House Cleaning
please online tutor chahiye mere area me,Education,Online Tutor
bhai gym trainer chahiye jaldi,Health & Wellness,Fitness Trainer
bhai farm equipment mechanic chahiye jaldi,Agriculture,Farm Equipment Repair
doctor se consult karna hai jaldi,Health & Wellness,Doctor
bhai ghar par teacher chahiye,Education,Home Tutor
termite treatment chahiye help chahiye,Daily Needs,Pest Control
please event planner chahiye koi hai kya,Local Professionals,Event Planner
aaj car battery dead hai chahiye,Vehicle Services,Battery Service
mere area me home tutor chahiye please,Education,Home Tutor
nearby doctor appointment chahiye aaj,Health & Wellness,Doctor
nearby pani ki irrigation system chahiye urgently,Agriculture,Irrigation Service
jaldi farm equipment mechanic chahiye nearby,Agriculture,Farm Equipment Repair
mujhe logo design karwana hai please,Business Services,Graphic Designer
mere area me function organise karwana hai aaj,Local Professionals,Event Planner
nearby wedding photographer chahiye urgently,Local Professionals,Photographer
mujhe ghar me cockroach bahut hain,Daily Needs,Pest Control
please personal trainer chahiye chahiye,Health & Wellness,Fitness Trainer
mujhe pipe leak ho raha hai jaldi,Home Services,Plumber
nearby tax filing ke liye CA chahiye please,Business Services,CA
bachche ke liye tutor chahiye koi hai kya,Education,Home Tutor
jaldi clothes washing service chahiye mere area me,Daily Needs,Laundry
aaj social media marketing chahiye,Business Services,Digital Marketing
aaj online classes chahiye chahiye,Education,Online Tutor
mujhe house cleaning chahiye urgently,Daily Needs,House Cleaning
mere area me online tutor chahiye,Education,Online Tutor
please home tutor chahiye,Education,Home Tutor
mere area me washing machine kharab hai koi hai kya,Home Services,Appliance Repair
gaadi ko tow karke le jana hai,Vehicle Services,Towing Service
urgent car battery dead hai nearby,Vehicle Services,Battery Service
mere area me online classes chahiye aaj,Education,Online Tutor
bhai fridge thanda nahi kar raha jaldi,Home Services,Appliance Repair
electrician chahiye please,Home Services,Electrician
mere area me online classes chahiye mere area me,Education,Online Tutor
please online tutor chahiye aaj,Education,Online Tutor
please ghar par teacher chahiye jaldi,Education,Home Tutor
jaldi chartered accountant chahiye nearby,Business Services,CA
urgent tractor mechanic chahiye,Agriculture,Tractor Repair
nearby water purifier repair karwana hai jaldi,Home Services,RO / Water Purifier Service
jaldi online tutor chahiye please,Education,Online Tutor
bhai poster design karwana hai,Business Services,Graphic Designer
farm machine repair karwani hai,Agriculture,Farm Equipment Repair
mujhe battery service chahiye mere area me,Vehicle Services,Battery Service
please darwaza repair karwana hai mere area me,Home Services,Carpenter
aaj car mechanic chahiye mere area me,Vehicle Services,Car Repair
mujhe car mechanic chahiye help chahiye,Vehicle Services,Car Repair
please interior designer chahiye chahiye,Local Professionals,Interior Designer
mere area me advocate chahiye jaldi,Business Services,Lawyer
jaldi home tutor chahiye urgently,Education,Home Tutor
mujhe pipe leak ho raha hai chahiye,Home Services,Plumber
mere area me khet me irrigation karwani hai help chahiye,Agriculture,Irrigation Service
please puncture wala chahiye please,Vehicle Services,Tyre Puncture
mere ghar me home tutor chahiye mere area me,Education,Home Tutor
nearby RO service chahiye koi hai kya,Home Services,RO / Water Purifier Service
bhai photographer chahiye,Local Professionals,Photographer
online teacher chahiye jaldi,Education,Online Tutor
mujhe kapde laundry ke liye dene hain chahiye,Daily Needs,Laundry
bhai agriculture machine kharab hai jaldi,Agriculture,Farm Equipment Repair
advocate chahiye koi hai kya,Business Services,Lawyer
mujhe home cleaning service chahiye chahiye,Daily Needs,House Cleaning
mere ghar me washing machine kharab hai koi hai kya,Home Services,Appliance Repair
urgent wedding photographer chahiye chahiye,Local Professionals,Photographer
nearby RO kharab hai mere area me,Home Services,RO / Water Purifier Service
jaldi vehicle cleaning chahiye jaldi,Vehicle Services,Vehicle Washing
mujhe bike start nahi ho rahi nearby,Vehicle Services,Bike Repair
nearby car start nahi ho rahi chahiye,Vehicle Services,Car Repair
nearby ghar me CCTV lagana hai aaj,Home Services,CCTV Installation
aaj car battery dead hai koi hai kya,Vehicle Services,Battery Service
urgent business promotion karwana hai urgently,Business Services,Digital Marketing
jaldi ghar ka interior design karwana hai,Local Professionals,Interior Designer
urgent ghar ka interior design karwana hai urgently,Local Professionals,Interior Designer
mere ghar me farm equipment mechanic chahiye aaj,Agriculture,Farm Equipment Repair
urgent laundry service chahiye nearby,Daily Needs,Laundry
urgent digital marketing service chahiye help chahiye,Business Services,Digital Marketing
house cleaning chahiye help chahiye,Daily Needs,House Cleaning
coaching institute chahiye urgently,Education,Coaching Institute
aaj online tutor chahiye help chahiye,Education,Online Tutor
please car battery dead hai help chahiye,Vehicle Services,Battery Service
jaldi laundry service chahiye koi hai kya,Daily Needs,Laundry
urgent towing truck chahiye help chahiye,Vehicle Services,Towing Service
mujhe agriculture machine kharab hai mere area me,Agriculture,Farm Equipment Repair
bhai lawyer chahiye mere area me,Business Services,Lawyer
please tractor repair karwana hai mere area me,Agriculture,Tractor Repair
exam coaching chahiye chahiye,Education,Coaching Institute
bhai irrigation service chahiye chahiye,Agriculture,Irrigation Service
mere area me birthday party planner chahiye nearby,Local Professionals,Event Planner
mere ghar me web developer chahiye help chahiye,Business Services,Web Developer
nearby farm machine repair karwani hai koi hai kya,Agriculture,Farm Equipment Repair
mujhe back pain ke liye physiotherapist chahiye koi hai kya,Health & Wellness,Physiotherapist
nearby personal trainer chahiye mere area me,Health & Wellness,Fitness Trainer
bhai digital marketing service chahiye jaldi,Business Services,Digital Marketing
mere ghar me interior designer chahiye nearby,Local Professionals,Interior Designer
aaj ghar me CCTV lagana hai mere area me,Home Services,CCTV Installation
please exam coaching chahiye aaj,Education,Coaching Institute
mujhe ghar par teacher chahiye aaj,Education,Home Tutor
mere area me business website chahiye mere area me,Business Services,Web Developer
nearby logo design karwana hai jaldi,Business Services,Graphic Designer
exam coaching chahiye urgently,Education,Coaching Institute
agriculture machine kharab hai jaldi,Agriculture,Farm Equipment Repair
mujhe function organise karwana hai nearby,Local Professionals,Event Planner
urgent physiotherapist chahiye,Health & Wellness,Physiotherapist
please back pain ke liye physiotherapist chahiye please,Health & Wellness,Physiotherapist
wedding photographer chahiye jaldi,Local Professionals,Photographer
aaj physiotherapy karwani hai aaj,Health & Wellness,Physiotherapist
coaching institute chahiye nearby,Education,Coaching Institute
nearby home cleaning service chahiye jaldi,Daily Needs,House Cleaning
bhai fitness trainer chahiye chahiye,Health & Wellness,Fitness Trainer
digital marketing service chahiye help chahiye,Business Services,Digital Marketing
please social media marketing chahiye nearby,Business Services,Digital Marketing
aaj business website chahiye please,Business Services,Web Developer
bhai function organise karwana hai nearby,Local Professionals,Event Planner
jaldi bike engine me problem hai,Vehicle Services,Bike Repair
mujhe bijli ka problem hai jaldi,Home Services,Electrician
mere area me RO ka pani nahi aa raha chahiye,Home Services,RO / Water Purifier Service
farm equipment mechanic chahiye,Agriculture,Farm Equipment Repair
urgent kapde laundry ke liye dene hain please,Daily Needs,Laundry
jaldi birthday party planner chahiye help chahiye,Local Professionals,Event Planner
online tutor chahiye help chahiye,Education,Online Tutor
jaldi function organise karwana hai aaj,Local Professionals,Event Planner
RO ka pani nahi aa raha help chahiye,Home Services,RO / Water Purifier Service
jaldi car mechanic chahiye koi hai kya,Vehicle Services,Car Repair
please ghar me cockroach bahut hain mere area me,Daily Needs,Pest Control
mere ghar me pani ki irrigation system chahiye koi hai kya,Agriculture,Irrigation Service
mere area me tax filing ke liye CA chahiye mere area me,Business Services,CA
jaldi bike tyre puncture hai nearby,Vehicle Services,Tyre Puncture
nearby fitness trainer chahiye jaldi,Health & Wellness,Fitness Trainer
urgent pani ki irrigation system chahiye urgently,Agriculture,Irrigation Service
jaldi exam coaching chahiye please,Education,Coaching Institute
mere area me puncture wala chahiye koi hai kya,Vehicle Services,Tyre Puncture
please bike engine me problem hai jaldi,Vehicle Services,Bike Repair
urgent car tyre puncture ho gaya urgently,Vehicle Services,Tyre Puncture
urgent bike battery kharab hai help chahiye,Vehicle Services,Battery Service
mujhe exam coaching chahiye nearby,Education,Coaching Institute
aaj personal trainer chahiye mere area me,Health & Wellness,Fitness Trainer
mujhe legal help chahiye please,Business Services,Lawyer
mujhe photographer chahiye jaldi,Local Professionals,Photographer
mere area me car wash karwani hai,Vehicle Services,Vehicle Washing
jaldi house cleaning chahiye nearby,Daily Needs,House Cleaning
urgent event planner chahiye jaldi,Local Professionals,Event Planner
mere area me room paint karwana hai chahiye,Home Services,Painter
aaj coaching join karni hai,Education,Coaching Institute
bhai room interior karwana hai mere area me,Local Professionals,Interior Designer
bhai I need a photographer jaldi,Local Professionals,Photographer
please car raste me band ho gayi aaj,Vehicle Services,Car Repair
aaj car tow karwani hai help chahiye,Vehicle Services,Towing Service
aaj tractor mechanic chahiye koi hai kya,Agriculture,Tractor Repair
mere ghar me bike tyre puncture hai help chahiye,Vehicle Services,Tyre Puncture
jaldi personal trainer chahiye help chahiye,Health & Wellness,Fitness Trainer
mere ghar me doctor se consult karna hai nearby,Health & Wellness,Doctor
mere ghar me home tutor chahiye chahiye,Education,Home Tutor
nearby home tutor chahiye mere area me,Education,Home Tutor
mujhe doctor se consult karna hai jaldi,Health & Wellness,Doctor
bhai clothes washing service chahiye mere area me,Daily Needs,Laundry
mere ghar me room paint karwana hai jaldi,Home Services,Painter
aaj function organise karwana hai aaj,Local Professionals,Event Planner
mere ghar me house cleaning chahiye mere area me,Daily Needs,House Cleaning
urgent online classes chahiye nearby,Education,Online Tutor
bhai doctor chahiye urgently,Health & Wellness,Doctor
mujhe fridge thanda nahi kar raha help chahiye,Home Services,Appliance Repair
jaldi water purifier repair karwana hai mere area me,Home Services,RO / Water Purifier Service
jaldi washing machine kharab hai mere area me,Home Services,Appliance Repair
jaldi ghar paint karwana hai chahiye,Home Services,Painter
mere area me laundry service chahiye help chahiye,Daily Needs,Laundry
urgent online tutor chahiye help chahiye,Education,Online Tutor
please laundry service chahiye please,Daily Needs,Laundry
jaldi RO service chahiye please,Home Services,RO / Water Purifier Service
bhai chartered accountant chahiye,Business Services,CA
mere area me car wash karwani hai aaj,Vehicle Services,Vehicle Washing
mujhe pest control chahiye please,Daily Needs,Pest Control
bhai logo design karwana hai urgently,Business Services,Graphic Designer
mere ghar me ghar ka interior design karwana hai urgently,Local Professionals,Interior Designer
please event planner chahiye please,Local Professionals,Event Planner
bhai chartered accountant chahiye koi hai kya,Business Services,CA
please room paint karwana hai help chahiye,Home Services,Painter
nal leak kar raha hai urgently,Home Services,Plumber
room interior karwana hai chahiye,Local Professionals,Interior Designer
nearby bike battery kharab hai koi hai kya,Vehicle Services,Battery Service
please home cleaning service chahiye chahiye,Daily Needs,House Cleaning
mere ghar me doctor chahiye please,Health & Wellness,Doctor
mere area me farm machine repair karwani hai jaldi,Agriculture,Farm Equipment Repair
please laundry service chahiye chahiye,Daily Needs,Laundry
jaldi bike wash karwani hai please,Vehicle Services,Vehicle Washing
khet me irrigation karwani hai nearby,Agriculture,Irrigation Service
mere area me air conditioner kharab hai nearby,Home Services,AC Repair & Service
please water purifier repair karwana hai help chahiye,Home Services,RO / Water Purifier Service
mujhe farm machine repair karwani hai help chahiye,Agriculture,Farm Equipment Repair
laundry service chahiye mere area me,Daily Needs,Laundry
mere area me irrigation service chahiye chahiye,Agriculture,Irrigation Service
aaj tractor kharab ho gaya chahiye,Agriculture,Tractor Repair
mujhe online classes chahiye please,Education,Online Tutor
jaldi fridge repair karwana hai urgently,Home Services,Appliance Repair
please doctor appointment chahiye koi hai kya,Health & Wellness,Doctor
bhai gym trainer chahiye koi hai kya,Health & Wellness,Fitness Trainer
jaldi wedding photographer chahiye koi hai kya,Local Professionals,Photographer
jaldi bed repair karwana hai chahiye,Home Services,Carpenter
function organise karwana hai aaj,Local Professionals,Event Planner
please pani ki irrigation system chahiye koi hai kya,Agriculture,Irrigation Service
physiotherapy karwani hai aaj,Health & Wellness,Physiotherapist
urgent chartered accountant chahiye help chahiye,Business Services,CA
aaj vehicle cleaning chahiye mere area me,Vehicle Services,Vehicle Washing
mujhe physiotherapy karwani hai help chahiye,Health & Wellness,Physiotherapist
bhai graphic designer chahiye nearby,Business Services,Graphic Designer
jaldi CA chahiye help chahiye,Business Services,CA
mere area me clothes washing service chahiye urgently,Daily Needs,Laundry
nearby furniture repair karwana hai help chahiye,Home Services,Carpenter
urgent exam coaching chahiye chahiye,Education,Coaching Institute
mere ghar me doctor se consult karna hai please,Health & Wellness,Doctor
mere ghar me tractor mechanic chahiye chahiye,Agriculture,Tractor Repair
aaj plumber chahiye koi hai kya,Home Services,Plumber
urgent termite treatment chahiye koi hai kya,Daily Needs,Pest Control
please AC service chahiye chahiye,Home Services,AC Repair & Service
please plumber chahiye mere area me,Home Services,Plumber
mere area me bike wash karwani hai please,Vehicle Services,Vehicle Washing
bhai physiotherapy karwani hai please,Health & Wellness,Physiotherapist
please kapde laundry ke liye dene hain nearby,Daily Needs,Laundry
mere ghar me kapde laundry ke liye dene hain urgently,Daily Needs,Laundry
bhai irrigation service chahiye,Agriculture,Irrigation Service
ghar ki safai karwani hai aaj,Daily Needs,House Cleaning
mujhe physiotherapy karwani hai koi hai kya,Health & Wellness,Physiotherapist
mere ghar me ghar paint karwana hai koi hai kya,Home Services,Painter
please chartered accountant chahiye koi hai kya,Business Services,CA
aaj bike battery kharab hai help chahiye,Vehicle Services,Battery Service
CCTV camera lagwana hai please,Home Services,CCTV Installation
mujhe online teacher chahiye urgently,Education,Online Tutor
jaldi coaching institute chahiye chahiye,Education,Coaching Institute
nearby ghar ka interior design karwana hai jaldi,Local Professionals,Interior Designer
mere area me gym trainer chahiye help chahiye,Health & Wellness,Fitness Trainer
please back pain ke liye physiotherapist chahiye aaj,Health & Wellness,Physiotherapist
mere area me fitness trainer chahiye nearby,Health & Wellness,Fitness Trainer
mujhe darwaza repair karwana hai chahiye,Home Services,Carpenter
bed repair karwana hai help chahiye,Home Services,Carpenter
mere area me irrigation service chahiye urgently,Agriculture,Irrigation Service
jaldi wall paint karwani hai urgently,Home Services,Painter
nearby doctor appointment chahiye nearby,Health & Wellness,Doctor
please online teacher chahiye,Education,Online Tutor
nearby tractor mechanic chahiye mere area me,Agriculture,Tractor Repair
aaj ghar ka interior design karwana hai chahiye,Local Professionals,Interior Designer
mere area me business promotion karwana hai koi hai kya,Business Services,Digital Marketing
please car mechanic chahiye jaldi,Vehicle Services,Car Repair
web developer chahiye please,Business Services,Web Developer
jaldi wedding photographer chahiye aaj,Local Professionals,Photographer
mujhe physiotherapist chahiye koi hai kya,Health & Wellness,Physiotherapist
mere area me photographer chahiye mere area me,Local Professionals,Photographer
jaldi doctor chahiye chahiye,Health & Wellness,Doctor
jaldi farm machine repair karwani hai mere area me,Agriculture,Farm Equipment Repair
urgent bachche ke liye tutor chahiye please,Education,Home Tutor
mujhe ghar par teacher chahiye koi hai kya,Education,Home Tutor
event planner chahiye koi hai kya,Local Professionals,Event Planner
nal leak kar raha hai jaldi,Home Services,Plumber
jaldi back pain ke liye physiotherapist chahiye,Health & Wellness,Physiotherapist
pest control chahiye please,Daily Needs,Pest Control
aaj personal trainer chahiye urgently,Health & Wellness,Fitness Trainer
mere ghar me personal trainer chahiye mere area me,Health & Wellness,Fitness Trainer
air conditioner kharab hai help chahiye,Home Services,AC Repair & Service
mere ghar me lawyer chahiye jaldi,Business Services,Lawyer
mere area me car mechanic chahiye urgently,Vehicle Services,Car Repair
aaj ghar ka interior design karwana hai please,Local Professionals,Interior Designer
mere area me darwaza repair karwana hai koi hai kya,Home Services,Carpenter
nearby tractor repair karwana hai aaj,Agriculture,Tractor Repair
please bike wash karwani hai koi hai kya,Vehicle Services,Vehicle Washing
aaj tax filing ke liye CA chahiye koi hai kya,Business Services,CA
jaldi home cleaning service chahiye urgently,Daily Needs,House Cleaning
please online tutor chahiye urgently,Education,Online Tutor
mujhe lawyer chahiye,Business Services,Lawyer
mujhe physiotherapist chahiye please,Health & Wellness,Physiotherapist
mujhe exam coaching chahiye please,Education,Coaching Institute
mere area me farm equipment mechanic chahiye urgently,Agriculture,Farm Equipment Repair
mujhe farm machine repair karwani hai nearby,Agriculture,Farm Equipment Repair
mujhe bike battery kharab hai jaldi,Vehicle Services,Battery Service
please doctor appointment chahiye help chahiye,Health & Wellness,Doctor
jaldi online classes chahiye mere area me,Education,Online Tutor
mere ghar me social media marketing chahiye nearby,Business Services,Digital Marketing
urgent poster design karwana hai nearby,Business Services,Graphic Designer
nearby exam coaching chahiye koi hai kya,Education,Coaching Institute
personal trainer chahiye,Health & Wellness,Fitness Trainer
mere ghar me online teacher chahiye jaldi,Education,Online Tutor
urgent car start nahi ho rahi nearby,Vehicle Services,Car Repair
please termite treatment chahiye please,Daily Needs,Pest Control
nearby air conditioner kharab hai,Home Services,AC Repair & Service
mere area me doctor appointment chahiye chahiye,Health & Wellness,Doctor
please website banwani hai chahiye,Business Services,Web Developer
urgent CCTV camera lagwana hai urgently,Home Services,CCTV Installation
mere ghar me physiotherapy karwani hai aaj,Health & Wellness,Physiotherapist
jaldi AC service chahiye nearby,Home Services,AC Repair & Service
mere area me back pain ke liye physiotherapist chahiye please,Health & Wellness,Physiotherapist
mujhe doctor chahiye,Health & Wellness,Doctor
urgent birthday party planner chahiye mere area me,Local Professionals,Event Planner
jaldi agriculture machine kharab hai chahiye,Agriculture,Farm Equipment Repair
mere area me nal leak kar raha hai help chahiye,Home Services,Plumber
mere area me bike tyre puncture hai,Vehicle Services,Tyre Puncture
business promotion karwana hai nearby,Business Services,Digital Marketing
mere area me pest control chahiye,Daily Needs,Pest Control
bhai physiotherapy karwani hai mere area me,Health & Wellness,Physiotherapist
mere area me car start nahi ho rahi chahiye,Vehicle Services,Car Repair
mujhe bachche ke liye tutor chahiye nearby,Education,Home Tutor
aaj ghar ka interior design karwana hai koi hai kya,Local Professionals,Interior Designer
bhai back pain ke liye physiotherapist chahiye,Health & Wellness,Physiotherapist
mere area me legal help chahiye,Business Services,Lawyer
bhai website banwani hai koi hai kya,Business Services,Web Developer
urgent agriculture machine kharab hai urgently,Agriculture,Farm Equipment Repair
coaching join karni hai nearby,Education,Coaching Institute
nearby bike repair karwani hai,Vehicle Services,Bike Repair
aaj pani ki irrigation system chahiye urgently,Agriculture,Irrigation Service
aaj washing machine kharab hai chahiye,Home Services,Appliance Repair
please pest control chahiye urgently,Daily Needs,Pest Control
jaldi tax filing ke liye CA chahiye please,Business Services,CA
mujhe farm equipment mechanic chahiye aaj,Agriculture,Farm Equipment Repair
mere area me interior designer chahiye,Local Professionals,Interior Designer
bhai towing truck chahiye aaj,Vehicle Services,Towing Service
bhai birthday party planner chahiye koi hai kya,Local Professionals,Event Planner
please gaadi ko tow karke le jana hai mere area me,Vehicle Services,Towing Service
mujhe termite treatment chahiye jaldi,Daily Needs,Pest Control
nearby car wash karwani hai aaj,Vehicle Services,Vehicle Washing
mere area me house cleaning chahiye please,Daily Needs,House Cleaning
nearby irrigation service chahiye jaldi,Agriculture,Irrigation Service
urgent function organise karwana hai mere area me,Local Professionals,Event Planner
mujhe CA chahiye urgently,Business Services,CA
bhai bike start nahi ho rahi jaldi,Vehicle Services,Bike Repair
mere ghar me farm equipment mechanic chahiye chahiye,Agriculture,Farm Equipment Repair
jaldi irrigation service chahiye aaj,Agriculture,Irrigation Service
please house cleaning chahiye aaj,Daily Needs,House Cleaning
RO kharab hai chahiye,Home Services,RO / Water Purifier Service
farm machine repair karwani hai please,Agriculture,Farm Equipment Repair
aaj doctor chahiye,Health & Wellness,Doctor
aaj personal trainer chahiye nearby,Health & Wellness,Fitness Trainer
car tow karwani hai help chahiye,Vehicle Services,Towing Service
nearby irrigation service chahiye aaj,Agriculture,Irrigation Service
mujhe ghar me CCTV lagana hai chahiye,Home Services,CCTV Installation
nearby doctor chahiye help chahiye,Health & Wellness,Doctor
mujhe doctor se consult karna hai please,Health & Wellness,Doctor
urgent ghar ki light kharab hai mere area me,Home Services,Electrician
please personal trainer chahiye aaj,Health & Wellness,Fitness Trainer
mere ghar me agriculture machine kharab hai koi hai kya,Agriculture,Farm Equipment Repair
legal help chahiye chahiye,Business Services,Lawyer
mujhe I need a photographer aaj,Local Professionals,Photographer
mere ghar me clothes washing service chahiye jaldi,Daily Needs,Laundry
mere ghar me online tutor chahiye mere area me,Education,Online Tutor
please bijli ka problem hai help chahiye,Home Services,Electrician
mere area me farm equipment mechanic chahiye koi hai kya,Agriculture,Farm Equipment Repair
bike repair karwani hai mere area me,Vehicle Services,Bike Repair
mujhe ghar me cockroach bahut hain aaj,Daily Needs,Pest Control
mujhe laundry service chahiye aaj,Daily Needs,Laundry
bhai tractor mechanic chahiye urgently,Agriculture,Tractor Repair
aaj termite treatment chahiye chahiye,Daily Needs,Pest Control
jaldi kapde laundry ke liye dene hain chahiye,Daily Needs,Laundry
back pain ke liye physiotherapist chahiye koi hai kya,Health & Wellness,Physiotherapist
mere area me farm machine repair karwani hai urgently,Agriculture,Farm Equipment Repair
aaj fitness trainer chahiye help chahiye,Health & Wellness,Fitness Trainer
jaldi fitness trainer chahiye nearby,Health & Wellness,Fitness Trainer
aaj coaching institute chahiye aaj,Education,Coaching Institute
mujhe ghar paint karwana hai please,Home Services,Painter
jaldi farm equipment mechanic chahiye mere area me,Agriculture,Farm Equipment Repair
aaj farm equipment mechanic chahiye aaj,Agriculture,Farm Equipment Repair
mujhe room interior karwana hai koi hai kya,Local Professionals,Interior Designer
please car wash karwani hai help chahiye,Vehicle Services,Vehicle Washing
jaldi laundry service chahiye please,Daily Needs,Laundry
urgent coaching institute chahiye chahiye,Education,Coaching Institute
aaj car raste me band ho gayi nearby,Vehicle Services,Car Repair
aaj irrigation service chahiye urgently,Agriculture,Irrigation Service
room interior karwana hai mere area me,Local Professionals,Interior Designer
mujhe fitness trainer chahiye koi hai kya,Health & Wellness,Fitness Trainer
mujhe towing truck chahiye help chahiye,Vehicle Services,Towing Service
mere area me gym trainer chahiye chahiye,Health & Wellness,Fitness Trainer
mujhe tractor mechanic chahiye koi hai kya,Agriculture,Tractor Repair
urgent car tyre puncture ho gaya help chahiye,Vehicle Services,Tyre Puncture
jaldi security camera install karwana hai nearby,Home Services,CCTV Installation
urgent bike tyre puncture hai aaj,Vehicle Services,Tyre Puncture
aaj ghar me cockroach bahut hain nearby,Daily Needs,Pest Control
bhai washing machine kharab hai koi hai kya,Home Services,Appliance Repair
mere ghar me I need a photographer please,Local Professionals,Photographer
urgent farm machine repair karwani hai help chahiye,Agriculture,Farm Equipment Repair
fitness trainer chahiye help chahiye,Health & Wellness,Fitness Trainer
urgent car battery dead hai please,Vehicle Services,Battery Service
jaldi tractor kharab ho gaya help chahiye,Agriculture,Tractor Repair
mere area me CCTV camera lagwana hai,Home Services,CCTV Installation
bhai social media marketing chahiye chahiye,Business Services,Digital Marketing
please function organise karwana hai jaldi,Local Professionals,Event Planner
urgent ghar paint karwana hai urgently,Home Services,Painter
please online tutor chahiye please,Education,Online Tutor
bhai doctor appointment chahiye please,Health & Wellness,Doctor
mere area me puncture wala chahiye urgently,Vehicle Services,Tyre Puncture
aaj house cleaning chahiye please,Daily Needs,House Cleaning
jaldi car repair karwani hai mere area me,Vehicle Services,Car Repair
irrigation service chahiye koi hai kya,Agriculture,Irrigation Service
jaldi termite treatment chahiye please,Daily Needs,Pest Control
website banwani hai koi hai kya,Business Services,Web Developer
chartered accountant chahiye chahiye,Business Services,CA
nearby fitness trainer chahiye koi hai kya,Health & Wellness,Fitness Trainer
mujhe website banwani hai koi hai kya,Business Services,Web Developer
bhai laundry service chahiye nearby,Daily Needs,Laundry
mere area me ghar paint karwana hai,Home Services,Painter
nearby puncture wala chahiye help chahiye,Vehicle Services,Tyre Puncture
mujhe ghar me cockroach bahut hain jaldi,Daily Needs,Pest Control
mujhe farm equipment mechanic chahiye help chahiye,Agriculture,Farm Equipment Repair
urgent coaching join karni hai nearby,Education,Coaching Institute
mere ghar me car tyre puncture ho gaya mere area me,Vehicle Services,Tyre Puncture
business website chahiye aaj,Business Services,Web Developer
bhai bike tyre puncture hai aaj,Vehicle Services,Tyre Puncture
aaj graphic designer chahiye help chahiye,Business Services,Graphic Designer
bhai ghar me cockroach bahut hain urgently,Daily Needs,Pest Control
interior designer chahiye urgently,Local Professionals,Interior Designer
mere area me coaching join karni hai koi hai kya,Education,Coaching Institute
mere area me ghar ki safai karwani hai help chahiye,Daily Needs,House Cleaning
bhai digital marketing service chahiye,Business Services,Digital Marketing
mere ghar me termite treatment chahiye chahiye,Daily Needs,Pest Control
urgent bike start nahi ho rahi chahiye,Vehicle Services,Bike Repair
please RO service chahiye chahiye,Home Services,RO / Water Purifier Service
aaj fridge repair karwana hai chahiye,Home Services,Appliance Repair
mere area me logo design karwana hai help chahiye,Business Services,Graphic Designer
please AC service chahiye mere area me,Home Services,AC Repair & Service
nearby car repair karwani hai please,Vehicle Services,Car Repair
bhai kapde laundry ke liye dene hain aaj,Daily Needs,Laundry
mere ghar me house cleaning chahiye koi hai kya,Daily Needs,House Cleaning
termite treatment chahiye urgently,Daily Needs,Pest Control
please bike wash karwani hai jaldi,Vehicle Services,Vehicle Washing
bhai lawyer chahiye chahiye,Business Services,Lawyer
nearby agriculture machine kharab hai urgently,Agriculture,Farm Equipment Repair
bhai tractor repair karwana hai chahiye,Agriculture,Tractor Repair
mujhe coaching join karni hai help chahiye,Education,Coaching Institute
urgent gym trainer chahiye help chahiye,Health & Wellness,Fitness Trainer
jaldi ghar par teacher chahiye mere area me,Education,Home Tutor
please digital marketing service chahiye jaldi,Business Services,Digital Marketing
please tractor repair karwana hai help chahiye,Agriculture,Tractor Repair
please irrigation service chahiye urgently,Agriculture,Irrigation Service
please back pain ke liye physiotherapist chahiye,Health & Wellness,Physiotherapist
urgent gym trainer chahiye mere area me,Health & Wellness,Fitness Trainer
aaj car tyre puncture ho gaya nearby,Vehicle Services,Tyre Puncture
mere area me house cleaning chahiye mere area me,Daily Needs,House Cleaning
website banwani hai,Business Services,Web Developer
bhai pani ki irrigation system chahiye,Agriculture,Irrigation Service
urgent air conditioner kharab hai jaldi,Home Services,AC Repair & Service
aaj car repair karwani hai chahiye,Vehicle Services,Car Repair
please ghar ki safai karwani hai jaldi,Daily Needs,House Cleaning
event planner chahiye aaj,Local Professionals,Event Planner
mujhe physiotherapist chahiye mere area me,Health & Wellness,Physiotherapist
jaldi digital marketing service chahiye chahiye,Business Services,Digital Marketing
jaldi wedding photographer chahiye please,Local Professionals,Photographer
please towing truck chahiye koi hai kya,Vehicle Services,Towing Service
clothes washing service chahiye chahiye,Daily Needs,Laundry
mujhe doctor appointment chahiye please,Health & Wellness,Doctor
mujhe CCTV camera lagwana hai jaldi,Home Services,CCTV Installation
urgent pani ki irrigation system chahiye koi hai kya,Agriculture,Irrigation Service
aaj online tutor chahiye mere area me,Education,Online Tutor
room paint karwana hai aaj,Home Services,Painter
mere area me laundry service chahiye please,Daily Needs,Laundry
urgent physiotherapist chahiye mere area me,Health & Wellness,Physiotherapist
mere area me car battery dead hai please,Vehicle Services,Battery Service
bhai logo design karwana hai chahiye,Business Services,Graphic Designer
room interior karwana hai urgently,Local Professionals,Interior Designer
aaj battery service chahiye jaldi,Vehicle Services,Battery Service
mere area me home cleaning service chahiye koi hai kya,Daily Needs,House Cleaning
clothes washing service chahiye aaj,Daily Needs,Laundry
please irrigation service chahiye please,Agriculture,Irrigation Service
aaj fan repair karwana hai please,Home Services,Electrician
mere ghar me nal leak kar raha hai urgently,Home Services,Plumber
urgent lawyer chahiye jaldi,Business Services,Lawyer
jaldi AC repair karwana hai chahiye,Home Services,AC Repair & Service
mere ghar me ghar ka interior design karwana hai aaj,Local Professionals,Interior Designer
mere area me doctor chahiye koi hai kya,Health & Wellness,Doctor
mere area me ghar par teacher chahiye,Education,Home Tutor
nearby lawyer chahiye help chahiye,Business Services,Lawyer
nearby tax filing ke liye CA chahiye koi hai kya,Business Services,CA
please function organise karwana hai nearby,Local Professionals,Event Planner
mere ghar me car tyre puncture ho gaya aaj,Vehicle Services,Tyre Puncture
aaj car battery dead hai please,Vehicle Services,Battery Service
jaldi house cleaning chahiye please,Daily Needs,House Cleaning
please farm equipment mechanic chahiye jaldi,Agriculture,Farm Equipment Repair
fan repair karwana hai koi hai kya,Home Services,Electrician
mere ghar me kapde laundry ke liye dene hain mere area me,Daily Needs,Laundry
mere area me room interior karwana hai mere area me,Local Professionals,Interior Designer
bhai personal trainer chahiye please,Health & Wellness,Fitness Trainer
please painter chahiye,Home Services,Painter
urgent exam coaching chahiye aaj,Education,Coaching Institute
mere area me house cleaning chahiye koi hai kya,Daily Needs,House Cleaning
nearby RO service chahiye chahiye,Home Services,RO / Water Purifier Service
gym trainer chahiye nearby,Health & Wellness,Fitness Trainer
mere area me wedding photographer chahiye urgently,Local Professionals,Photographer
urgent ghar ka interior design karwana hai aaj,Local Professionals,Interior Designer
nearby doctor appointment chahiye please,Health & Wellness,Doctor
nearby doctor se consult karna hai chahiye,Health & Wellness,Doctor
nearby vehicle cleaning chahiye koi hai kya,Vehicle Services,Vehicle Washing
mere area me irrigation service chahiye please,Agriculture,Irrigation Service
mere area me graphic designer chahiye,Business Services,Graphic Designer
urgent fitness trainer chahiye koi hai kya,Health & Wellness,Fitness Trainer
mere ghar me photographer chahiye,Local Professionals,Photographer
gaadi ko tow karke le jana hai jaldi,Vehicle Services,Towing Service
please car tyre puncture ho gaya aaj,Vehicle Services,Tyre Puncture
mere area me tractor repair karwana hai please,Agriculture,Tractor Repair
please bijli ka problem hai,Home Services,Electrician
jaldi home tutor chahiye aaj,Education,Home Tutor
bhai security camera install karwana hai urgently,Home Services,CCTV Installation
jaldi home cleaning service chahiye aaj,Daily Needs,House Cleaning
please vehicle cleaning chahiye,Vehicle Services,Vehicle Washing
bhai doctor appointment chahiye mere area me,Health & Wellness,Doctor
business website chahiye help chahiye,Business Services,Web Developer
room interior karwana hai,Local Professionals,Interior Designer
mere ghar me tractor repair karwana hai chahiye,Agriculture,Tractor Repair
gym trainer chahiye jaldi,Health & Wellness,Fitness Trainer
aaj car raste me band ho gayi please,Vehicle Services,Car Repair
jaldi wedding photographer chahiye mere area me,Local Professionals,Photographer
please wedding photographer chahiye,Local Professionals,Photographer
bhai photographer chahiye aaj,Local Professionals,Photographer
please pipe leak ho raha hai aaj,Home Services,Plumber
urgent car battery dead hai help chahiye,Vehicle Services,Battery Service
mere area me car raste me band ho gayi chahiye,Vehicle Services,Car Repair
nearby exam coaching chahiye aaj,Education,Coaching Institute
aaj laundry service chahiye aaj,Daily Needs,Laundry
please ghar ka interior design karwana hai mere area me,Local Professionals,Interior Designer
aaj furniture repair karwana hai chahiye,Home Services,Carpenter
aaj gaadi ko tow karke le jana hai mere area me,Vehicle Services,Towing Service
kapde laundry ke liye dene hain aaj,Daily Needs,Laundry
nearby pest control chahiye chahiye,Daily Needs,Pest Control
aaj back pain ke liye physiotherapist chahiye nearby,Health & Wellness,Physiotherapist
mujhe puncture wala chahiye nearby,Vehicle Services,Tyre Puncture
mujhe kapde laundry ke liye dene hain koi hai kya,Daily Needs,Laundry
mere ghar me agriculture machine kharab hai please,Agriculture,Farm Equipment Repair
bhai website banwani hai please,Business Services,Web Developer
digital marketing service chahiye please,Business Services,Digital Marketing
please laundry service chahiye koi hai kya,Daily Needs,Laundry
urgent ghar par teacher chahiye mere area me,Education,Home Tutor
mere ghar me bachche ke liye tutor chahiye koi hai kya,Education,Home Tutor
urgent agriculture machine kharab hai mere area me,Agriculture,Farm Equipment Repair
mujhe bike repair karwani hai help chahiye,Vehicle Services,Bike Repair
mere area me agriculture machine kharab hai urgently,Agriculture,Farm Equipment Repair
room interior karwana hai aaj,Local Professionals,Interior Designer
please car wash karwani hai aaj,Vehicle Services,Vehicle Washing
mere ghar me vehicle cleaning chahiye mere area me,Vehicle Services,Vehicle Washing
jaldi pani ki irrigation system chahiye aaj,Agriculture,Irrigation Service
aaj farm machine repair karwani hai chahiye,Agriculture,Farm Equipment Repair
mere area me doctor se consult karna hai chahiye,Health & Wellness,Doctor
please darwaza repair karwana hai koi hai kya,Home Services,Carpenter
mere ghar me bike battery kharab hai aaj,Vehicle Services,Battery Service
mujhe irrigation service chahiye please,Agriculture,Irrigation Service
