query,category,subcategory
aaj ghar ka interior design karwana hai chahiye,Local Professionals,Interior Designer
bhai home cleaning service chahiye,Daily Needs,House Cleaning
irrigation service chahiye nearby,Agriculture,Irrigation Service
mere area me car wash karwani hai aaj,Vehicle Services,Vehicle Washing
mere area me irrigation service chahiye aaj,Agriculture,Irrigation Service
mujhe coaching join karni hai help chahiye,Education,Coaching Institute
gym trainer chahiye jaldi,Health & Wellness,Fitness Trainer
urgent legal help chahiye koi hai kya,Business Services,Lawyer
mere ghar me physiotherapy karwani hai please,Health & Wellness,Physiotherapist
aaj pipe leak ho raha hai,Home Services,Plumber
car tow karwani hai chahiye,Vehicle Services,Towing Service
nearby furniture repair karwana hai please,Home Services,Carpenter
jaldi puncture wala chahiye chahiye,Vehicle Services,Tyre Puncture
nearby car mechanic chahiye koi hai kya,Vehicle Services,Car Repair
aaj doctor chahiye nearby,Health & Wellness,Doctor
mujhe coaching join karni hai jaldi,Education,Coaching Institute
logo design karwana hai,Business Services,Graphic Designer
mere ghar me farm equipment mechanic chahiye koi hai kya,Agriculture,Farm Equipment Repair
bhai ghar me CCTV lagana hai jaldi,Home Services,CCTV Installation
mujhe physiotherapist chahiye nearby,Health & Wellness,Physiotherapist
nearby battery service chahiye koi hai kya,Vehicle Services,Battery Service
nearby gym trainer chahiye,Health & Wellness,Fitness Trainer
bachche ke liye tutor chahiye jaldi,Education,Home Tutor
mujhe darwaza repair karwana hai please,Home Services,Carpenter
online teacher chahiye aaj,Education,Online Tutor
nearby kapde laundry ke liye dene hain mere area me,Daily Needs,Laundry
aaj legal help chahiye,Business Services,Lawyer
aaj photographer chahiye nearby,Local Professionals,Photographer
please wedding photographer chahiye,Local Professionals,Photographer
jaldi wedding photographer chahiye koi hai kya,Local Professionals,Photographer
nearby advocate chahiye aaj,Business Services,Lawyer
bhai car repair karwani hai mere area me,Vehicle Services,Car Repair
mere area me RO ka pani nahi aa raha chahiye,Home Services,RO / Water Purifier Service
AC thanda nahi kar raha aaj,Home Services,AC Repair & Service
nearby physiotherapist chahiye chahiye,Health & Wellness,Physiotherapist
mere ghar me darwaza repair karwana hai help chahiye,Home Services,Carpenter
mere area me advocate chahiye,Business Services,Lawyer
please room interior karwana hai aaj,Local Professionals,Interior Designer
jaldi interior designer chahiye please,Local Professionals,Interior Designer
nearby farm machine repair karwani hai jaldi,Agriculture,Farm Equipment Repair
aaj exam coaching chahiye chahiye,Education,Coaching Institute
mere area me legal help chahiye,Business Services,Lawyer
mujhe physiotherapist chahiye help chahiye,Health & Wellness,Physiotherapist
please clothes washing service chahiye jaldi,Daily Needs,Laundry
aaj room interior karwana hai nearby,Local Professionals,Interior Designer
mere area me exam coaching chahiye urgently,Education,Coaching Institute
jaldi photographer chahiye urgently,Local Professionals,Photographer
aaj AC repair karwana hai jaldi,Home Services,AC Repair & Service
jaldi laundry service chahiye,Daily Needs,Laundry
mere ghar me car tyre puncture ho gaya aaj,Vehicle Services,Tyre Puncture
nearby I need a photographer,Local Professionals,Photographer
aaj RO service chahiye help chahiye,Home Services,RO / Water Purifier Service
please kapde laundry ke liye dene hain urgently,Daily Needs,Laundry
bhai ghar par teacher chahiye koi hai kya,Education,Home Tutor
mere area me pest control chahiye mere area me,Daily Needs,Pest Control
mujhe puncture wala chahiye nearby,Vehicle Services,Tyre Puncture
mujhe RO ka pani nahi aa raha koi hai kya,Home Services,RO / Water Purifier Service
mere ghar me darwaza repair karwana hai chahiye,Home Services,Carpenter
please farm machine repair karwani hai,Agriculture,Farm Equipment Repair
nearby gym trainer chahiye koi hai kya,Health & Wellness,Fitness Trainer
aaj coaching join karni hai,Education,Coaching Institute
mere area me birthday party planner chahiye mere area me,Local Professionals,Event Planner
mujhe AC repair karwana hai nearby,Home Services,AC Repair & Service
mere area me house cleaning chahiye koi hai kya,Daily Needs,House Cleaning
please birthday party planner chahiye please,Local Professionals,Event Planner
bhai coaching institute chahiye chahiye,Education,Coaching Institute
please bachche ke liye tutor chahiye koi hai kya,Education,Home Tutor
aaj home cleaning service chahiye help chahiye,Daily Needs,House Cleaning
urgent pani ki irrigation system chahiye aaj,Agriculture,Irrigation Service
nearby kapde laundry ke liye dene hain help chahiye,Daily Needs,Laundry
bhai pest control chahiye koi hai kya,Daily Needs,Pest Control
aaj ghar ki safai karwani hai please,Daily Needs,House Cleaning
urgent irrigation service chahiye koi hai kya,Agriculture,Irrigation Service
mere ghar me function organise karwana hai chahiye,Local Professionals,Event Planner
mere area me tractor kharab ho gaya chahiye,Agriculture,Tractor Repair
mere ghar me termite treatment chahiye chahiye,Daily Needs,Pest Control
mere ghar me puncture wala chahiye please,Vehicle Services,Tyre Puncture
mere area me web developer chahiye please,Business Services,Web Developer
urgent online classes chahiye help chahiye,Education,Online Tutor
mere ghar me electrician chahiye chahiye,Home Services,Electrician
mere ghar me irrigation service chahiye urgently,Agriculture,Irrigation Service
bhai gym trainer chahiye mere area me,Health & Wellness,Fitness Trainer
mujhe agriculture machine kharab hai mere area me,Agriculture,Farm Equipment Repair
aaj farm machine repair karwani hai koi hai kya,Agriculture,Farm Equipment Repair
please tractor kharab ho gaya please,Agriculture,Tractor Repair
nearby laundry service chahiye help chahiye,Daily Needs,Laundry
urgent ghar par teacher chahiye please,Education,Home Tutor
mujhe logo design karwana hai help chahiye,Business Services,Graphic Designer
bhai legal help chahiye koi hai kya,Business Services,Lawyer
mere area me gym trainer chahiye chahiye,Health & Wellness,Fitness Trainer
mere area me home tutor chahiye,Education,Home Tutor
urgent wall paint karwani hai please,Home Services,Painter
bhai interior designer chahiye,Local Professionals,Interior Designer
aaj exam coaching chahiye nearby,Education,Coaching Institute
nearby function organise karwana hai,Local Professionals,Event Planner
mere ghar me CCTV camera lagwana hai aaj,Home Services,CCTV Installation
mere area me interior designer chahiye chahiye,Local Professionals,Interior Designer
please bachche ke liye tutor chahiye nearby,Education,Home Tutor
jaldi termite treatment chahiye chahiye,Daily Needs,Pest Control
mere ghar me exam coaching chahiye mere area me,Education,Coaching Institute
mere area me farm machine repair karwani hai koi hai kya,Agriculture,Farm Equipment Repair
mujhe car mechanic chahiye aaj,Vehicle Services,Car Repair
please graphic designer chahiye please,Business Services,Graphic Designer
urgent digital marketing service chahiye please,Business Services,Digital Marketing
mujhe home tutor chahiye please,Education,Home Tutor
aaj online teacher chahiye nearby,Education,Online Tutor
jaldi irrigation service chahiye jaldi,Agriculture,Irrigation Service
mujhe physiotherapist chahiye please,Health & Wellness,Physiotherapist
jaldi car repair karwani hai mere area me,Vehicle Services,Car Repair
please irrigation service chahiye,Agriculture,Irrigation Service
urgent agriculture machine kharab hai aaj,Agriculture,Farm Equipment Repair
clothes washing service chahiye nearby,Daily Needs,Laundry
mere ghar me security camera install karwana hai nearby,Home Services,CCTV Installation
mere area me lawyer chahiye help chahiye,Business Services,Lawyer
bhai puncture wala chahiye nearby,Vehicle Services,Tyre Puncture
mere area me RO kharab hai help chahiye,Home Services,RO / Water Purifier Service
mere ghar me fridge repair karwana hai help chahiye,Home Services,Appliance Repair
jaldi digital marketing service chahiye koi hai kya,Business Services,Digital Marketing
aaj pest control chahiye please,Daily Needs,Pest Control
please plumber chahiye mere area me,Home Services,Plumber
urgent car repair karwani hai please,Vehicle Services,Car Repair
event planner chahiye aaj,Local Professionals,Event Planner
mere area me doctor chahiye jaldi,Health & Wellness,Doctor
CCTV camera lagwana hai,Home Services,CCTV Installation
urgent farm equipment mechanic chahiye help chahiye,Agriculture,Farm Equipment Repair
urgent gym trainer chahiye mere area me,Health & Wellness,Fitness Trainer
mujhe coaching institute chahiye koi hai kya,Education,Coaching Institute
mujhe doctor appointment chahiye please,Health & Wellness,Doctor
bhai tractor mechanic chahiye chahiye,Agriculture,Tractor Repair
mere ghar me car mechanic chahiye mere area me,Vehicle Services,Car Repair
home cleaning service chahiye koi hai kya,Daily Needs,House Cleaning
nearby bike tyre puncture hai nearby,Vehicle Services,Tyre Puncture
urgent birthday party planner chahiye jaldi,Local Professionals,Event Planner
please RO service chahiye koi hai kya,Home Services,RO / Water Purifier Service
jaldi exam coaching chahiye mere area me,Education,Coaching Institute
bhai online classes chahiye,Education,Online Tutor
jaldi online classes chahiye aaj,Education,Online Tutor
mere ghar me pest control chahiye mere area me,Daily Needs,Pest Control
mere area me doctor se consult karna hai jaldi,Health & Wellness,Doctor
mere area me online classes chahiye,Education,Online Tutor
urgent CA chahiye aaj,Business Services,CA
aaj house cleaning chahiye please,Daily Needs,House Cleaning
jaldi legal help chahiye urgently,Business Services,Lawyer
please room interior karwana hai help chahiye,Local Professionals,Interior Designer
mujhe doctor appointment chahiye jaldi,Health & Wellness,Doctor
farm equipment mechanic chahiye,Agriculture,Farm Equipment Repair
furniture repair karwana hai help chahiye,Home Services,Carpenter
bhai car tow karwani hai aaj,Vehicle Services,Towing Service
nearby event planner chahiye please,Local Professionals,Event Planner
tax filing ke liye CA chahiye chahiye,Business Services,CA
jaldi ghar paint karwana hai help chahiye,Home Services,Painter
bhai business website chahiye aaj,Business Services,Web Developer
mere area me ghar ka interior design karwana hai jaldi,Local Professionals,Interior Designer
urgent irrigation service chahiye please,Agriculture,Irrigation Service
bhai farm machine repair karwani hai help chahiye,Agriculture,Farm Equipment Repair
urgent gaadi ko tow karke le jana hai please,Vehicle Services,Towing Service
aaj car battery dead hai chahiye,Vehicle Services,Battery Service
aaj car wash karwani hai please,Vehicle Services,Vehicle Washing
mujhe digital marketing service chahiye mere area me,Business Services,Digital Marketing
nearby back pain ke liye physiotherapist chahiye nearby,Health & Wellness,Physiotherapist
mere area me pest control chahiye urgently,Daily Needs,Pest Control
mere ghar me RO kharab hai mere area me,Home Services,RO / Water Purifier Service
mere ghar me tractor mechanic chahiye help chahiye,Agriculture,Tractor Repair
mere area me CA chahiye urgently,Business Services,CA
nearby doctor se consult karna hai please,Health & Wellness,Doctor
ghar par teacher chahiye koi hai kya,Education,Home Tutor
urgent ghar ka interior design karwana hai koi hai kya,Local Professionals,Interior Designer
ghar ki safai karwani hai help chahiye,Daily Needs,House Cleaning
urgent I need a photographer please,Local Professionals,Photographer
nearby online teacher chahiye nearby,Education,Online Tutor
bhai fitness trainer chahiye,Health & Wellness,Fitness Trainer
nearby termite treatment chahiye,Daily Needs,Pest Control
aaj online classes chahiye chahiye,Education,Online Tutor
mujhe web developer chahiye chahiye,Business Services,Web Developer
please fitness trainer chahiye please,Health & Wellness,Fitness Trainer
bhai air conditioner kharab hai jaldi,Home Services,AC Repair & Service
nearby plumber chahiye help chahiye,Home Services,Plumber
mere ghar me legal help chahiye koi hai kya,Business Services,Lawyer
aaj farm machine repair karwani hai urgently,Agriculture,Farm Equipment Repair
mere ghar me farm equipment mechanic chahiye urgently,Agriculture,Farm Equipment Repair
mere ghar me ghar par teacher chahiye koi hai kya,Education,Home Tutor
mere ghar me business promotion karwana hai please,Business Services,Digital Marketing
aaj home cleaning service chahiye nearby,Daily Needs,House Cleaning
mujhe laundry service chahiye aaj,Daily Needs,Laundry
mere ghar me website banwani hai please,Business Services,Web Developer
bhai poster design karwana hai jaldi,Business Services,Graphic Designer
bhai interior designer chahiye aaj,Local Professionals,Interior Designer
please lawyer chahiye mere area me,Business Services,Lawyer
bhai agriculture machine kharab hai please,Agriculture,Farm Equipment Repair
mere ghar me bike start nahi ho rahi urgently,Vehicle Services,Bike Repair
aaj birthday party planner chahiye mere area me,Local Professionals,Event Planner
mere area me AC service chahiye koi hai kya,Home Services,AC Repair & Service
nearby gaadi ko tow karke le jana hai jaldi,Vehicle Services,Towing Service
urgent coaching join karni hai nearby,Education,Coaching Institute
urgent air conditioner kharab hai help chahiye,Home Services,AC Repair & Service
logo design karwana hai nearby,Business Services,Graphic Designer
please tractor mechanic chahiye,Agriculture,Tractor Repair
jaldi ghar paint karwana hai mere area me,Home Services,Painter
mere ghar me fridge thanda nahi kar raha aaj,Home Services,Appliance Repair
mere area me coaching join karni hai koi hai kya,Education,Coaching Institute
aaj car raste me band ho gayi koi hai kya,Vehicle Services,Car Repair
mere ghar me wedding photographer chahiye,Local Professionals,Photographer
mere ghar me carpenter chahiye please,Home Services,Carpenter
jaldi ghar ki safai karwani hai mere area me,Daily Needs,House Cleaning
aaj poster design karwana hai mere area me,Business Services,Graphic Designer
mere area me ghar ki safai karwani hai koi hai kya,Daily Needs,House Cleaning
urgent personal trainer chahiye koi hai kya,Health & Wellness,Fitness Trainer
nearby agriculture machine kharab hai chahiye,Agriculture,Farm Equipment Repair
urgent khet me irrigation karwani hai koi hai kya,Agriculture,Irrigation Service
mere ghar me back pain ke liye physiotherapist chahiye mere area me,Health & Wellness,Physiotherapist
mujhe bike engine me problem hai help chahiye,Vehicle Services,Bike Repair
nearby gym trainer chahiye mere area me,Health & Wellness,Fitness Trainer
mere ghar me clothes washing service chahiye jaldi,Daily Needs,Laundry
jaldi pani ki irrigation system chahiye aaj,Agriculture,Irrigation Service
urgent exam coaching chahiye nearby,Education,Coaching Institute
mujhe bachche ke liye tutor chahiye help chahiye,Education,Home Tutor
nearby event planner chahiye chahiye,Local Professionals,Event Planner
bachche ke liye tutor chahiye koi hai kya,Education,Home Tutor
urgent ghar ki safai karwani hai mere area me,Daily Needs,House Cleaning
aaj car tyre puncture ho gaya jaldi,Vehicle Services,Tyre Puncture
web developer chahiye koi hai kya,Business Services,Web Developer
pani ki pipe repair karwani hai chahiye,Home Services,Plumber
please website banwani hai chahiye,Business Services,Web Developer
mere area me legal help chahiye aaj,Business Services,Lawyer
please kapde laundry ke liye dene hain aaj,Daily Needs,Laundry
urgent tractor repair karwana hai please,Agriculture,Tractor Repair
car raste me band ho gayi nearby,Vehicle Services,Car Repair
mujhe electrician chahiye urgently,Home Services,Electrician
mere area me bike battery kharab hai,Vehicle Services,Battery Service
mere area me poster design karwana hai mere area me,Business Services,Graphic Designer
urgent online classes chahiye jaldi,Education,Online Tutor
urgent CA chahiye nearby,Business Services,CA
jaldi AC repair karwana hai mere area me,Home Services,AC Repair & Service
kapde laundry ke liye dene hain chahiye,Daily Needs,Laundry
aaj tax filing ke liye CA chahiye koi hai kya,Business Services,CA
aaj coaching join karni hai help chahiye,Education,Coaching Institute
nearby interior designer chahiye,Local Professionals,Interior Designer
bhai pani ki irrigation system chahiye,Agriculture,Irrigation Service
mujhe agriculture machine kharab hai chahiye,Agriculture,Farm Equipment Repair
urgent home cleaning service chahiye,Daily Needs,House Cleaning
mere area me laundry service chahiye jaldi,Daily Needs,Laundry
doctor chahiye jaldi,Health & Wellness,Doctor
mere ghar me ghar ka interior design karwana hai aaj,Local Professionals,Interior Designer
pest control chahiye,Daily Needs,Pest Control
fitness trainer chahiye help chahiye,Health & Wellness,Fitness Trainer
bhai doctor se consult karna hai nearby,Health & Wellness,Doctor
mere ghar me wall paint karwani hai koi hai kya,Home Services,Painter
room paint karwana hai urgently,Home Services,Painter
please digital marketing service chahiye jaldi,Business Services,Digital Marketing
mere area me I need a photographer nearby,Local Professionals,Photographer
nearby logo design karwana hai chahiye,Business Services,Graphic Designer
urgent doctor se consult karna hai aaj,Health & Wellness,Doctor
aaj car repair karwani hai chahiye,Vehicle Services,Car Repair
nearby fan repair karwana hai help chahiye,Home Services,Electrician
please RO kharab hai mere area me,Home Services,RO / Water Purifier Service
CA chahiye chahiye,Business Services,CA
aaj online tutor chahiye koi hai kya,Education,Online Tutor
bhai house cleaning chahiye aaj,Daily Needs,House Cleaning
mere area me ghar ka interior design karwana hai urgently,Local Professionals,Interior Designer
mere ghar me ghar ka interior design karwana hai urgently,Local Professionals,Interior Designer
kapde laundry ke liye dene hain,Daily Needs,Laundry
bhai RO kharab hai jaldi,Home Services,RO / Water Purifier Service
aaj pani ki irrigation system chahiye mere area me,Agriculture,Irrigation Service
jaldi room interior karwana hai chahiye,Local Professionals,Interior Designer
bhai fitness trainer chahiye help chahiye,Health & Wellness,Fitness Trainer
bhai business website chahiye,Business Services,Web Developer
mujhe physiotherapist chahiye chahiye,Health & Wellness,Physiotherapist
aaj AC service chahiye chahiye,Home Services,AC Repair & Service
jaldi farm machine repair karwani hai mere area me,Agriculture,Farm Equipment Repair
termite treatment chahiye urgently,Daily Needs,Pest Control
mere ghar me car start nahi ho rahi,Vehicle Services,Car Repair
please bike start nahi ho rahi nearby,Vehicle Services,Bike Repair
nearby social media marketing chahiye help chahiye,Business Services,Digital Marketing
aaj bike battery kharab hai help chahiye,Vehicle Services,Battery Service
jaldi chartered accountant chahiye,Business Services,CA
bhai coaching join karni hai jaldi,Education,Coaching Institute
aaj ghar par teacher chahiye help chahiye,Education,Home Tutor
jaldi exam coaching chahiye nearby,Education,Coaching Institute
nearby electrician chahiye chahiye,Home Services,Electrician
mere ghar me puncture wala chahiye chahiye,Vehicle Services,Tyre Puncture
urgent tractor mechanic chahiye aaj,Agriculture,Tractor Repair
mere ghar me irrigation service chahiye nearby,Agriculture,Irrigation Service
mere ghar me online teacher chahiye mere area me,Education,Online Tutor
please pipe leak ho raha hai please,Home Services,Plumber
bhai ghar paint karwana hai nearby,Home Services,Painter
please tractor repair karwana hai help chahiye,Agriculture,Tractor Repair
jaldi back pain ke liye physiotherapist chahiye aaj,Health & Wellness,Physiotherapist
urgent bike engine me problem hai,Vehicle Services,Bike Repair
jaldi tractor mechanic chahiye mere area me,Agriculture,Tractor Repair
bhai coaching join karni hai koi hai kya,Education,Coaching Institute
please function organise karwana hai urgently,Local Professionals,Event Planner
pani ki irrigation system chahiye help chahiye,Agriculture,Irrigation Service
urgent car wash karwani hai mere area me,Vehicle Services,Vehicle Washing
nearby fitness trainer chahiye urgently,Health & Wellness,Fitness Trainer
urgent tractor repair karwana hai,Agriculture,Tractor Repair
mujhe birthday party planner chahiye please,Local Professionals,Event Planner
nearby tractor kharab ho gaya nearby,Agriculture,Tractor Repair
urgent tractor kharab ho gaya,Agriculture,Tractor Repair
furniture repair karwana hai koi hai kya,Home Services,Carpenter
urgent bike repair karwani hai chahiye,Vehicle Services,Bike Repair
bhai farm equipment mechanic chahiye help chahiye,Agriculture,Farm Equipment Repair
mere area me advocate chahiye jaldi,Business Services,Lawyer
mere area me coaching join karni hai jaldi,Education,Coaching Institute
mere area me coaching institute chahiye please,Education,Coaching Institute
urgent gaadi ko tow karke le jana hai aaj,Vehicle Services,Towing Service
mere ghar me interior designer chahiye nearby,Local Professionals,Interior Designer
mujhe house cleaning chahiye,Daily Needs,House Cleaning
mujhe ghar par teacher chahiye help chahiye,Education,Home Tutor
jaldi puncture wala chahiye aaj,Vehicle Services,Tyre Puncture
aaj battery service chahiye help chahiye,Vehicle Services,Battery Service
nearby car mechanic chahiye nearby,Vehicle Services,Car Repair
mere ghar me social media marketing chahiye urgently,Business Services,Digital Marketing
aaj gym trainer chahiye jaldi,Health & Wellness,Fitness Trainer
mere area me security camera install karwana hai,Home Services,CCTV Installation
darwaza repair karwana hai please,Home Services,Carpenter
aaj advocate chahiye jaldi,Business Services,Lawyer
bhai lawyer chahiye chahiye,Business Services,Lawyer
urgent irrigation service chahiye mere area me,Agriculture,Irrigation Service
urgent home tutor chahiye,Education,Home Tutor
aaj home tutor chahiye,Education,Home Tutor
aaj online tutor chahiye mere area me,Education,Online Tutor
jaldi security camera install karwana hai nearby,Home Services,CCTV Installation
urgent room paint karwana hai nearby,Home Services,Painter
gym trainer chahiye,Health & Wellness,Fitness Trainer
termite treatment chahiye koi hai kya,Daily Needs,Pest Control
jaldi coaching join karni hai urgently,Education,Coaching Institute
nearby farm machine repair karwani hai please,Agriculture,Farm Equipment Repair
bhai function organise karwana hai chahiye,Local Professionals,Event Planner
mere ghar me irrigation service chahiye koi hai kya,Agriculture,Irrigation Service
nearby vehicle cleaning chahiye koi hai kya,Vehicle Services,Vehicle Washing
jaldi doctor se consult karna hai jaldi,Health & Wellness,Doctor
mujhe social media marketing chahiye jaldi,Business Services,Digital Marketing
mere ghar me laundry service chahiye aaj,Daily Needs,Laundry
mere ghar me switch kaam nahi kar raha urgently,Home Services,Electrician
jaldi laundry service chahiye chahiye,Daily Needs,Laundry
room interior karwana hai mere area me,Local Professionals,Interior Designer
mere ghar me kapde laundry ke liye dene hain please,Daily Needs,Laundry
please home cleaning service chahiye chahiye,Daily Needs,House Cleaning
mujhe kapde laundry ke liye dene hain koi hai kya,Daily Needs,Laundry
aaj bike repair karwani hai aaj,Vehicle Services,Bike Repair
mujhe bachche ke liye tutor chahiye nearby,Education,Home Tutor
mujhe ghar ki safai karwani hai nearby,Daily Needs,House Cleaning
mere area me graphic designer chahiye koi hai kya,Business Services,Graphic Designer
clothes washing service chahiye chahiye,Daily Needs,Laundry
please battery service chahiye nearby,Vehicle Services,Battery Service
security camera install karwana hai mere area me,Home Services,CCTV Installation
bhai coaching join karni hai chahiye,Education,Coaching Institute
please laundry service chahiye help chahiye,Daily Needs,Laundry
mere ghar me battery service chahiye jaldi,Vehicle Services,Battery Service
jaldi CA chahiye koi hai kya,Business Services,CA
please bike engine me problem hai mere area me,Vehicle Services,Bike Repair
mujhe online classes chahiye mere area me,Education,Online Tutor
bhai pani ki irrigation system chahiye aaj,Agriculture,Irrigation Service
please towing truck chahiye koi hai kya,Vehicle Services,Towing Service
nearby khet me irrigation karwani hai koi hai kya,Agriculture,Irrigation Service
bhai darwaza repair karwana hai please,Home Services,Carpenter
jaldi graphic designer chahiye mere area me,Business Services,Graphic Designer
nearby bijli ka problem hai aaj,Home Services,Electrician
aaj back pain ke liye physiotherapist chahiye koi hai kya,Health & Wellness,Physiotherapist
please pani ki irrigation system chahiye koi hai kya,Agriculture,Irrigation Service
mere area me clothes washing service chahiye mere area me,Daily Needs,Laundry
mere area me ghar ka interior design karwana hai,Local Professionals,Interior Designer
aaj online classes chahiye urgently,Education,Online Tutor
bhai ghar me cockroach bahut hain help chahiye,Daily Needs,Pest Control
please bike start nahi ho rahi koi hai kya,Vehicle Services,Bike Repair
please car wash karwani hai aaj,Vehicle Services,Vehicle Washing
bhai physiotherapist chahiye chahiye,Health & Wellness,Physiotherapist
mujhe logo design karwana hai nearby,Business Services,Graphic Designer
nearby bike wash karwani hai jaldi,Vehicle Services,Vehicle Washing
nearby interior designer chahiye please,Local Professionals,Interior Designer
urgent car start nahi ho rahi mere area me,Vehicle Services,Car Repair
jaldi event planner chahiye mere area me,Local Professionals,Event Planner
bhai fitness trainer chahiye koi hai kya,Health & Wellness,Fitness Trainer
farm machine repair karwani hai urgently,Agriculture,Farm Equipment Repair
bhai personal trainer chahiye nearby,Health & Wellness,Fitness Trainer
please home cleaning service chahiye nearby,Daily Needs,House Cleaning
aaj business website chahiye please,Business Services,Web Developer
please house cleaning chahiye urgently,Daily Needs,House Cleaning
jaldi bike repair karwani hai,Vehicle Services,Bike Repair
nearby business promotion karwana hai koi hai kya,Business Services,Digital Marketing
urgent fan repair karwana hai help chahiye,Home Services,Electrician
nearby coaching join karni hai jaldi,Education,Coaching Institute
function organise karwana hai urgently,Local Professionals,Event Planner
please digital marketing service chahiye,Business Services,Digital Marketing
urgent car battery dead hai koi hai kya,Vehicle Services,Battery Service
jaldi function organise karwana hai urgently,Local Professionals,Event Planner
mere area me water purifier repair karwana hai chahiye,Home Services,RO / Water Purifier Service
bhai doctor se consult karna hai jaldi,Health & Wellness,Doctor
jaldi chartered accountant chahiye mere area me,Business Services,CA
mujhe farm machine repair karwani hai nearby,Agriculture,Farm Equipment Repair
mere ghar me tractor mechanic chahiye chahiye,Agriculture,Tractor Repair
urgent social media marketing chahiye please,Business Services,Digital Marketing
nearby function organise karwana hai urgently,Local Professionals,Event Planner
mere area me bijli ka problem hai jaldi,Home Services,Electrician
jaldi bijli ka problem hai please,Home Services,Electrician
please back pain ke liye physiotherapist chahiye,Health & Wellness,Physiotherapist
mujhe car wash karwani hai urgently,Vehicle Services,Vehicle Washing
urgent wedding photographer chahiye,Local Professionals,Photographer
nearby coaching institute chahiye mere area me,Education,Coaching Institute
nearby physiotherapist chahiye jaldi,Health & Wellness,Physiotherapist
aaj gaadi ko tow karke le jana hai help chahiye,Vehicle Services,Towing Service
please termite treatment chahiye koi hai kya,Daily Needs,Pest Control
mere area me laundry service chahiye help chahiye,Daily Needs,Laundry
urgent gym trainer chahiye please,Health & Wellness,Fitness Trainer
ghar ka interior design karwana hai chahiye,Local Professionals,Interior Designer
mere area me RO service chahiye,Home Services,RO / Water Purifier Service
mujhe exam coaching chahiye koi hai kya,Education,Coaching Institute
poster design karwana hai,Business Services,Graphic Designer
bhai chartered accountant chahiye,Business Services,CA
bhai car wash karwani hai urgently,Vehicle Services,Vehicle Washing
ghar me cockroach bahut hain jaldi,Daily Needs,Pest Control
mere ghar me tractor mechanic chahiye please,Agriculture,Tractor Repair
mere area me bike engine me problem hai koi hai kya,Vehicle Services,Bike Repair
mujhe ghar ka interior design karwana hai nearby,Local Professionals,Interior Designer
please bachche ke liye tutor chahiye mere area me,Education,Home Tutor
mere ghar me towing truck chahiye mere area me,Vehicle Services,Towing Service
nearby exam coaching chahiye aaj,Education,Coaching Institute
please lawyer chahiye,Business Services,Lawyer
mere ghar me bike engine me problem hai,Vehicle Services,Bike Repair
aaj ghar ka interior design karwana hai help chahiye,Local Professionals,Interior Designer
mere area me social media marketing chahiye mere area me,Business Services,Digital Marketing
please physiotherapy karwani hai urgently,Health & Wellness,Physiotherapist
washing machine kharab hai koi hai kya,Home Services,Appliance Repair
mere area me ghar me cockroach bahut hain help chahiye,Daily Needs,Pest Control
mere ghar me farm machine repair karwani hai urgently,Agriculture,Farm Equipment Repair
bhai pest control chahiye urgently,Daily Needs,Pest Control
bhai birthday party planner chahiye please,Local Professionals,Event Planner
please ghar par teacher chahiye please,Education,Home Tutor
aaj home tutor chahiye urgently,Education,Home Tutor
mere area me pani ki irrigation system chahiye jaldi,Agriculture,Irrigation Service
please vehicle cleaning chahiye nearby,Vehicle Services,Vehicle Washing
jaldi wall paint karwani hai urgently,Home Services,Painter
house cleaning chahiye nearby,Daily Needs,House Cleaning
jaldi bed repair karwana hai chahiye,Home Services,Carpenter
mere ghar me nal leak kar raha hai help chahiye,Home Services,Plumber
mujhe tractor kharab ho gaya aaj,Agriculture,Tractor Repair
urgent car start nahi ho rahi jaldi,Vehicle Services,Car Repair
urgent irrigation service chahiye aaj,Agriculture,Irrigation Service
coaching join karni hai urgently,Education,Coaching Institute
mere area me website banwani hai aaj,Business Services,Web Developer
nearby I need a photographer please,Local Professionals,Photographer
mere ghar me interior designer chahiye urgently,Local Professionals,Interior Designer
bhai pipe leak ho raha hai urgently,Home Services,Plumber
mere area me home appliance repair chahiye mere area me,Home Services,Appliance Repair
jaldi bike battery kharab hai please,Vehicle Services,Battery Service
graphic designer chahiye mere area me,Business Services,Graphic Designer
furniture repair karwana hai,Home Services,Carpenter
urgent birthday party planner chahiye mere area me,Local Professionals,Event Planner
mujhe towing truck chahiye help chahiye,Vehicle Services,Towing Service
jaldi farm machine repair karwani hai urgently,Agriculture,Farm Equipment Repair
mere area me photographer chahiye please,Local Professionals,Photographer
please back pain ke liye physiotherapist chahiye please,Health & Wellness,Physiotherapist
nearby bike battery kharab hai koi hai kya,Vehicle Services,Battery Service
please agriculture machine kharab hai chahiye,Agriculture,Farm Equipment Repair
urgent towing truck chahiye mere area me,Vehicle Services,Towing Service
jaldi CA chahiye jaldi,Business Services,CA
aaj function organise karwana hai mere area me,Local Professionals,Event Planner
mujhe car mechanic chahiye,Vehicle Services,Car Repair
nearby ghar ka interior design karwana hai jaldi,Local Professionals,Interior Designer
jaldi tractor repair karwana hai,Agriculture,Tractor Repair
mujhe business website chahiye urgently,Business Services,Web Developer
urgent ghar ki safai karwani hai please,Daily Needs,House Cleaning
mere area me physiotherapist chahiye,Health & Wellness,Physiotherapist
bhai clothes washing service chahiye chahiye,Daily Needs,Laundry
jaldi tractor repair karwana hai urgently,Agriculture,Tractor Repair
mere area me chartered accountant chahiye urgently,Business Services,CA
ghar ka interior design karwana hai jaldi,Local Professionals,Interior Designer
please photographer chahiye mere area me,Local Professionals,Photographer
nearby ghar me cockroach bahut hain koi hai kya,Daily Needs,Pest Control
mere area me doctor appointment chahiye chahiye,Health & Wellness,Doctor
mere ghar me bike battery kharab hai mere area me,Vehicle Services,Battery Service
mere area me lawyer chahiye urgently,Business Services,Lawyer
mere ghar me home cleaning service chahiye koi hai kya,Daily Needs,House Cleaning
mere ghar me switch kaam nahi kar raha aaj,Home Services,Electrician
tractor mechanic chahiye,Agriculture,Tractor Repair
back pain ke liye physiotherapist chahiye help chahiye,Health & Wellness,Physiotherapist
bhai poster design karwana hai urgently,Business Services,Graphic Designer
mere ghar me house cleaning chahiye mere area me,Daily Needs,House Cleaning
mere ghar me agriculture machine kharab hai please,Agriculture,Farm Equipment Repair
bhai doctor chahiye mere area me,Health & Wellness,Doctor
jaldi car battery dead hai aaj,Vehicle Services,Battery Service
mujhe bike wash karwani hai mere area me,Vehicle Services,Vehicle Washing
urgent kapde laundry ke liye dene hain aaj,Daily Needs,Laundry
urgent online classes chahiye urgently,Education,Online Tutor
mere ghar me termite treatment chahiye aaj,Daily Needs,Pest Control
urgent termite treatment chahiye mere area me,Daily Needs,Pest Control
mere ghar me poster design karwana hai urgently,Business Services,Graphic Designer
please online tutor chahiye help chahiye,Education,Online Tutor
bhai physiotherapy karwani hai please,Health & Wellness,Physiotherapist
bhai online classes chahiye aaj,Education,Online Tutor
jaldi clothes washing service chahiye jaldi,Daily Needs,Laundry
nearby security camera install karwana hai mere area me,Home Services,CCTV Installation
nearby event planner chahiye,Local Professionals,Event Planner
mujhe RO kharab hai urgently,Home Services,RO / Water Purifier Service
aaj lawyer chahiye chahiye,Business Services,Lawyer
please doctor chahiye aaj,Health & Wellness,Doctor
mujhe vehicle cleaning chahiye jaldi,Vehicle Services,Vehicle Washing
logo design karwana hai urgently,Business Services,Graphic Designer
mere ghar me fitness trainer chahiye jaldi,Health & Wellness,Fitness Trainer
urgent bike wash karwani hai jaldi,Vehicle Services,Vehicle Washing
urgent ghar ka interior design karwana hai mere area me,Local Professionals,Interior Designer
bhai clothes washing service chahiye aaj,Daily Needs,Laundry
car mechanic chahiye mere area me,Vehicle Services,Car Repair
please car tow karwani hai help chahiye,Vehicle Services,Towing Service
please painter chahiye please,Home Services,Painter
exam coaching chahiye koi hai kya,Education,Coaching Institute
aaj towing truck chahiye nearby,Vehicle Services,Towing Service
mere area me farm machine repair karwani hai nearby,Agriculture,Farm Equipment Repair
jaldi interior designer chahiye koi hai kya,Local Professionals,Interior Designer
aaj security camera install karwana hai aaj,Home Services,CCTV Installation
mere area me kapde laundry ke liye dene hain mere area me,Daily Needs,Laundry
urgent tractor mechanic chahiye mere area me,Agriculture,Tractor Repair
bhai laundry service chahiye urgently,Daily Needs,Laundry
mere area me website banwani hai please,Business Services,Web Developer
jaldi pani ki irrigation system chahiye,Agriculture,Irrigation Service
please online classes chahiye nearby,Education,Online Tutor
mere area me bike tyre puncture hai,Vehicle Services,Tyre Puncture
mujhe carpenter chahiye please,Home Services,Carpenter
urgent doctor chahiye jaldi,Health & Wellness,Doctor
irrigation service chahiye urgently,Agriculture,Irrigation Service
jaldi RO service chahiye please,Home Services,RO / Water Purifier Service
urgent AC service chahiye help chahiye,Home Services,AC Repair & Service
mujhe online tutor chahiye help chahiye,Education,Online Tutor
mere area me home tutor chahiye koi hai kya,Education,Home Tutor
nearby tractor repair karwana hai urgently,Agriculture,Tractor Repair
urgent gym trainer chahiye help chahiye,Health & Wellness,Fitness Trainer
towing truck chahiye jaldi,Vehicle Services,Towing Service
urgent doctor appointment chahiye chahiye,Health & Wellness,Doctor
bhai logo design karwana hai chahiye,Business Services,Graphic Designer
bhai furniture repair karwana hai mere area me,Home Services,Carpenter
wedding photographer chahiye koi hai kya,Local Professionals,Photographer
jaldi bike tyre puncture hai aaj,Vehicle Services,Tyre Puncture
urgent termite treatment chahiye nearby,Daily Needs,Pest Control
jaldi event planner chahiye chahiye,Local Professionals,Event Planner
bhai bachche ke liye tutor chahiye aaj,Education,Home Tutor
mere ghar me online teacher chahiye koi hai kya,Education,Online Tutor
urgent ghar paint karwana hai chahiye,Home Services,Painter
urgent washing machine kharab hai help chahiye,Home Services,Appliance Repair
bhai digital marketing service chahiye,Business Services,Digital Marketing
bhai air conditioner kharab hai chahiye,Home Services,AC Repair & Service
jaldi online teacher chahiye urgently,Education,Online Tutor
mere area me car tow karwani hai jaldi,Vehicle Services,Towing Service
please darwaza repair karwana hai koi hai kya,Home Services,Carpenter
please ghar me CCTV lagana hai nearby,Home Services,CCTV Installation
mere area me RO service chahiye nearby,Home Services,RO / Water Purifier Service
please irrigation service chahiye help chahiye,Agriculture,Irrigation Service
mere ghar me farm machine repair karwani hai jaldi,Agriculture,Farm Equipment Repair
bike tyre puncture hai nearby,Vehicle Services,Tyre Puncture
nearby gaadi ko tow karke le jana hai koi hai kya,Vehicle Services,Towing Service
mere area me bike tyre puncture hai jaldi,Vehicle Services,Tyre Puncture
aaj car wash karwani hai help chahiye,Vehicle Services,Vehicle Washing
mujhe bachche ke liye tutor chahiye koi hai kya,Education,Home Tutor
mere area me agriculture machine kharab hai aaj,Agriculture,Farm Equipment Repair
aaj ghar me CCTV lagana hai jaldi,Home Services,CCTV Installation
function organise karwana hai chahiye,Local Professionals,Event Planner
mere ghar me khet me irrigation karwani hai jaldi,Agriculture,Irrigation Service
aaj photographer chahiye aaj,Local Professionals,Photographer
nearby room interior karwana hai jaldi,Local Professionals,Interior Designer
mere ghar me tractor repair karwana hai chahiye,Agriculture,Tractor Repair
urgent bed repair karwana hai nearby,Home Services,Carpenter
urgent physiotherapy karwani hai,Health & Wellness,Physiotherapist
nearby wedding photographer chahiye chahiye,Local Professionals,Photographer
jaldi event planner chahiye koi hai kya,Local Professionals,Event Planner
jaldi car wash karwani hai urgently,Vehicle Services,Vehicle Washing
jaldi laundry service chahiye help chahiye,Daily Needs,Laundry
aaj doctor chahiye please,Health & Wellness,Doctor
nearby car wash karwani hai aaj,Vehicle Services,Vehicle Washing
mere area me bike battery kharab hai aaj,Vehicle Services,Battery Service
jaldi painter chahiye nearby,Home Services,Painter
gym trainer chahiye urgently,Health & Wellness,Fitness Trainer
mere ghar me chartered accountant chahiye chahiye,Business Services,CA
nearby room paint karwana hai jaldi,Home Services,Painter
car battery dead hai,Vehicle Services,Battery Service
mujhe CA chahiye nearby,Business Services,CA
please room interior karwana hai koi hai kya,Local Professionals,Interior Designer
mujhe ghar ki safai karwani hai,Daily Needs,House Cleaning
mujhe home tutor chahiye koi hai kya,Education,Home Tutor
mere ghar me wedding photographer chahiye urgently,Local Professionals,Photographer
please house cleaning chahiye mere area me,Daily Needs,House Cleaning
aaj photographer chahiye urgently,Local Professionals,Photographer
bhai ghar par teacher chahiye aaj,Education,Home Tutor
mere ghar me exam coaching chahiye urgently,Education,Coaching Institute
jaldi fitness trainer chahiye mere area me,Health & Wellness,Fitness Trainer
nearby bike repair karwani hai nearby,Vehicle Services,Bike Repair
aaj bijli ka problem hai aaj,Home Services,Electrician
jaldi ghar paint karwana hai chahiye,Home Services,Painter
urgent doctor chahiye,Health & Wellness,Doctor
jaldi function organise karwana hai nearby,Local Professionals,Event Planner
jaldi car repair karwani hai nearby,Vehicle Services,Car Repair
urgent gym trainer chahiye chahiye,Health & Wellness,Fitness Trainer
jaldi bike tyre puncture hai mere area me,Vehicle Services,Tyre Puncture
mujhe kapde laundry ke liye dene hain help chahiye,Daily Needs,Laundry
mujhe coaching join karni hai mere area me,Education,Coaching Institute
please doctor appointment chahiye koi hai kya,Health & Wellness,Doctor
urgent doctor se consult karna hai please,Health & Wellness,Doctor
aaj logo design karwana hai chahiye,Business Services,Graphic Designer
gaadi ko tow karke le jana hai,Vehicle Services,Towing Service
nearby bijli ka problem hai chahiye,Home Services,Electrician
nearby farm machine repair karwani hai koi hai kya,Agriculture,Farm Equipment Repair
mere ghar me air conditioner kharab hai koi hai kya,Home Services,AC Repair & Service
aaj khet me irrigation karwani hai urgently,Agriculture,Irrigation Service
web developer chahiye jaldi,Business Services,Web Developer
bhai legal help chahiye chahiye,Business Services,Lawyer
mere area me poster design karwana hai koi hai kya,Business Services,Graphic Designer
mujhe farm equipment mechanic chahiye urgently,Agriculture,Farm Equipment Repair
urgent farm machine repair karwani hai jaldi,Agriculture,Farm Equipment Repair
mere ghar me farm machine repair karwani hai koi hai kya,Agriculture,Farm Equipment Repair
aaj vehicle cleaning chahiye koi hai kya,Vehicle Services,Vehicle Washing
mujhe ghar par teacher chahiye jaldi,Education,Home Tutor
nearby bachche ke liye tutor chahiye aaj,Education,Home Tutor
nearby doctor se consult karna hai urgently,Health & Wellness,Doctor
aaj pest control chahiye jaldi,Daily Needs,Pest Control
gaadi ko tow karke le jana hai please,Vehicle Services,Towing Service
urgent ghar par teacher chahiye jaldi,Education,Home Tutor
physiotherapy karwani hai jaldi,Health & Wellness,Physiotherapist
bhai gaadi ko tow karke le jana hai aaj,Vehicle Services,Towing Service
bhai car wash karwani hai help chahiye,Vehicle Services,Vehicle Washing
mere area me doctor se consult karna hai please,Health & Wellness,Doctor
mujhe gym trainer chahiye koi hai kya,Health & Wellness,Fitness Trainer
mere area me room paint karwana hai,Home Services,Painter
online teacher chahiye nearby,Education,Online Tutor
mere ghar me furniture repair karwana hai jaldi,Home Services,Carpenter
nearby graphic designer chahiye aaj,Business Services,Graphic Designer
mujhe termite treatment chahiye please,Daily Needs,Pest Control
bike engine me problem hai jaldi,Vehicle Services,Bike Repair
bhai laundry service chahiye jaldi,Daily Needs,Laundry
jaldi online classes chahiye please,Education,Online Tutor
nearby water purifier repair karwana hai jaldi,Home Services,RO / Water Purifier Service
bhai farm machine repair karwani hai urgently,Agriculture,Farm Equipment Repair
bhai online teacher chahiye jaldi,Education,Online Tutor
urgent laundry service chahiye koi hai kya,Daily Needs,Laundry
interior designer chahiye aaj,Local Professionals,Interior Designer
mere ghar me laundry service chahiye jaldi,Daily Needs,Laundry
mere area me termite treatment chahiye,Daily Needs,Pest Control
bhai car mechanic chahiye help chahiye,Vehicle Services,Car Repair
aaj bachche ke liye tutor chahiye nearby,Education,Home Tutor
agriculture machine kharab hai aaj,Agriculture,Farm Equipment Repair
mere ghar me fitness trainer chahiye aaj,Health & Wellness,Fitness Trainer
aaj bachche ke liye tutor chahiye,Education,Home Tutor
mere area me pani ki irrigation system chahiye mere area me,Agriculture,Irrigation Service
mere area me personal trainer chahiye koi hai kya,Health & Wellness,Fitness Trainer
mujhe tractor mechanic chahiye help chahiye,Agriculture,Tractor Repair
farm machine repair karwani hai help chahiye,Agriculture,Farm Equipment Repair
car wash karwani hai chahiye,Vehicle Services,Vehicle Washing
please personal trainer chahiye mere area me,Health & Wellness,Fitness Trainer
mere ghar me doctor se consult karna hai mere area me,Health & Wellness,Doctor
urgent business website chahiye koi hai kya,Business Services,Web Developer
mere area me personal trainer chahiye,Health & Wellness,Fitness Trainer
nearby physiotherapy karwani hai,Health & Wellness,Physiotherapist
jaldi khet me irrigation karwani hai jaldi,Agriculture,Irrigation Service
mujhe ghar ka interior design karwana hai urgently,Local Professionals,Interior Designer
mere area me physiotherapist chahiye help chahiye,Health & Wellness,Physiotherapist
jaldi physiotherapist chahiye chahiye,Health & Wellness,Physiotherapist
doctor chahiye aaj,Health & Wellness,Doctor
urgent pest control chahiye aaj,Daily Needs,Pest Control
jaldi fitness trainer chahiye chahiye,Health & Wellness,Fitness Trainer
mujhe home cleaning service chahiye chahiye,Daily Needs,House Cleaning
mere area me physiotherapy karwani hai help chahiye,Health & Wellness,Physiotherapist
mujhe coaching institute chahiye mere area me,Education,Coaching Institute
mere ghar me coaching join karni hai mere area me,Education,Coaching Institute
urgent bike start nahi ho rahi chahiye,Vehicle Services,Bike Repair
urgent kapde laundry ke liye dene hain please,Daily Needs,Laundry
aaj ghar ka interior design karwana hai koi hai kya,Local Professionals,Interior Designer
aaj wedding photographer chahiye please,Local Professionals,Photographer
mere ghar me pest control chahiye chahiye,Daily Needs,Pest Control
mere ghar me pest control chahiye,Daily Needs,Pest Control
mujhe khet me irrigation karwani hai urgently,Agriculture,Irrigation Service
car tow karwani hai mere area me,Vehicle Services,Towing Service
nearby fitness trainer chahiye nearby,Health & Wellness,Fitness Trainer
nearby lawyer chahiye help chahiye,Business Services,Lawyer
please clothes washing service chahiye koi hai kya,Daily Needs,Laundry
urgent RO kharab hai urgently,Home Services,RO / Water Purifier Service
jaldi termite treatment chahiye please,Daily Needs,Pest Control
security camera install karwana hai chahiye,Home Services,CCTV Installation
aaj car battery dead hai please,Vehicle Services,Battery Service
bhai coaching join karni hai,Education,Coaching Institute
nearby physiotherapy karwani hai jaldi,Health & Wellness,Physiotherapist
mujhe bike repair karwani hai help chahiye,Vehicle Services,Bike Repair
urgent business promotion karwana hai urgently,Business Services,Digital Marketing
jaldi wedding photographer chahiye please,Local Professionals,Photographer
please painter chahiye aaj,Home Services,Painter
mere ghar me towing truck chahiye aaj,Vehicle Services,Towing Service
bhai CA chahiye koi hai kya,Business Services,CA
wedding photographer chahiye please,Local Professionals,Photographer
aaj doctor se consult karna hai help chahiye,Health & Wellness,Doctor
mere area me car raste me band ho gayi chahiye,Vehicle Services,Car Repair
nearby tractor repair karwana hai,Agriculture,Tractor Repair
jaldi physiotherapist chahiye aaj,Health & Wellness,Physiotherapist
mere area me home cleaning service chahiye mere area me,Daily Needs,House Cleaning
bhai tax filing ke liye CA chahiye urgently,Business Services,CA
mere ghar me laundry service chahiye chahiye,Daily Needs,Laundry
room interior karwana hai chahiye,Local Professionals,Interior Designer
mujhe pest control chahiye,Daily Needs,Pest Control
mere area me poster design karwana hai nearby,Business Services,Graphic Designer
website banwani hai help chahiye,Business Services,Web Developer
urgent clothes washing service chahiye aaj,Daily Needs,Laundry
nearby farm equipment mechanic chahiye,Agriculture,Farm Equipment Repair
aaj personal trainer chahiye mere area me,Health & Wellness,Fitness Trainer
mere ghar me house cleaning chahiye urgently,Daily Needs,House Cleaning
please tractor mechanic chahiye aaj,Agriculture,Tractor Repair
aaj farm machine repair karwani hai chahiye,Agriculture,Farm Equipment Repair
please laundry service chahiye,Daily Needs,Laundry
legal help chahiye mere area me,Business Services,Lawyer
pani ki irrigation system chahiye urgently,Agriculture,Irrigation Service
urgent bachche ke liye tutor chahiye please,Education,Home Tutor
mere area me event planner chahiye chahiye,Local Professionals,Event Planner
please car start nahi ho rahi aaj,Vehicle Services,Car Repair
bhai online tutor chahiye koi hai kya,Education,Online Tutor
aaj I need a photographer urgently,Local Professionals,Photographer
urgent bike start nahi ho rahi jaldi,Vehicle Services,Bike Repair
nearby home tutor chahiye help chahiye,Education,Home Tutor
mujhe car battery dead hai urgently,Vehicle Services,Battery Service
house cleaning chahiye help chahiye,Daily Needs,House Cleaning
urgent digital marketing service chahiye help chahiye,Business Services,Digital Marketing
mere ghar me farm equipment mechanic chahiye,Agriculture,Farm Equipment Repair
mere area me tractor repair karwana hai aaj,Agriculture,Tractor Repair
jaldi car wash karwani hai help chahiye,Vehicle Services,Vehicle Washing
aaj washing machine kharab hai chahiye,Home Services,Appliance Repair
mere area me pani ki irrigation system chahiye,Agriculture,Irrigation Service
jaldi doctor se consult karna hai mere area me,Health & Wellness,Doctor
please website banwani hai nearby,Business Services,Web Developer
mujhe electrician chahiye aaj,Home Services,Electrician
please painter chahiye,Home Services,Painter
mere area me physiotherapy karwani hai aaj,Health & Wellness,Physiotherapist
jaldi farm equipment mechanic chahiye mere area me,Agriculture,Farm Equipment Repair
mujhe ghar me cockroach bahut hain aaj,Daily Needs,Pest Control
bhai vehicle cleaning chahiye urgently,Vehicle Services,Vehicle Washing
doctor chahiye chahiye,Health & Wellness,Doctor
mere ghar me digital marketing service chahiye,Business Services,Digital Marketing
mere area me fitness trainer chahiye chahiye,Health & Wellness,Fitness Trainer
mere area me irrigation service chahiye mere area me,Agriculture,Irrigation Service
mujhe tractor repair karwana hai chahiye,Agriculture,Tractor Repair
mere ghar me kapde laundry ke liye dene hain,Daily Needs,Laundry
mere area me CA chahiye chahiye,Business Services,CA
clothes washing service chahiye help chahiye,Daily Needs,Laundry
bhai social media marketing chahiye aaj,Business Services,Digital Marketing
aaj clothes washing service chahiye nearby,Daily Needs,Laundry
mujhe function organise karwana hai nearby,Local Professionals,Event Planner
bhai online tutor chahiye,Education,Online Tutor
jaldi ghar ka interior design karwana hai,Local Professionals,Interior Designer
mujhe digital marketing service chahiye nearby,Business Services,Digital Marketing
vehicle cleaning chahiye,Vehicle Services,Vehicle Washing
aaj car tow karwani hai jaldi,Vehicle Services,Towing Service
aaj physiotherapist chahiye mere area me,Health & Wellness,Physiotherapist
bhai CCTV camera lagwana hai chahiye,Home Services,CCTV Installation
tractor kharab ho gaya koi hai kya,Agriculture,Tractor Repair
aaj ghar ki safai karwani hai urgently,Daily Needs,House Cleaning
please coaching join karni hai nearby,Education,Coaching Institute
ghar ka interior design karwana hai please,Local Professionals,Interior Designer
mere area me pest control chahiye help chahiye,Daily Needs,Pest Control
mere ghar me termite treatment chahiye urgently,Daily Needs,Pest Control
room paint karwana hai aaj,Home Services,Painter
aaj gym trainer chahiye urgently,Health & Wellness,Fitness Trainer
bhai security camera install karwana hai urgently,Home Services,CCTV Installation
mujhe bike battery kharab hai urgently,Vehicle Services,Battery Service
mere ghar me ghar paint karwana hai urgently,Home Services,Painter
aaj social media marketing chahiye nearby,Business Services,Digital Marketing
mere area me business promotion karwana hai chahiye,Business Services,Digital Marketing
mujhe khet me irrigation karwani hai koi hai kya,Agriculture,Irrigation Service
mere ghar me advocate chahiye aaj,Business Services,Lawyer
aaj bike start nahi ho rahi,Vehicle Services,Bike Repair
mere area me event planner chahiye nearby,Local Professionals,Event Planner
mere area me online tutor chahiye chahiye,Education,Online Tutor
please ghar me cockroach bahut hain nearby,Daily Needs,Pest Control
urgent business promotion karwana hai koi hai kya,Business Services,Digital Marketing
nearby room interior karwana hai please,Local Professionals,Interior Designer
mere area me RO service chahiye aaj,Home Services,RO / Water Purifier Service
nearby puncture wala chahiye aaj,Vehicle Services,Tyre Puncture
bhai clothes washing service chahiye nearby,Daily Needs,Laundry
aaj room interior karwana hai please,Local Professionals,Interior Designer
bhai social media marketing chahiye help chahiye,Business Services,Digital Marketing
please tractor repair karwana hai jaldi,Agriculture,Tractor Repair
pest control chahiye nearby,Daily Needs,Pest Control
nearby ghar me cockroach bahut hain please,Daily Needs,Pest Control
aaj coaching institute chahiye aaj,Education,Coaching Institute
nearby air conditioner kharab hai,Home Services,AC Repair & Service
nearby lawyer chahiye,Business Services,Lawyer
please photographer chahiye help chahiye,Local Professionals,Photographer
urgent fridge repair karwana hai jaldi,Home Services,Appliance Repair
jaldi ghar me cockroach bahut hain koi hai kya,Daily Needs,Pest Control
urgent home tutor chahiye mere area me,Education,Home Tutor
home cleaning service chahiye please,Daily Needs,House Cleaning
mere area me room interior karwana hai nearby,Local Professionals,Interior Designer
jaldi logo design karwana hai chahiye,Business Services,Graphic Designer
nearby personal trainer chahiye,Health & Wellness,Fitness Trainer
mere ghar me home tutor chahiye mere area me,Education,Home Tutor
please ghar par teacher chahiye,Education,Home Tutor
mujhe bike start nahi ho rahi urgently,Vehicle Services,Bike Repair
nearby kapde laundry ke liye dene hain jaldi,Daily Needs,Laundry
jaldi battery service chahiye jaldi,Vehicle Services,Battery Service
mere area me social media marketing chahiye jaldi,Business Services,Digital Marketing
coaching join karni hai nearby,Education,Coaching Institute
mere ghar me gaadi ko tow karke le jana hai jaldi,Vehicle Services,Towing Service
aaj tractor mechanic chahiye,Agriculture,Tractor Repair
car mechanic chahiye chahiye,Vehicle Services,Car Repair
please bachche ke liye tutor chahiye aaj,Education,Home Tutor
mere ghar me website banwani hai mere area me,Business Services,Web Developer
mujhe web developer chahiye nearby,Business Services,Web Developer
mujhe bike battery kharab hai help chahiye,Vehicle Services,Battery Service
aaj farm equipment mechanic chahiye,Agriculture,Farm Equipment Repair
gaadi ko tow karke le jana hai aaj,Vehicle Services,Towing Service
bhai tractor mechanic chahiye help chahiye,Agriculture,Tractor Repair
mere ghar me physiotherapy karwani hai aaj,Health & Wellness,Physiotherapist
tax filing ke liye CA chahiye aaj,Business Services,CA
urgent battery service chahiye help chahiye,Vehicle Services,Battery Service
mujhe doctor appointment chahiye,Health & Wellness,Doctor
jaldi clothes washing service chahiye mere area me,Daily Needs,Laundry
mere ghar me room interior karwana hai help chahiye,Local Professionals,Interior Designer
nearby home tutor chahiye nearby,Education,Home Tutor
mujhe ghar me cockroach bahut hain help chahiye,Daily Needs,Pest Control
urgent digital marketing service chahiye,Business Services,Digital Marketing
please ghar me cockroach bahut hain jaldi,Daily Needs,Pest Control
bhai tractor mechanic chahiye urgently,Agriculture,Tractor Repair
bhai function organise karwana hai jaldi,Local Professionals,Event Planner
jaldi khet me irrigation karwani hai help chahiye,Agriculture,Irrigation Service
mere ghar me carpenter chahiye help chahiye,Home Services,Carpenter
nearby farm machine repair karwani hai nearby,Agriculture,Farm Equipment Repair
aaj laundry service chahiye koi hai kya,Daily Needs,Laundry
aaj room interior karwana hai,Local Professionals,Interior Designer
mere area me coaching institute chahiye aaj,Education,Coaching Institute
please car mechanic chahiye help chahiye,Vehicle Services,Car Repair
I need a photographer jaldi,Local Professionals,Photographer
mere ghar me ghar ki safai karwani hai urgently,Daily Needs,House Cleaning
mujhe CA chahiye help chahiye,Business Services,CA
nearby doctor chahiye,Health & Wellness,Doctor
jaldi home tutor chahiye please,Education,Home Tutor
urgent farm equipment mechanic chahiye nearby,Agriculture,Farm Equipment Repair
mujhe exam coaching chahiye nearby,Education,Coaching Institute
please exam coaching chahiye please,Education,Coaching Institute
aaj farm machine repair karwani hai jaldi,Agriculture,Farm Equipment Repair
aaj CCTV camera lagwana hai please,Home Services,CCTV Installation
nearby poster design karwana hai chahiye,Business Services,Graphic Designer
mere area me khet me irrigation karwani hai koi hai kya,Agriculture,Irrigation Service
bhai website banwani hai jaldi,Business Services,Web Developer
nearby fridge repair karwana hai please,Home Services,Appliance Repair
mujhe car mechanic chahiye help chahiye,Vehicle Services,Car Repair
aaj ghar ka interior design karwana hai please,Local Professionals,Interior Designer
urgent wedding photographer chahiye chahiye,Local Professionals,Photographer
bhai gym trainer chahiye please,Health & Wellness,Fitness Trainer
aaj coaching institute chahiye help chahiye,Education,Coaching Institute
urgent exam coaching chahiye jaldi,Education,Coaching Institute
urgent home cleaning service chahiye urgently,Daily Needs,House Cleaning
mere area me fridge repair karwana hai,Home Services,Appliance Repair
aaj tax filing ke liye CA chahiye please,Business Services,CA
nearby physiotherapy karwani hai mere area me,Health & Wellness,Physiotherapist
jaldi towing truck chahiye nearby,Vehicle Services,Towing Service
jaldi home cleaning service chahiye urgently,Daily Needs,House Cleaning
nearby personal trainer chahiye chahiye,Health & Wellness,Fitness Trainer
lawyer chahiye chahiye,Business Services,Lawyer
jaldi car battery dead hai please,Vehicle Services,Battery Service
mere ghar me photographer chahiye chahiye,Local Professionals,Photographer
aaj AC thanda nahi kar raha mere area me,Home Services,AC Repair & Service
aaj termite treatment chahiye help chahiye,Daily Needs,Pest Control
mere area me interior designer chahiye help chahiye,Local Professionals,Interior Designer
mujhe RO service chahiye,Home Services,RO / Water Purifier Service
mere ghar me switch kaam nahi kar raha chahiye,Home Services,Electrician
please exam coaching chahiye aaj,Education,Coaching Institute
jaldi physiotherapy karwani hai nearby,Health & Wellness,Physiotherapist
urgent clothes washing service chahiye urgently,Daily Needs,Laundry
mujhe CA chahiye urgently,Business Services,CA
mere area me tractor kharab ho gaya please,Agriculture,Tractor Repair
mere ghar me irrigation service chahiye aaj,Agriculture,Irrigation Service
please personal trainer chahiye aaj,Health & Wellness,Fitness Trainer
urgent doctor chahiye chahiye,Health & Wellness,Doctor
mere area me online classes chahiye aaj,Education,Online Tutor
legal help chahiye aaj,Business Services,Lawyer
mere ghar me event planner chahiye nearby,Local Professionals,Event Planner
mujhe washing machine kharab hai koi hai kya,Home Services,Appliance Repair
mere ghar me event planner chahiye urgently,Local Professionals,Event Planner
urgent coaching institute chahiye aaj,Education,Coaching Institute
nearby gym trainer chahiye jaldi,Health & Wellness,Fitness Trainer
mere ghar me graphic designer chahiye please,Business Services,Graphic Designer
mere area me ghar ki safai karwani hai help chahiye,Daily Needs,House Cleaning
mere area me tractor kharab ho gaya aaj,Agriculture,Tractor Repair
nearby car repair karwani hai please,Vehicle Services,Car Repair
mere ghar me function organise karwana hai help chahiye,Local Professionals,Event Planner
bhai towing truck chahiye help chahiye,Vehicle Services,Towing Service
urgent ghar ka interior design karwana hai urgently,Local Professionals,Interior Designer
mere ghar me kapde laundry ke liye dene hain urgently,Daily Needs,Laundry
mujhe poster design karwana hai chahiye,Business Services,Graphic Designer
bhai air conditioner kharab hai aaj,Home Services,AC Repair & Service
jaldi doctor appointment chahiye mere area me,Health & Wellness,Doctor
nearby pani ki pipe repair karwani hai jaldi,Home Services,Plumber
please back pain ke liye physiotherapist chahiye nearby,Health & Wellness,Physiotherapist
bhai washing machine kharab hai koi hai kya,Home Services,Appliance Repair
mere ghar me online teacher chahiye jaldi,Education,Online Tutor
nearby RO ka pani nahi aa raha urgently,Home Services,RO / Water Purifier Service
social media marketing chahiye jaldi,Business Services,Digital Marketing
mujhe security camera install karwana hai koi hai kya,Home Services,CCTV Installation
please online tutor chahiye mere area me,Education,Online Tutor
mujhe tax filing ke liye CA chahiye help chahiye,Business Services,CA
mere ghar me bike battery kharab hai aaj,Vehicle Services,Battery Service
gym trainer chahiye aaj,Health & Wellness,Fitness Trainer
jaldi birthday party planner chahiye jaldi,Local Professionals,Event Planner
urgent personal trainer chahiye mere area me,Health & Wellness,Fitness Trainer
mujhe event planner chahiye nearby,Local Professionals,Event Planner
mere ghar me painter chahiye,Home Services,Painter
nearby I need a photographer aaj,Local Professionals,Photographer
mujhe plumber chahiye help chahiye,Home Services,Plumber
bachche ke liye tutor chahiye,Education,Home Tutor
bhai online classes chahiye mere area me,Education,Online Tutor
mere area me khet me irrigation karwani hai aaj,Agriculture,Irrigation Service
urgent business promotion karwana hai nearby,Business Services,Digital Marketing
aaj room interior karwana hai koi hai kya,Local Professionals,Interior Designer
urgent bachche ke liye tutor chahiye chahiye,Education,Home Tutor
nearby bike battery kharab hai aaj,Vehicle Services,Battery Service
nal leak kar raha hai urgently,Home Services,Plumber
mujhe tractor kharab ho gaya urgently,Agriculture,Tractor Repair
aaj bike start nahi ho rahi mere area me,Vehicle Services,Bike Repair
clothes washing service chahiye jaldi,Daily Needs,Laundry
mujhe tractor repair karwana hai nearby,Agriculture,Tractor Repair
mujhe fitness trainer chahiye koi hai kya,Health & Wellness,Fitness Trainer
mere area me physiotherapist chahiye please,Health & Wellness,Physiotherapist
mujhe lawyer chahiye,Business Services,Lawyer
mere ghar me I need a photographer help chahiye,Local Professionals,Photographer
mujhe personal trainer chahiye please,Health & Wellness,Fitness Trainer
urgent doctor appointment chahiye nearby,Health & Wellness,Doctor
online classes chahiye urgently,Education,Online Tutor
urgent pani ki irrigation system chahiye jaldi,Agriculture,Irrigation Service
please birthday party planner chahiye,Local Professionals,Event Planner
aaj AC thanda nahi kar raha jaldi,Home Services,AC Repair & Service
mujhe wedding photographer chahiye mere area me,Local Professionals,Photographer
mujhe doctor chahiye nearby,Health & Wellness,Doctor
please tax filing ke liye CA chahiye koi hai kya,Business Services,CA
mujhe photographer chahiye urgently,Local Professionals,Photographer
mere ghar me plumber chahiye urgently,Home Services,Plumber
nearby car tyre puncture ho gaya aaj,Vehicle Services,Tyre Puncture
jaldi farm machine repair karwani hai help chahiye,Agriculture,Farm Equipment Repair
jaldi personal trainer chahiye mere area me,Health & Wellness,Fitness Trainer
urgent photographer chahiye,Local Professionals,Photographer
bhai battery service chahiye chahiye,Vehicle Services,Battery Service
mere area me towing truck chahiye aaj,Vehicle Services,Towing Service
nearby RO kharab hai jaldi,Home Services,RO / Water Purifier Service
mere area me online classes chahiye help chahiye,Education,Online Tutor
please tax filing ke liye CA chahiye chahiye,Business Services,CA
mere ghar me pest control chahiye aaj,Daily Needs,Pest Control
event planner chahiye mere area me,Local Professionals,Event Planner
jaldi car repair karwani hai,Vehicle Services,Car Repair
nearby online tutor chahiye nearby,Education,Online Tutor
bhai tractor repair karwana hai mere area me,Agriculture,Tractor Repair
urgent towing truck chahiye help chahiye,Vehicle Services,Towing Service
mere ghar me physiotherapist chahiye mere area me,Health & Wellness,Physiotherapist
bhai photographer chahiye,Local Professionals,Photographer
bhai ghar me cockroach bahut hain chahiye,Daily Needs,Pest Control
coaching institute chahiye mere area me,Education,Coaching Institute
mere ghar me bike repair karwani hai jaldi,Vehicle Services,Bike Repair
bhai car tyre puncture ho gaya help chahiye,Vehicle Services,Tyre Puncture
physiotherapist chahiye mere area me,Health & Wellness,Physiotherapist
mere ghar me ghar ka interior design karwana hai chahiye,Local Professionals,Interior Designer
mere area me physiotherapist chahiye aaj,Health & Wellness,Physiotherapist
bhai logo design karwana hai nearby,Business Services,Graphic Designer
nearby battery service chahiye nearby,Vehicle Services,Battery Service
mujhe car mechanic chahiye mere area me,Vehicle Services,Car Repair
CA chahiye mere area me,Business Services,CA
ghar me CCTV lagana hai jaldi,Home Services,CCTV Installation
aaj wedding photographer chahiye koi hai kya,Local Professionals,Photographer
mujhe bike wash karwani hai please,Vehicle Services,Vehicle Washing
mujhe doctor chahiye,Health & Wellness,Doctor
jaldi gym trainer chahiye nearby,Health & Wellness,Fitness Trainer
aaj birthday party planner chahiye please,Local Professionals,Event Planner
mujhe home tutor chahiye mere area me,Education,Home Tutor
aaj event planner chahiye please,Local Professionals,Event Planner
mere ghar me bike battery kharab hai urgently,Vehicle Services,Battery Service
urgent ghar ki safai karwani hai urgently,Daily Needs,House Cleaning
bhai CCTV camera lagwana hai jaldi,Home Services,CCTV Installation
aaj social media marketing chahiye help chahiye,Business Services,Digital Marketing
nearby nal leak kar raha hai urgently,Home Services,Plumber
bhai wedding photographer chahiye jaldi,Local Professionals,Photographer
bhai interior designer chahiye help chahiye,Local Professionals,Interior Designer
mere ghar me irrigation service chahiye jaldi,Agriculture,Irrigation Service
jaldi I need a photographer aaj,Local Professionals,Photographer
jaldi car mechanic chahiye chahiye,Vehicle Services,Car Repair
wedding photographer chahiye jaldi,Local Professionals,Photographer
bhai I need a photographer help chahiye,Local Professionals,Photographer
urgent gym trainer chahiye urgently,Health & Wellness,Fitness Trainer
jaldi farm equipment mechanic chahiye nearby,Agriculture,Farm Equipment Repair
aaj ghar me CCTV lagana hai,Home Services,CCTV Installation
tractor repair karwana hai,Agriculture,Tractor Repair
mere area me ghar ki safai karwani hai jaldi,Daily Needs,House Cleaning
aaj doctor chahiye,Health & Wellness,Doctor
urgent pest control chahiye nearby,Daily Needs,Pest Control
bhai irrigation service chahiye nearby,Agriculture,Irrigation Service
bhai house cleaning chahiye mere area me,Daily Needs,House Cleaning
mujhe house cleaning chahiye nearby,Daily Needs,House Cleaning
aaj fridge repair karwana hai chahiye,Home Services,Appliance Repair
nearby ghar ka interior design karwana hai chahiye,Local Professionals,Interior Designer
aaj room interior karwana hai chahiye,Local Professionals,Interior Designer
mere ghar me business promotion karwana hai urgently,Business Services,Digital Marketing
bhai ghar ka interior design karwana hai help chahiye,Local Professionals,Interior Designer
bhai home cleaning service chahiye koi hai kya,Daily Needs,House Cleaning
mujhe bijli ka problem hai jaldi,Home Services,Electrician
nearby coaching join karni hai koi hai kya,Education,Coaching Institute
mere area me doctor appointment chahiye,Health & Wellness,Doctor
bhai kapde laundry ke liye dene hain help chahiye,Daily Needs,Laundry
mujhe car mechanic chahiye urgently,Vehicle Services,Car Repair
website banwani hai koi hai kya,Business Services,Web Developer
farm machine repair karwani hai please,Agriculture,Farm Equipment Repair
mere ghar me AC repair karwana hai urgently,Home Services,AC Repair & Service
nearby car tow karwani hai mere area me,Vehicle Services,Towing Service
aaj vehicle cleaning chahiye nearby,Vehicle Services,Vehicle Washing
aaj bed repair karwana hai koi hai kya,Home Services,Carpenter
aaj business website chahiye urgently,Business Services,Web Developer
mujhe ghar me CCTV lagana hai help chahiye,Home Services,CCTV Installation
jaldi puncture wala chahiye urgently,Vehicle Services,Tyre Puncture
bhai pipe leak ho raha hai help chahiye,Home Services,Plumber
car battery dead hai urgently,Vehicle Services,Battery Service
mere area me pest control chahiye nearby,Daily Needs,Pest Control
nearby pipe leak ho raha hai aaj,Home Services,Plumber
urgent AC service chahiye,Home Services,AC Repair & Service
please social media marketing chahiye nearby,Business Services,Digital Marketing
nearby bike engine me problem hai please,Vehicle Services,Bike Repair
mere ghar me house cleaning chahiye help chahiye,Daily Needs,House Cleaning
mujhe ghar ki safai karwani hai help chahiye,Daily Needs,House Cleaning
web developer chahiye nearby,Business Services,Web Developer
mere area me ghar ki safai karwani hai aaj,Daily Needs,House Cleaning
bhai tractor repair karwana hai,Agriculture,Tractor Repair
jaldi tractor repair karwana hai mere area me,Agriculture,Tractor Repair
mere area me car repair karwani hai please,Vehicle Services,Car Repair
bhai doctor chahiye nearby,Health & Wellness,Doctor
personal trainer chahiye jaldi,Health & Wellness,Fitness Trainer
mere ghar me car battery dead hai urgently,Vehicle Services,Battery Service
jaldi online tutor chahiye urgently,Education,Online Tutor
urgent bachche ke liye tutor chahiye help chahiye,Education,Home Tutor
mujhe coaching institute chahiye,Education,Coaching Institute
mere area me fitness trainer chahiye koi hai kya,Health & Wellness,Fitness Trainer
agriculture machine kharab hai help chahiye,Agriculture,Farm Equipment Repair
mere ghar me darwaza repair karwana hai jaldi,Home Services,Carpenter
aaj agriculture machine kharab hai chahiye,Agriculture,Farm Equipment Repair
aaj tractor mechanic chahiye jaldi,Agriculture,Tractor Repair
jaldi home cleaning service chahiye,Daily Needs,House Cleaning
jaldi online teacher chahiye chahiye,Education,Online Tutor
aaj online teacher chahiye chahiye,Education,Online Tutor
aaj event planner chahiye urgently,Local Professionals,Event Planner
mere ghar me doctor chahiye chahiye,Health & Wellness,Doctor
mere area me exam coaching chahiye,Education,Coaching Institute
coaching institute chahiye,Education,Coaching Institute
aaj physiotherapist chahiye koi hai kya,Health & Wellness,Physiotherapist
please ghar me cockroach bahut hain chahiye,Daily Needs,Pest Control
mujhe bijli ka problem hai help chahiye,Home Services,Electrician
mere area me farm machine repair karwani hai urgently,Agriculture,Farm Equipment Repair
urgent wedding photographer chahiye nearby,Local Professionals,Photographer
bhai laundry service chahiye,Daily Needs,Laundry
mere area me tax filing ke liye CA chahiye chahiye,Business Services,CA
bhai ghar ki safai karwani hai nearby,Daily Needs,House Cleaning
web developer chahiye,Business Services,Web Developer
aaj RO ka pani nahi aa raha please,Home Services,RO / Water Purifier Service
jaldi bike tyre puncture hai jaldi,Vehicle Services,Tyre Puncture
bhai farm equipment mechanic chahiye nearby,Agriculture,Farm Equipment Repair
bhai fridge thanda nahi kar raha jaldi,Home Services,Appliance Repair
urgent washing machine kharab hai nearby,Home Services,Appliance Repair
urgent clothes washing service chahiye chahiye,Daily Needs,Laundry
mere ghar me chartered accountant chahiye aaj,Business Services,CA
bhai doctor appointment chahiye nearby,Health & Wellness,Doctor
mere ghar me doctor chahiye please,Health & Wellness,Doctor
mere area me irrigation service chahiye please,Agriculture,Irrigation Service
please ghar par teacher chahiye urgently,Education,Home Tutor
exam coaching chahiye nearby,Education,Coaching Institute
aaj kapde laundry ke liye dene hain jaldi,Daily Needs,Laundry
nearby CA chahiye please,Business Services,CA
mujhe switch kaam nahi kar raha chahiye,Home Services,Electrician
please car tyre puncture ho gaya urgently,Vehicle Services,Tyre Puncture
please poster design karwana hai mere area me,Business Services,Graphic Designer
bhai tractor repair karwana hai chahiye,Agriculture,Tractor Repair
mere area me farm equipment mechanic chahiye help chahiye,Agriculture,Farm Equipment Repair
nearby online teacher chahiye please,Education,Online Tutor
online teacher chahiye urgently,Education,Online Tutor
urgent house cleaning chahiye aaj,Daily Needs,House Cleaning
bhai doctor appointment chahiye please,Health & Wellness,Doctor
bhai coaching institute chahiye please,Education,Coaching Institute
mere ghar me fitness trainer chahiye urgently,Health & Wellness,Fitness Trainer
mere area me pani ki irrigation system chahiye urgently,Agriculture,Irrigation Service
bhai car raste me band ho gayi nearby,Vehicle Services,Car Repair
jaldi event planner chahiye urgently,Local Professionals,Event Planner
switch kaam nahi kar raha urgently,Home Services,Electrician
nearby termite treatment chahiye mere area me,Daily Needs,Pest Control
bike battery kharab hai please,Vehicle Services,Battery Service
mujhe farm machine repair karwani hai,Agriculture,Farm Equipment Repair
bhai electrician chahiye help chahiye,Home Services,Electrician
nearby ghar me cockroach bahut hain jaldi,Daily Needs,Pest Control
nearby pani ki irrigation system chahiye help chahiye,Agriculture,Irrigation Service
nearby tractor kharab ho gaya urgently,Agriculture,Tractor Repair
aaj interior designer chahiye jaldi,Local Professionals,Interior Designer
mere area me legal help chahiye mere area me,Business Services,Lawyer
nearby farm equipment mechanic chahiye chahiye,Agriculture,Farm Equipment Repair
mere area me agriculture machine kharab hai urgently,Agriculture,Farm Equipment Repair
interior designer chahiye nearby,Local Professionals,Interior Designer
please function organise karwana hai chahiye,Local Professionals,Event Planner
please laundry service chahiye koi hai kya,Daily Needs,Laundry
nearby irrigation service chahiye help chahiye,Agriculture,Irrigation Service
mujhe wedding photographer chahiye,Local Professionals,Photographer
jaldi graphic designer chahiye please,Business Services,Graphic Designer
bhai kapde laundry ke liye dene hain chahiye,Daily Needs,Laundry
pest control chahiye aaj,Daily Needs,Pest Control
mujhe website banwani hai koi hai kya,Business Services,Web Developer
mere area me plumber chahiye,Home Services,Plumber
urgent lawyer chahiye jaldi,Business Services,Lawyer
jaldi pest control chahiye nearby,Daily Needs,Pest Control
nearby kapde laundry ke liye dene hain koi hai kya,Daily Needs,Laundry
mere ghar me event planner chahiye aaj,Local Professionals,Event Planner
physiotherapist chahiye jaldi,Health & Wellness,Physiotherapist
jaldi doctor se consult karna hai nearby,Health & Wellness,Doctor
nearby online classes chahiye aaj,Education,Online Tutor
jaldi kapde laundry ke liye dene hain mere area me,Daily Needs,Laundry
mere area me logo design karwana hai please,Business Services,Graphic Designer
aaj vehicle cleaning chahiye mere area me,Vehicle Services,Vehicle Washing
jaldi nal leak kar raha hai help chahiye,Home Services,Plumber
mere area me web developer chahiye help chahiye,Business Services,Web Developer
urgent painter chahiye nearby,Home Services,Painter
mere ghar me physiotherapy karwani hai koi hai kya,Health & Wellness,Physiotherapist
bhai air conditioner kharab hai mere area me,Home Services,AC Repair & Service
urgent interior designer chahiye jaldi,Local Professionals,Interior Designer
jaldi personal trainer chahiye nearby,Health & Wellness,Fitness Trainer
bhai website banwani hai please,Business Services,Web Developer
mere ghar me tax filing ke liye CA chahiye aaj,Business Services,CA
please tractor repair karwana hai mere area me,Agriculture,Tractor Repair
urgent ghar ki safai karwani hai koi hai kya,Daily Needs,House Cleaning
gym trainer chahiye nearby,Health & Wellness,Fitness Trainer
please CCTV camera lagwana hai help chahiye,Home Services,CCTV Installation
mere ghar me battery service chahiye mere area me,Vehicle Services,Battery Service
mujhe home appliance repair chahiye jaldi,Home Services,Appliance Repair
aaj farm equipment mechanic chahiye aaj,Agriculture,Farm Equipment Repair
aaj tractor repair karwana hai,Agriculture,Tractor Repair
mujhe chartered accountant chahiye,Business Services,CA
mere area me online teacher chahiye please,Education,Online Tutor
urgent physiotherapist chahiye nearby,Health & Wellness,Physiotherapist
aaj CA chahiye chahiye,Business Services,CA
nearby farm equipment mechanic chahiye mere area me,Agriculture,Farm Equipment Repair
photographer chahiye jaldi,Local Professionals,Photographer
please room paint karwana hai please,Home Services,Painter
aaj fitness trainer chahiye mere area me,Health & Wellness,Fitness Trainer
nearby irrigation service chahiye please,Agriculture,Irrigation Service
bhai laundry service chahiye chahiye,Daily Needs,Laundry
mere area me doctor appointment chahiye please,Health & Wellness,Doctor
mere area me agriculture machine kharab hai mere area me,Agriculture,Farm Equipment Repair
mere ghar me car tyre puncture ho gaya help chahiye,Vehicle Services,Tyre Puncture
aaj physiotherapist chahiye urgently,Health & Wellness,Physiotherapist
urgent car tow karwani hai aaj,Vehicle Services,Towing Service
bhai business promotion karwana hai help chahiye,Business Services,Digital Marketing
jaldi doctor appointment chahiye aaj,Health & Wellness,Doctor
please ghar me cockroach bahut hain aaj,Daily Needs,Pest Control
urgent pest control chahiye chahiye,Daily Needs,Pest Control
please bike wash karwani hai nearby,Vehicle Services,Vehicle Washing
aaj social media marketing chahiye koi hai kya,Business Services,Digital Marketing
nearby CCTV camera lagwana hai,Home Services,CCTV Installation
mere area me switch kaam nahi kar raha help chahiye,Home Services,Electrician
nearby ghar ki safai karwani hai aaj,Daily Needs,House Cleaning
fan repair karwana hai koi hai kya,Home Services,Electrician
please business promotion karwana hai chahiye,Business Services,Digital Marketing
mujhe ghar me cockroach bahut hain koi hai kya,Daily Needs,Pest Control
mere area me ghar ka interior design karwana hai help chahiye,Local Professionals,Interior Designer
mere area me khet me irrigation karwani hai nearby,Agriculture,Irrigation Service
aaj doctor se consult karna hai chahiye,Health & Wellness,Doctor
bhai ghar me cockroach bahut hain mere area me,Daily Needs,Pest Control
mere ghar me home cleaning service chahiye please,Daily Needs,House Cleaning
mere area me farm machine repair karwani hai jaldi,Agriculture,Farm Equipment Repair
mujhe home tutor chahiye urgently,Education,Home Tutor
mujhe function organise karwana hai help chahiye,Local Professionals,Event Planner
jaldi photographer chahiye aaj,Local Professionals,Photographer
bhai exam coaching chahiye urgently,Education,Coaching Institute
mere area me fridge repair karwana hai please,Home Services,Appliance Repair
urgent CA chahiye chahiye,Business Services,CA
nearby ghar ka interior design karwana hai koi hai kya,Local Professionals,Interior Designer
mujhe tractor repair karwana hai help chahiye,Agriculture,Tractor Repair
mere area me I need a photographer please,Local Professionals,Photographer
nearby birthday party planner chahiye aaj,Local Professionals,Event Planner
bhai plumber chahiye,Home Services,Plumber
event planner chahiye help chahiye,Local Professionals,Event Planner
urgent doctor chahiye help chahiye,Health & Wellness,Doctor
mujhe wall paint karwani hai nearby,Home Services,Painter
mere ghar me online classes chahiye chahiye,Education,Online Tutor
urgent physiotherapist chahiye,Health & Wellness,Physiotherapist
mere ghar me car tow karwani hai mere area me,Vehicle Services,Towing Service
please CCTV camera lagwana hai nearby,Home Services,CCTV Installation
photographer chahiye please,Local Professionals,Photographer
nearby tractor mechanic chahiye nearby,Agriculture,Tractor Repair
mere ghar me home appliance repair chahiye koi hai kya,Home Services,Appliance Repair
please switch kaam nahi kar raha help chahiye,Home Services,Electrician
mere area me business promotion karwana hai aaj,Business Services,Digital Marketing
urgent tractor kharab ho gaya chahiye,Agriculture,Tractor Repair
event planner chahiye nearby,Local Professionals,Event Planner
jaldi interior designer chahiye mere area me,Local Professionals,Interior Designer
mere ghar me irrigation service chahiye mere area me,Agriculture,Irrigation Service
please event planner chahiye,Local Professionals,Event Planner
urgent AC repair karwana hai jaldi,Home Services,AC Repair & Service
mujhe logo design karwana hai please,Business Services,Graphic Designer
urgent RO kharab hai chahiye,Home Services,RO / Water Purifier Service
nearby bed repair karwana hai,Home Services,Carpenter
pest control chahiye help chahiye,Daily Needs,Pest Control
mere ghar me function organise karwana hai koi hai kya,Local Professionals,Event Planner
digital marketing service chahiye please,Business Services,Digital Marketing
bhai car tow karwani hai mere area me,Vehicle Services,Towing Service
bhai back pain ke liye physiotherapist chahiye koi hai kya,Health & Wellness,Physiotherapist
urgent ghar par teacher chahiye mere area me,Education,Home Tutor
please irrigation service chahiye chahiye,Agriculture,Irrigation Service
please coaching join karni hai chahiye,Education,Coaching Institute
please personal trainer chahiye chahiye,Health & Wellness,Fitness Trainer
urgent agriculture machine kharab hai jaldi,Agriculture,Farm Equipment Repair
urgent carpenter chahiye,Home Services,Carpenter
please house cleaning chahiye aaj,Daily Needs,House Cleaning
urgent tractor mechanic chahiye jaldi,Agriculture,Tractor Repair
bhai back pain ke liye physiotherapist chahiye mere area me,Health & Wellness,Physiotherapist
room interior karwana hai urgently,Local Professionals,Interior Designer
urgent pani ki irrigation system chahiye chahiye,Agriculture,Irrigation Service
mere ghar me business website chahiye,Business Services,Web Developer
nearby tractor repair karwana hai koi hai kya,Agriculture,Tractor Repair
mere ghar me farm machine repair karwani hai chahiye,Agriculture,Farm Equipment Repair
bhai clothes washing service chahiye please,Daily Needs,Laundry
mujhe vehicle cleaning chahiye chahiye,Vehicle Services,Vehicle Washing
coaching institute chahiye aaj,Education,Coaching Institute
mujhe graphic designer chahiye aaj,Business Services,Graphic Designer
mujhe ghar me CCTV lagana hai jaldi,Home Services,CCTV Installation
aaj birthday party planner chahiye koi hai kya,Local Professionals,Event Planner
advocate chahiye,Business Services,Lawyer
mujhe birthday party planner chahiye mere area me,Local Professionals,Event Planner
nearby bike battery kharab hai please,Vehicle Services,Battery Service
please bike battery kharab hai help chahiye,Vehicle Services,Battery Service
bike battery kharab hai jaldi,Vehicle Services,Battery Service
doctor se consult karna hai help chahiye,Health & Wellness,Doctor
urgent home appliance repair chahiye aaj,Home Services,Appliance Repair
please home appliance repair chahiye jaldi,Home Services,Appliance Repair
urgent pest control chahiye mere area me,Daily Needs,Pest Control
mere ghar me car tyre puncture ho gaya mere area me,Vehicle Services,Tyre Puncture
mere ghar me bachche ke liye tutor chahiye chahiye,Education,Home Tutor
ghar paint karwana hai help chahiye,Home Services,Painter
aaj laundry service chahiye jaldi,Daily Needs,Laundry
aaj irrigation service chahiye help chahiye,Agriculture,Irrigation Service
aaj birthday party planner chahiye nearby,Local Professionals,Event Planner
jaldi tractor mechanic chahiye chahiye,Agriculture,Tractor Repair
bhai car tyre puncture ho gaya koi hai kya,Vehicle Services,Tyre Puncture
nearby battery service chahiye aaj,Vehicle Services,Battery Service
doctor chahiye,Health & Wellness,Doctor
nearby car tyre puncture ho gaya koi hai kya,Vehicle Services,Tyre Puncture
urgent physiotherapist chahiye mere area me,Health & Wellness,Physiotherapist
jaldi washing machine kharab hai help chahiye,Home Services,Appliance Repair
bhai khet me irrigation karwani hai,Agriculture,Irrigation Service
nearby personal trainer chahiye help chahiye,Health & Wellness,Fitness Trainer
urgent ghar ka interior design karwana hai help chahiye,Local Professionals,Interior Designer
mujhe electrician chahiye jaldi,Home Services,Electrician
mujhe home tutor chahiye,Education,Home Tutor
bhai I need a photographer please,Local Professionals,Photographer
bhai pest control chahiye aaj,Daily Needs,Pest Control
nearby fan repair karwana hai urgently,Home Services,Electrician
bhai ghar par teacher chahiye jaldi,Education,Home Tutor
mere ghar me termite treatment chahiye help chahiye,Daily Needs,Pest Control
bhai web developer chahiye chahiye,Business Services,Web Developer
mere ghar me legal help chahiye,Business Services,Lawyer
jaldi bachche ke liye tutor chahiye help chahiye,Education,Home Tutor
bike repair karwani hai mere area me,Vehicle Services,Bike Repair
aaj irrigation service chahiye nearby,Agriculture,Irrigation Service
mujhe function organise karwana hai mere area me,Local Professionals,Event Planner
mere ghar me online tutor chahiye mere area me,Education,Online Tutor
bhai RO ka pani nahi aa raha urgently,Home Services,RO / Water Purifier Service
nearby function organise karwana hai help chahiye,Local Professionals,Event Planner
mujhe ghar me CCTV lagana hai urgently,Home Services,CCTV Installation
urgent poster design karwana hai mere area me,Business Services,Graphic Designer
please advocate chahiye,Business Services,Lawyer
mere area me vehicle cleaning chahiye nearby,Vehicle Services,Vehicle Washing
please online teacher chahiye,Education,Online Tutor
bhai web developer chahiye koi hai kya,Business Services,Web Developer
bike wash karwani hai chahiye,Vehicle Services,Vehicle Washing
nearby poster design karwana hai help chahiye,Business Services,Graphic Designer
bhai function organise karwana hai mere area me,Local Professionals,Event Planner
bhai online teacher chahiye urgently,Education,Online Tutor
please carpenter chahiye mere area me,Home Services,Carpenter
aaj car tow karwani hai help chahiye,Vehicle Services,Towing Service
mujhe home appliance repair chahiye nearby,Home Services,Appliance Repair
mere ghar me AC service chahiye,Home Services,AC Repair & Service
bhai gym trainer chahiye nearby,Health & Wellness,Fitness Trainer
urgent online teacher chahiye koi hai kya,Education,Online Tutor
aaj pani ki pipe repair karwani hai koi hai kya,Home Services,Plumber
mujhe graphic designer chahiye please,Business Services,Graphic Designer
mere area me home tutor chahiye please,Education,Home Tutor
aaj ghar par teacher chahiye aaj,Education,Home Tutor
termite treatment chahiye nearby,Daily Needs,Pest Control
bhai laundry service chahiye mere area me,Daily Needs,Laundry
mere area me car mechanic chahiye nearby,Vehicle Services,Car Repair
aaj doctor chahiye jaldi,Health & Wellness,Doctor
aaj advocate chahiye mere area me,Business Services,Lawyer
coaching institute chahiye chahiye,Education,Coaching Institute
room interior karwana hai koi hai kya,Local Professionals,Interior Designer
bhai bike start nahi ho rahi jaldi,Vehicle Services,Bike Repair
please pani ki irrigation system chahiye mere area me,Agriculture,Irrigation Service
nearby tax filing ke liye CA chahiye please,Business Services,CA
mujhe online teacher chahiye help chahiye,Education,Online Tutor
mujhe coaching institute chahiye please,Education,Coaching Institute
urgent back pain ke liye physiotherapist chahiye help chahiye,Health & Wellness,Physiotherapist
aaj pest control chahiye aaj,Daily Needs,Pest Control
please ghar me cockroach bahut hain mere area me,Daily Needs,Pest Control
urgent car raste me band ho gayi chahiye,Vehicle Services,Car Repair
please laundry service chahiye please,Daily Needs,Laundry
mere area me bike repair karwani hai mere area me,Vehicle Services,Bike Repair
mujhe ghar ki safai karwani hai urgently,Daily Needs,House Cleaning
aaj pest control chahiye mere area me,Daily Needs,Pest Control
farm machine repair karwani hai koi hai kya,Agriculture,Farm Equipment Repair
nearby I need a photographer urgently,Local Professionals,Photographer
aaj agriculture machine kharab hai,Agriculture,Farm Equipment Repair
please pest control chahiye chahiye,Daily Needs,Pest Control
digital marketing service chahiye help chahiye,Business Services,Digital Marketing
bhai interior designer chahiye mere area me,Local Professionals,Interior Designer
mujhe room interior karwana hai koi hai kya,Local Professionals,Interior Designer
mere area me fan repair karwana hai chahiye,Home Services,Electrician
urgent exam coaching chahiye aaj,Education,Coaching Institute
urgent farm machine repair karwani hai help chahiye,Agriculture,Farm Equipment Repair
mere ghar me irrigation service chahiye chahiye,Agriculture,Irrigation Service
urgent water purifier repair karwana hai help chahiye,Home Services,RO / Water Purifier Service
nearby irrigation service chahiye aaj,Agriculture,Irrigation Service
mujhe room paint karwana hai please,Home Services,Painter
ghar par teacher chahiye please,Education,Home Tutor
urgent web developer chahiye urgently,Business Services,Web Developer
jaldi air conditioner kharab hai koi hai kya,Home Services,AC Repair & Service
mere area me bike engine me problem hai please,Vehicle Services,Bike Repair
nearby room interior karwana hai koi hai kya,Local Professionals,Interior Designer
mere area me AC repair karwana hai chahiye,Home Services,AC Repair & Service
agriculture machine kharab hai jaldi,Agriculture,Farm Equipment Repair
please logo design karwana hai mere area me,Business Services,Graphic Designer
bike tyre puncture hai jaldi,Vehicle Services,Tyre Puncture
mere area me laundry service chahiye urgently,Daily Needs,Laundry
mere ghar me chartered accountant chahiye,Business Services,CA
mujhe advocate chahiye aaj,Business Services,Lawyer
jaldi khet me irrigation karwani hai urgently,Agriculture,Irrigation Service
bhai business promotion karwana hai chahiye,Business Services,Digital Marketing
mere area me fridge thanda nahi kar raha please,Home Services,Appliance Repair
nearby exam coaching chahiye please,Education,Coaching Institute
aaj online teacher chahiye koi hai kya,Education,Online Tutor
mujhe pipe leak ho raha hai chahiye,Home Services,Plumber
mere ghar me bed repair karwana hai koi hai kya,Home Services,Carpenter
please online teacher chahiye please,Education,Online Tutor
please pani ki pipe repair karwani hai aaj,Home Services,Plumber
aaj ghar me cockroach bahut hain nearby,Daily Needs,Pest Control
mere area me pipe leak ho raha hai please,Home Services,Plumber
urgent battery service chahiye please,Vehicle Services,Battery Service
mere area me bike battery kharab hai urgently,Vehicle Services,Battery Service
online tutor chahiye help chahiye,Education,Online Tutor
security camera install karwana hai,Home Services,CCTV Installation
jaldi washing machine kharab hai mere area me,Home Services,Appliance Repair
aaj personal trainer chahiye help chahiye,Health & Wellness,Fitness Trainer
mere area me pest control chahiye koi hai kya,Daily Needs,Pest Control
mere area me khet me irrigation karwani hai help chahiye,Agriculture,Irrigation Service
urgent ghar ka interior design karwana hai chahiye,Local Professionals,Interior Designer
mujhe graphic designer chahiye,Business Services,Graphic Designer
nearby clothes washing service chahiye please,Daily Needs,Laundry
bhai bike engine me problem hai please,Vehicle Services,Bike Repair
mujhe water purifier repair karwana hai mere area me,Home Services,RO / Water Purifier Service
please physiotherapy karwani hai jaldi,Health & Wellness,Physiotherapist
aaj interior designer chahiye,Local Professionals,Interior Designer
mujhe legal help chahiye koi hai kya,Business Services,Lawyer
nearby gym trainer chahiye please,Health & Wellness,Fitness Trainer
nearby kapde laundry ke liye dene hain aaj,Daily Needs,Laundry
please bijli ka problem hai help chahiye,Home Services,Electrician
mujhe ghar ka interior design karwana hai jaldi,Local Professionals,Interior Designer
mere ghar me farm machine repair karwani hai nearby,Agriculture,Farm Equipment Repair
nearby online classes chahiye koi hai kya,Education,Online Tutor
urgent exam coaching chahiye chahiye,Education,Coaching Institute
please car raste me band ho gayi chahiye,Vehicle Services,Car Repair
bhai kapde laundry ke liye dene hain mere area me,Daily Needs,Laundry
nearby wedding photographer chahiye mere area me,Local Professionals,Photographer
urgent tax filing ke liye CA chahiye chahiye,Business Services,CA
mere ghar me tractor mechanic chahiye aaj,Agriculture,Tractor Repair
urgent RO service chahiye help chahiye,Home Services,RO / Water Purifier Service
aaj advocate chahiye nearby,Business Services,Lawyer
urgent towing truck chahiye chahiye,Vehicle Services,Towing Service
jaldi lawyer chahiye urgently,Business Services,Lawyer
jaldi online tutor chahiye help chahiye,Education,Online Tutor
jaldi tractor kharab ho gaya chahiye,Agriculture,Tractor Repair
ghar par teacher chahiye mere area me,Education,Home Tutor
jaldi legal help chahiye mere area me,Business Services,Lawyer
ghar me cockroach bahut hain koi hai kya,Daily Needs,Pest Control
bhai home cleaning service chahiye urgently,Daily Needs,House Cleaning
aaj tax filing ke liye CA chahiye chahiye,Business Services,CA
please ghar ka interior design karwana hai mere area me,Local Professionals,Interior Designer
please online tutor chahiye urgently,Education,Online Tutor
nearby laundry service chahiye jaldi,Daily Needs,Laundry
vehicle cleaning chahiye nearby,Vehicle Services,Vehicle Washing
bhai ghar par teacher chahiye,Education,Home Tutor
mere ghar me ghar me cockroach bahut hain chahiye,Daily Needs,Pest Control
bhai tax filing ke liye CA chahiye chahiye,Business Services,CA
mere ghar me business promotion karwana hai koi hai kya,Business Services,Digital Marketing
aaj tractor kharab ho gaya help chahiye,Agriculture,Tractor Repair
jaldi gym trainer chahiye please,Health & Wellness,Fitness Trainer
jaldi bachche ke liye tutor chahiye koi hai kya,Education,Home Tutor
jaldi business promotion karwana hai help chahiye,Business Services,Digital Marketing
ghar ki safai karwani hai chahiye,Daily Needs,House Cleaning
aaj photographer chahiye mere area me,Local Professionals,Photographer
urgent fitness trainer chahiye koi hai kya,Health & Wellness,Fitness Trainer
aaj website banwani hai jaldi,Business Services,Web Developer
mere ghar me physiotherapist chahiye aaj,Health & Wellness,Physiotherapist
nearby pest control chahiye please,Daily Needs,Pest Control
bhai ghar ki safai karwani hai please,Daily Needs,House Cleaning
mere ghar me khet me irrigation karwani hai chahiye,Agriculture,Irrigation Service
jaldi tractor repair karwana hai koi hai kya,Agriculture,Tractor Repair
AC thanda nahi kar raha chahiye,Home Services,AC Repair & Service
aaj website banwani hai aaj,Business Services,Web Developer
jaldi pest control chahiye please,Daily Needs,Pest Control
aaj tractor mechanic chahiye please,Agriculture,Tractor Repair
aaj physiotherapy karwani hai,Health & Wellness,Physiotherapist
aaj doctor se consult karna hai koi hai kya,Health & Wellness,Doctor
nearby online classes chahiye mere area me,Education,Online Tutor
nearby security camera install karwana hai koi hai kya,Home Services,CCTV Installation
bhai graphic designer chahiye urgently,Business Services,Graphic Designer
urgent tractor kharab ho gaya nearby,Agriculture,Tractor Repair
nearby coaching join karni hai,Education,Coaching Institute
bhai advocate chahiye please,Business Services,Lawyer
mere ghar me coaching join karni hai koi hai kya,Education,Coaching Institute
jaldi online tutor chahiye koi hai kya,Education,Online Tutor
jaldi irrigation service chahiye chahiye,Agriculture,Irrigation Service
urgent car wash karwani hai koi hai kya,Vehicle Services,Vehicle Washing
mere area me doctor appointment chahiye urgently,Health & Wellness,Doctor
please interior designer chahiye chahiye,Local Professionals,Interior Designer
bhai fitness trainer chahiye chahiye,Health & Wellness,Fitness Trainer
mere ghar me house cleaning chahiye,Daily Needs,House Cleaning
urgent physiotherapy karwani hai please,Health & Wellness,Physiotherapist
bhai tractor repair karwana hai urgently,Agriculture,Tractor Repair
room interior karwana hai aaj,Local Professionals,Interior Designer
aaj logo design karwana hai please,Business Services,Graphic Designer
jaldi puncture wala chahiye mere area me,Vehicle Services,Tyre Puncture
web developer chahiye please,Business Services,Web Developer
mere area me pani ki irrigation system chahiye nearby,Agriculture,Irrigation Service
bhai online tutor chahiye nearby,Education,Online Tutor
mujhe personal trainer chahiye mere area me,Health & Wellness,Fitness Trainer
jaldi car battery dead hai urgently,Vehicle Services,Battery Service
mere area me tractor mechanic chahiye jaldi,Agriculture,Tractor Repair
please physiotherapist chahiye mere area me,Health & Wellness,Physiotherapist
aaj home cleaning service chahiye mere area me,Daily Needs,House Cleaning
mere area me physiotherapist chahiye nearby,Health & Wellness,Physiotherapist
aaj back pain ke liye physiotherapist chahiye please,Health & Wellness,Physiotherapist
mujhe farm machine repair karwani hai jaldi,Agriculture,Farm Equipment Repair
mujhe pest control chahiye please,Daily Needs,Pest Control
mere ghar me kapde laundry ke liye dene hain mere area me,Daily Needs,Laundry
mere ghar me towing truck chahiye koi hai kya,Vehicle Services,Towing Service
aaj poster design karwana hai help chahiye,Business Services,Graphic Designer
please business promotion karwana hai mere area me,Business Services,Digital Marketing
mere ghar me lawyer chahiye help chahiye,Business Services,Lawyer
please physiotherapist chahiye,Health & Wellness,Physiotherapist
please back pain ke liye physiotherapist chahiye aaj,Health & Wellness,Physiotherapist
mujhe room paint karwana hai mere area me,Home Services,Painter
mere area me khet me irrigation karwani hai chahiye,Agriculture,Irrigation Service
aaj ghar ki safai karwani hai,Daily Needs,House Cleaning
urgent battery service chahiye,Vehicle Services,Battery Service
nearby digital marketing service chahiye jaldi,Business Services,Digital Marketing
bhai tractor mechanic chahiye jaldi,Agriculture,Tractor Repair
please puncture wala chahiye please,Vehicle Services,Tyre Puncture
nearby pani ki irrigation system chahiye urgently,Agriculture,Irrigation Service
mere area me car mechanic chahiye chahiye,Vehicle Services,Car Repair
urgent wedding photographer chahiye please,Local Professionals,Photographer
jaldi termite treatment chahiye koi hai kya,Daily Needs,Pest Control
aaj house cleaning chahiye,Daily Needs,House Cleaning
doctor appointment chahiye help chahiye,Health & Wellness,Doctor
mere ghar me home cleaning service chahiye mere area me,Daily Needs,House Cleaning
please birthday party planner chahiye jaldi,Local Professionals,Event Planner
jaldi coaching institute chahiye jaldi,Education,Coaching Institute
nearby wedding photographer chahiye nearby,Local Professionals,Photographer
bhai wedding photographer chahiye help chahiye,Local Professionals,Photographer
aaj back pain ke liye physiotherapist chahiye jaldi,Health & Wellness,Physiotherapist
mere ghar me online teacher chahiye help chahiye,Education,Online Tutor
mujhe car battery dead hai nearby,Vehicle Services,Battery Service
urgent I need a photographer mere area me,Local Professionals,Photographer
chartered accountant chahiye mere area me,Business Services,CA
jaldi bike battery kharab hai chahiye,Vehicle Services,Battery Service
mujhe back pain ke liye physiotherapist chahiye please,Health & Wellness,Physiotherapist
mere area me air conditioner kharab hai mere area me,Home Services,AC Repair & Service
mujhe ghar par teacher chahiye chahiye,Education,Home Tutor
please irrigation service chahiye urgently,Agriculture,Irrigation Service
mujhe coaching institute chahiye help chahiye,Education,Coaching Institute
please chartered accountant chahiye please,Business Services,CA
bhai ghar par teacher chahiye urgently,Education,Home Tutor
bhai home tutor chahiye nearby,Education,Home Tutor
nearby home cleaning service chahiye please,Daily Needs,House Cleaning
mere ghar me termite treatment chahiye jaldi,Daily Needs,Pest Control
interior designer chahiye urgently,Local Professionals,Interior Designer
aaj house cleaning chahiye aaj,Daily Needs,House Cleaning
aaj fridge repair karwana hai jaldi,Home Services,Appliance Repair
aaj bachche ke liye tutor chahiye aaj,Education,Home Tutor
please laundry service chahiye mere area me,Daily Needs,Laundry
please gym trainer chahiye urgently,Health & Wellness,Fitness Trainer
mere area me car tow karwani hai mere area me,Vehicle Services,Towing Service
bhai bike engine me problem hai jaldi,Vehicle Services,Bike Repair
please battery service chahiye aaj,Vehicle Services,Battery Service
please chartered accountant chahiye koi hai kya,Business Services,CA
mere area me business website chahiye help chahiye,Business Services,Web Developer
mere area me website banwani hai nearby,Business Services,Web Developer
aaj pani ki irrigation system chahiye urgently,Agriculture,Irrigation Service
bhai advocate chahiye jaldi,Business Services,Lawyer
please home cleaning service chahiye koi hai kya,Daily Needs,House Cleaning
aaj interior designer chahiye aaj,Local Professionals,Interior Designer
fridge thanda nahi kar raha chahiye,Home Services,Appliance Repair
please event planner chahiye urgently,Local Professionals,Event Planner
aaj bed repair karwana hai mere area me,Home Services,Carpenter
nearby agriculture machine kharab hai help chahiye,Agriculture,Farm Equipment Repair
bhai bijli ka problem hai please,Home Services,Electrician
please bike wash karwani hai jaldi,Vehicle Services,Vehicle Washing
mere area me CA chahiye,Business Services,CA
plumber chahiye urgently,Home Services,Plumber
bhai I need a photographer urgently,Local Professionals,Photographer
please bike wash karwani hai aaj,Vehicle Services,Vehicle Washing
please laundry service chahiye chahiye,Daily Needs,Laundry
bhai coaching institute chahiye mere area me,Education,Coaching Institute
mere ghar me washing machine kharab hai mere area me,Home Services,Appliance Repair
aaj event planner chahiye koi hai kya,Local Professionals,Event Planner
mujhe pest control chahiye jaldi,Daily Needs,Pest Control
aaj khet me irrigation karwani hai jaldi,Agriculture,Irrigation Service
nearby carpenter chahiye please,Home Services,Carpenter
please car mechanic chahiye jaldi,Vehicle Services,Car Repair
mere area me furniture repair karwana hai help chahiye,Home Services,Carpenter
nearby agriculture machine kharab hai please,Agriculture,Farm Equipment Repair
bhai social media marketing chahiye nearby,Business Services,Digital Marketing
please plumber chahiye,Home Services,Plumber
mere area me car wash karwani hai,Vehicle Services,Vehicle Washing
please agriculture machine kharab hai urgently,Agriculture,Farm Equipment Repair
bhai farm machine repair karwani hai chahiye,Agriculture,Farm Equipment Repair
mujhe clothes washing service chahiye nearby,Daily Needs,Laundry
mere ghar me pani ki irrigation system chahiye urgently,Agriculture,Irrigation Service
bhai website banwani hai koi hai kya,Business Services,Web Developer
mere area me ghar par teacher chahiye,Education,Home Tutor
mere area me I need a photographer koi hai kya,Local Professionals,Photographer
urgent car start nahi ho rahi nearby,Vehicle Services,Car Repair
bhai lawyer chahiye,Business Services,Lawyer
mere ghar me personal trainer chahiye koi hai kya,Health & Wellness,Fitness Trainer
urgent poster design karwana hai chahiye,Business Services,Graphic Designer
nearby bike wash karwani hai aaj,Vehicle Services,Vehicle Washing
mere area me ghar me CCTV lagana hai urgently,Home Services,CCTV Installation
jaldi online teacher chahiye please,Education,Online Tutor
bhai fridge thanda nahi kar raha please,Home Services,Appliance Repair
urgent doctor appointment chahiye mere area me,Health & Wellness,Doctor
bhai photographer chahiye urgently,Local Professionals,Photographer
nearby event planner chahiye jaldi,Local Professionals,Event Planner
mere area me bike wash karwani hai please,Vehicle Services,Vehicle Washing
mujhe wedding photographer chahiye koi hai kya,Local Professionals,Photographer
jaldi house cleaning chahiye chahiye,Daily Needs,House Cleaning
mujhe doctor chahiye chahiye,Health & Wellness,Doctor
mere ghar me wedding photographer chahiye please,Local Professionals,Photographer
aaj pani ki irrigation system chahiye aaj,Agriculture,Irrigation Service
jaldi vehicle cleaning chahiye jaldi,Vehicle Services,Vehicle Washing
nearby room interior karwana hai aaj,Local Professionals,Interior Designer
urgent puncture wala chahiye chahiye,Vehicle Services,Tyre Puncture
bhai room interior karwana hai chahiye,Local Professionals,Interior Designer
bhai birthday party planner chahiye koi hai kya,Local Professionals,Event Planner
mere ghar me gaadi ko tow karke le jana hai,Vehicle Services,Towing Service
urgent ghar me cockroach bahut hain nearby,Daily Needs,Pest Control
aaj termite treatment chahiye mere area me,Daily Needs,Pest Control
aaj chartered accountant chahiye urgently,Business Services,CA
aaj home tutor chahiye help chahiye,Education,Home Tutor
mujhe ghar ki light kharab hai please,Home Services,Electrician
mujhe tax filing ke liye CA chahiye jaldi,Business Services,CA
online tutor chahiye aaj,Education,Online Tutor
mere area me gym trainer chahiye urgently,Health & Wellness,Fitness Trainer
exam coaching chahiye chahiye,Education,Coaching Institute
aaj bike start nahi ho rahi nearby,Vehicle Services,Bike Repair
mere area me ghar me CCTV lagana hai,Home Services,CCTV Installation
mere area me birthday party planner chahiye nearby,Local Professionals,Event Planner
business website chahiye mere area me,Business Services,Web Developer
mere area me switch kaam nahi kar raha jaldi,Home Services,Electrician
website banwani hai aaj,Business Services,Web Developer
mujhe tractor repair karwana hai aaj,Agriculture,Tractor Repair
mere ghar me ghar me CCTV lagana hai help chahiye,Home Services,CCTV Installation
bhai gaadi ko tow karke le jana hai koi hai kya,Vehicle Services,Towing Service
jaldi AC service chahiye nearby,Home Services,AC Repair & Service
bhai farm equipment mechanic chahiye koi hai kya,Agriculture,Farm Equipment Repair
bhai chartered accountant chahiye urgently,Business Services,CA
bhai carpenter chahiye nearby,Home Services,Carpenter
aaj online teacher chahiye mere area me,Education,Online Tutor
jaldi house cleaning chahiye nearby,Daily Needs,House Cleaning
mere area me doctor appointment chahiye mere area me,Health & Wellness,Doctor
urgent graphic designer chahiye chahiye,Business Services,Graphic Designer
jaldi physiotherapy karwani hai urgently,Health & Wellness,Physiotherapist
please car wash karwani hai help chahiye,Vehicle Services,Vehicle Washing
please home tutor chahiye urgently,Education,Home Tutor
mere ghar me AC repair karwana hai jaldi,Home Services,AC Repair & Service
urgent car battery dead hai help chahiye,Vehicle Services,Battery Service
mujhe farm machine repair karwani hai urgently,Agriculture,Farm Equipment Repair
mujhe doctor se consult karna hai nearby,Health & Wellness,Doctor
CA chahiye help chahiye,Business Services,CA
jaldi laundry service chahiye please,Daily Needs,Laundry
nearby ghar paint karwana hai mere area me,Home Services,Painter
mere area me graphic designer chahiye,Business Services,Graphic Designer
mere ghar me website banwani hai,Business Services,Web Developer
mere ghar me doctor se consult karna hai nearby,Health & Wellness,Doctor
bhai personal trainer chahiye koi hai kya,Health & Wellness,Fitness Trainer
urgent logo design karwana hai koi hai kya,Business Services,Graphic Designer
please function organise karwana hai koi hai kya,Local Professionals,Event Planner
urgent online teacher chahiye please,Education,Online Tutor
aaj clothes washing service chahiye,Daily Needs,Laundry
aaj farm machine repair karwani hai help chahiye,Agriculture,Farm Equipment Repair
aaj social media marketing chahiye,Business Services,Digital Marketing
bhai coaching institute chahiye jaldi,Education,Coaching Institute
aaj tractor mechanic chahiye mere area me,Agriculture,Tractor Repair
mere ghar me logo design karwana hai jaldi,Business Services,Graphic Designer
bhai social media marketing chahiye please,Business Services,Digital Marketing
urgent farm machine repair karwani hai,Agriculture,Farm Equipment Repair
mere area me function organise karwana hai jaldi,Local Professionals,Event Planner
doctor appointment chahiye mere area me,Health & Wellness,Doctor
bhai house cleaning chahiye urgently,Daily Needs,House Cleaning
mere ghar me bike repair karwani hai aaj,Vehicle Services,Bike Repair
jaldi irrigation service chahiye mere area me,Agriculture,Irrigation Service
bhai car wash karwani hai koi hai kya,Vehicle Services,Vehicle Washing
mujhe home appliance repair chahiye aaj,Home Services,Appliance Repair
aaj fan repair karwana hai aaj,Home Services,Electrician
bhai tractor repair karwana hai help chahiye,Agriculture,Tractor Repair
please fan repair karwana hai help chahiye,Home Services,Electrician
please website banwani hai please,Business Services,Web Developer
mere area me ghar par teacher chahiye help chahiye,Education,Home Tutor
mere ghar me graphic designer chahiye aaj,Business Services,Graphic Designer
back pain ke liye physiotherapist chahiye mere area me,Health & Wellness,Physiotherapist
nearby pest control chahiye mere area me,Daily Needs,Pest Control
mere ghar me coaching join karni hai help chahiye,Education,Coaching Institute
jaldi ghar par teacher chahiye jaldi,Education,Home Tutor
jaldi gym trainer chahiye koi hai kya,Health & Wellness,Fitness Trainer
mere area me battery service chahiye nearby,Vehicle Services,Battery Service
mujhe logo design karwana hai koi hai kya,Business Services,Graphic Designer
urgent interior designer chahiye urgently,Local Professionals,Interior Designer
mujhe fitness trainer chahiye urgently,Health & Wellness,Fitness Trainer
mere ghar me personal trainer chahiye urgently,Health & Wellness,Fitness Trainer
legal help chahiye chahiye,Business Services,Lawyer
fitness trainer chahiye jaldi,Health & Wellness,Fitness Trainer
bhai bachche ke liye tutor chahiye urgently,Education,Home Tutor
jaldi farm equipment mechanic chahiye aaj,Agriculture,Farm Equipment Repair
bhai plumber chahiye please,Home Services,Plumber
mere ghar me car tow karwani hai jaldi,Vehicle Services,Towing Service
mere ghar me online teacher chahiye,Education,Online Tutor
bike engine me problem hai mere area me,Vehicle Services,Bike Repair
mujhe home tutor chahiye nearby,Education,Home Tutor
nearby puncture wala chahiye nearby,Vehicle Services,Tyre Puncture
bhai air conditioner kharab hai please,Home Services,AC Repair & Service
bhai tractor repair karwana hai aaj,Agriculture,Tractor Repair
mere area me tractor repair karwana hai please,Agriculture,Tractor Repair
bhai electrician chahiye aaj,Home Services,Electrician
mere area me online classes chahiye please,Education,Online Tutor
personal trainer chahiye aaj,Health & Wellness,Fitness Trainer
bhai poster design karwana hai,Business Services,Graphic Designer
nearby gaadi ko tow karke le jana hai nearby,Vehicle Services,Towing Service
urgent website banwani hai urgently,Business Services,Web Developer
jaldi ghar ki safai karwani hai nearby,Daily Needs,House Cleaning
please car tow karwani hai,Vehicle Services,Towing Service
urgent bike battery kharab hai help chahiye,Vehicle Services,Battery Service
CCTV camera lagwana hai jaldi,Home Services,CCTV Installation
please lawyer chahiye chahiye,Business Services,Lawyer
jaldi bike tyre puncture hai nearby,Vehicle Services,Tyre Puncture
mere area me ghar paint karwana hai aaj,Home Services,Painter
please online teacher chahiye jaldi,Education,Online Tutor
mere area me bachche ke liye tutor chahiye nearby,Education,Home Tutor
bhai RO service chahiye koi hai kya,Home Services,RO / Water Purifier Service
mujhe RO ka pani nahi aa raha help chahiye,Home Services,RO / Water Purifier Service
mere area me car tyre puncture ho gaya,Vehicle Services,Tyre Puncture
website banwani hai please,Business Services,Web Developer
mere area me irrigation service chahiye chahiye,Agriculture,Irrigation Service
nearby logo design karwana hai jaldi,Business Services,Graphic Designer
bhai pani ki irrigation system chahiye urgently,Agriculture,Irrigation Service
mere area me business website chahiye chahiye,Business Services,Web Developer
nearby ghar ki safai karwani hai please,Daily Needs,House Cleaning
aaj RO kharab hai jaldi,Home Services,RO / Water Purifier Service
mere ghar me room interior karwana hai please,Local Professionals,Interior Designer
jaldi home tutor chahiye jaldi,Education,Home Tutor
mujhe RO service chahiye help chahiye,Home Services,RO / Water Purifier Service
please AC repair karwana hai nearby,Home Services,AC Repair & Service
bhai laundry service chahiye aaj,Daily Needs,Laundry
coaching institute chahiye please,Education,Coaching Institute
nearby tractor kharab ho gaya please,Agriculture,Tractor Repair
nearby switch kaam nahi kar raha jaldi,Home Services,Electrician
aaj tax filing ke liye CA chahiye,Business Services,CA
bhai room interior karwana hai help chahiye,Local Professionals,Interior Designer
mujhe poster design karwana hai help chahiye,Business Services,Graphic Designer
mujhe car wash karwani hai please,Vehicle Services,Vehicle Washing
mere ghar me house cleaning chahiye koi hai kya,Daily Needs,House Cleaning
mujhe room interior karwana hai aaj,Local Professionals,Interior Designer
aaj coaching institute chahiye nearby,Education,Coaching Institute
nearby poster design karwana hai mere area me,Business Services,Graphic Designer
urgent social media marketing chahiye aaj,Business Services,Digital Marketing
jaldi bike repair karwani hai please,Vehicle Services,Bike Repair
nearby bike start nahi ho rahi koi hai kya,Vehicle Services,Bike Repair
bhai car tow karwani hai koi hai kya,Vehicle Services,Towing Service
urgent farm equipment mechanic chahiye urgently,Agriculture,Farm Equipment Repair
bhai darwaza repair karwana hai koi hai kya,Home Services,Carpenter
mere area me laundry service chahiye please,Daily Needs,Laundry
nearby advocate chahiye,Business Services,Lawyer
please agriculture machine kharab hai help chahiye,Agriculture,Farm Equipment Repair
jaldi agriculture machine kharab hai chahiye,Agriculture,Farm Equipment Repair
nearby ghar ki safai karwani hai help chahiye,Daily Needs,House Cleaning
mujhe AC repair karwana hai chahiye,Home Services,AC Repair & Service
nearby fitness trainer chahiye,Health & Wellness,Fitness Trainer
nearby online teacher chahiye urgently,Education,Online Tutor
please pipe leak ho raha hai mere area me,Home Services,Plumber
bhai kapde laundry ke liye dene hain koi hai kya,Daily Needs,Laundry
urgent event planner chahiye help chahiye,Local Professionals,Event Planner
mere area me painter chahiye nearby,Home Services,Painter
jaldi house cleaning chahiye koi hai kya,Daily Needs,House Cleaning
please bike battery kharab hai urgently,Vehicle Services,Battery Service
bhai irrigation service chahiye,Agriculture,Irrigation Service
nearby graphic designer chahiye jaldi,Business Services,Graphic Designer
clothes washing service chahiye,Daily Needs,Laundry
bhai I need a photographer,Local Professionals,Photographer
bhai khet me irrigation karwani hai chahiye,Agriculture,Irrigation Service
mujhe tractor mechanic chahiye koi hai kya,Agriculture,Tractor Repair
bhai ghar me cockroach bahut hain urgently,Daily Needs,Pest Control
bhai birthday party planner chahiye chahiye,Local Professionals,Event Planner
bhai gym trainer chahiye urgently,Health & Wellness,Fitness Trainer
mere ghar me clothes washing service chahiye help chahiye,Daily Needs,Laundry
jaldi business promotion karwana hai jaldi,Business Services,Digital Marketing
mujhe khet me irrigation karwani hai nearby,Agriculture,Irrigation Service
mere area me lawyer chahiye aaj,Business Services,Lawyer
please car tow karwani hai koi hai kya,Vehicle Services,Towing Service
pest control chahiye koi hai kya,Daily Needs,Pest Control
jaldi online classes chahiye mere area me,Education,Online Tutor
bhai farm machine repair karwani hai mere area me,Agriculture,Farm Equipment Repair
mere ghar me website banwani hai koi hai kya,Business Services,Web Developer
mujhe birthday party planner chahiye chahiye,Local Professionals,Event Planner
please car battery dead hai help chahiye,Vehicle Services,Battery Service
ghar ki safai karwani hai nearby,Daily Needs,House Cleaning
mere ghar me online tutor chahiye help chahiye,Education,Online Tutor
car repair karwani hai jaldi,Vehicle Services,Car Repair
please termite treatment chahiye please,Daily Needs,Pest Control
mere ghar me bike tyre puncture hai help chahiye,Vehicle Services,Tyre Puncture
please bed repair karwana hai help chahiye,Home Services,Carpenter
mujhe fan repair karwana hai please,Home Services,Electrician
nearby room interior karwana hai help chahiye,Local Professionals,Interior Designer
jaldi fridge thanda nahi kar raha help chahiye,Home Services,Appliance Repair
mere ghar me RO kharab hai,Home Services,RO / Water Purifier Service
please car wash karwani hai jaldi,Vehicle Services,Vehicle Washing
please business website chahiye please,Business Services,Web Developer
nearby furniture repair karwana hai help chahiye,Home Services,Carpenter
urgent agriculture machine kharab hai help chahiye,Agriculture,Farm Equipment Repair
mujhe khet me irrigation karwani hai aaj,Agriculture,Irrigation Service
urgent bike tyre puncture hai mere area me,Vehicle Services,Tyre Puncture
aaj function organise karwana hai aaj,Local Professionals,Event Planner
mujhe AC service chahiye nearby,Home Services,AC Repair & Service
nearby car start nahi ho rahi,Vehicle Services,Car Repair
please room paint karwana hai koi hai kya,Home Services,Painter
mere area me doctor chahiye please,Health & Wellness,Doctor
urgent birthday party planner chahiye please,Local Professionals,Event Planner
bhai CA chahiye jaldi,Business Services,CA
bhai ghar ka interior design karwana hai chahiye,Local Professionals,Interior Designer
nearby photographer chahiye chahiye,Local Professionals,Photographer
kapde laundry ke liye dene hain koi hai kya,Daily Needs,Laundry
poster design karwana hai koi hai kya,Business Services,Graphic Designer
urgent function organise karwana hai mere area me,Local Professionals,Event Planner
mere ghar me online classes chahiye,Education,Online Tutor
mujhe pipe leak ho raha hai please,Home Services,Plumber
mere area me chartered accountant chahiye help chahiye,Business Services,CA
ghar par teacher chahiye,Education,Home Tutor
please coaching institute chahiye chahiye,Education,Coaching Institute
jaldi tractor repair karwana hai please,Agriculture,Tractor Repair
bhai doctor appointment chahiye mere area me,Health & Wellness,Doctor
mere ghar me water purifier repair karwana hai koi hai kya,Home Services,RO / Water Purifier Service
urgent birthday party planner chahiye koi hai kya,Local Professionals,Event Planner
mujhe online teacher chahiye mere area me,Education,Online Tutor
please ghar ki safai karwani hai help chahiye,Daily Needs,House Cleaning
jaldi electrician chahiye mere area me,Home Services,Electrician
mere area me exam coaching chahiye aaj,Education,Coaching Institute
mujhe physiotherapist chahiye,Health & Wellness,Physiotherapist
mere area me online teacher chahiye chahiye,Education,Online Tutor
bhai tax filing ke liye CA chahiye jaldi,Business Services,CA
mere area me house cleaning chahiye mere area me,Daily Needs,House Cleaning
please bike wash karwani hai koi hai kya,Vehicle Services,Vehicle Washing
urgent termite treatment chahiye koi hai kya,Daily Needs,Pest Control
mujhe water purifier repair karwana hai chahiye,Home Services,RO / Water Purifier Service
bhai ghar par teacher chahiye chahiye,Education,Home Tutor
urgent bike battery kharab hai please,Vehicle Services,Battery Service
mujhe kapde laundry ke liye dene hain jaldi,Daily Needs,Laundry
mere ghar me car battery dead hai aaj,Vehicle Services,Battery Service
aaj car repair karwani hai nearby,Vehicle Services,Car Repair
mujhe bike repair karwani hai urgently,Vehicle Services,Bike Repair
urgent bike start nahi ho rahi please,Vehicle Services,Bike Repair
jaldi bike engine me problem hai please,Vehicle Services,Bike Repair
doctor appointment chahiye aaj,Health & Wellness,Doctor
nearby car tyre puncture ho gaya please,Vehicle Services,Tyre Puncture
nearby photographer chahiye please,Local Professionals,Photographer
bhai AC service chahiye chahiye,Home Services,AC Repair & Service
nearby function organise karwana hai koi hai kya,Local Professionals,Event Planner
nearby birthday party planner chahiye koi hai kya,Local Professionals,Event Planner
jaldi fridge repair karwana hai chahiye,Home Services,Appliance Repair
exam coaching chahiye,Education,Coaching Institute
lawyer chahiye nearby,Business Services,Lawyer
aaj ghar me cockroach bahut hain,Daily Needs,Pest Control
urgent puncture wala chahiye mere area me,Vehicle Services,Tyre Puncture
mere area me AC service chahiye help chahiye,Home Services,AC Repair & Service
urgent ghar paint karwana hai urgently,Home Services,Painter
urgent function organise karwana hai aaj,Local Professionals,Event Planner
mujhe kapde laundry ke liye dene hain aaj,Daily Needs,Laundry
mujhe doctor appointment chahiye mere area me,Health & Wellness,Doctor
please carpenter chahiye nearby,Home Services,Carpenter
please ghar ki light kharab hai,Home Services,Electrician
exam coaching chahiye urgently,Education,Coaching Institute
mere ghar me towing truck chahiye help chahiye,Vehicle Services,Towing Service
urgent ghar ki light kharab hai mere area me,Home Services,Electrician
urgent ghar me CCTV lagana hai nearby,Home Services,CCTV Installation
jaldi kapde laundry ke liye dene hain koi hai kya,Daily Needs,Laundry
bhai graphic designer chahiye mere area me,Business Services,Graphic Designer
jaldi pani ki pipe repair karwani hai please,Home Services,Plumber
mere ghar me lawyer chahiye mere area me,Business Services,Lawyer
mujhe AC service chahiye help chahiye,Home Services,AC Repair & Service
mere area me puncture wala chahiye koi hai kya,Vehicle Services,Tyre Puncture
nearby bachche ke liye tutor chahiye mere area me,Education,Home Tutor
urgent event planner chahiye,Local Professionals,Event Planner
bhai tractor mechanic chahiye please,Agriculture,Tractor Repair
mere ghar me bijli ka problem hai,Home Services,Electrician
mujhe agriculture machine kharab hai nearby,Agriculture,Farm Equipment Repair
jaldi irrigation service chahiye aaj,Agriculture,Irrigation Service
bhai car battery dead hai chahiye,Vehicle Services,Battery Service
coaching join karni hai mere area me,Education,Coaching Institute
mujhe event planner chahiye koi hai kya,Local Professionals,Event Planner
mujhe electrician chahiye nearby,Home Services,Electrician
mere ghar me pest control chahiye nearby,Daily Needs,Pest Control
jaldi tractor kharab ho gaya nearby,Agriculture,Tractor Repair
please poster design karwana hai aaj,Business Services,Graphic Designer
please ghar ki light kharab hai please,Home Services,Electrician
please digital marketing service chahiye nearby,Business Services,Digital Marketing
please physiotherapist chahiye urgently,Health & Wellness,Physiotherapist
please home cleaning service chahiye please,Daily Needs,House Cleaning
mere ghar me photographer chahiye,Local Professionals,Photographer
mere ghar me home cleaning service chahiye nearby,Daily Needs,House Cleaning
please khet me irrigation karwani hai please,Agriculture,Irrigation Service
please khet me irrigation karwani hai koi hai kya,Agriculture,Irrigation Service
aaj ghar par teacher chahiye jaldi,Education,Home Tutor
urgent event planner chahiye jaldi,Local Professionals,Event Planner
please kapde laundry ke liye dene hain mere area me,Daily Needs,Laundry
bhai gaadi ko tow karke le jana hai nearby,Vehicle Services,Towing Service
business website chahiye help chahiye,Business Services,Web Developer
aaj physiotherapist chahiye please,Health & Wellness,Physiotherapist
aaj logo design karwana hai urgently,Business Services,Graphic Designer
mujhe furniture repair karwana hai urgently,Home Services,Carpenter
aaj khet me irrigation karwani hai help chahiye,Agriculture,Irrigation Service
please gaadi ko tow karke le jana hai koi hai kya,Vehicle Services,Towing Service
mere area me CCTV camera lagwana hai mere area me,Home Services,CCTV Installation
bhai web developer chahiye aaj,Business Services,Web Developer
mere area me car raste me band ho gayi mere area me,Vehicle Services,Car Repair
bhai puncture wala chahiye urgently,Vehicle Services,Tyre Puncture
aaj house cleaning chahiye jaldi,Daily Needs,House Cleaning
aaj online tutor chahiye jaldi,Education,Online Tutor
bhai pest control chahiye mere area me,Daily Needs,Pest Control
aaj coaching join karni hai aaj,Education,Coaching Institute
bhai CA chahiye help chahiye,Business Services,CA
please business promotion karwana hai koi hai kya,Business Services,Digital Marketing
bhai car raste me band ho gayi jaldi,Vehicle Services,Car Repair
urgent laundry service chahiye urgently,Daily Needs,Laundry
mere area me bachche ke liye tutor chahiye koi hai kya,Education,Home Tutor
mere area me car battery dead hai chahiye,Vehicle Services,Battery Service
bhai tractor kharab ho gaya nearby,Agriculture,Tractor Repair
mere area me tractor mechanic chahiye help chahiye,Agriculture,Tractor Repair
bhai ghar ka interior design karwana hai,Local Professionals,Interior Designer
mujhe ghar par teacher chahiye nearby,Education,Home Tutor
aaj pani ki pipe repair karwani hai nearby,Home Services,Plumber
please online classes chahiye koi hai kya,Education,Online Tutor
please room interior karwana hai urgently,Local Professionals,Interior Designer
nearby doctor chahiye urgently,Health & Wellness,Doctor
mere ghar me coaching institute chahiye,Education,Coaching Institute
mujhe back pain ke liye physiotherapist chahiye chahiye,Health & Wellness,Physiotherapist
jaldi security camera install karwana hai jaldi,Home Services,CCTV Installation
bhai fridge repair karwana hai koi hai kya,Home Services,Appliance Repair
mere ghar me electrician chahiye nearby,Home Services,Electrician
mere area me pest control chahiye,Daily Needs,Pest Control
mere ghar me wedding photographer chahiye aaj,Local Professionals,Photographer
carpenter chahiye chahiye,Home Services,Carpenter
mere ghar me CA chahiye,Business Services,CA
please vehicle cleaning chahiye jaldi,Vehicle Services,Vehicle Washing
urgent ghar me cockroach bahut hain urgently,Daily Needs,Pest Control
please event planner chahiye help chahiye,Local Professionals,Event Planner
bhai CCTV camera lagwana hai please,Home Services,CCTV Installation
nearby home tutor chahiye mere area me,Education,Home Tutor
urgent physiotherapist chahiye urgently,Health & Wellness,Physiotherapist
please clothes washing service chahiye aaj,Daily Needs,Laundry
physiotherapy karwani hai aaj,Health & Wellness,Physiotherapist
mujhe bachche ke liye tutor chahiye jaldi,Education,Home Tutor
mujhe online teacher chahiye urgently,Education,Online Tutor
aaj tractor mechanic chahiye chahiye,Agriculture,Tractor Repair
urgent car tyre puncture ho gaya urgently,Vehicle Services,Tyre Puncture
urgent photographer chahiye please,Local Professionals,Photographer
please bachche ke liye tutor chahiye jaldi,Education,Home Tutor
urgent ghar me cockroach bahut hain mere area me,Daily Needs,Pest Control
mujhe social media marketing chahiye aaj,Business Services,Digital Marketing
farm machine repair karwani hai jaldi,Agriculture,Farm Equipment Repair
jaldi bike wash karwani hai please,Vehicle Services,Vehicle Washing
bhai social media marketing chahiye chahiye,Business Services,Digital Marketing
nearby vehicle cleaning chahiye,Vehicle Services,Vehicle Washing
mere ghar me bachche ke liye tutor chahiye urgently,Education,Home Tutor
khet me irrigation karwani hai mere area me,Agriculture,Irrigation Service
nearby house cleaning chahiye mere area me,Daily Needs,House Cleaning
fridge thanda nahi kar raha,Home Services,Appliance Repair
aaj interior designer chahiye urgently,Local Professionals,Interior Designer
nearby physiotherapist chahiye help chahiye,Health & Wellness,Physiotherapist
mere ghar me physiotherapist chahiye,Health & Wellness,Physiotherapist
bhai home tutor chahiye jaldi,Education,Home Tutor
aaj ghar par teacher chahiye nearby,Education,Home Tutor
mere ghar me physiotherapist chahiye urgently,Health & Wellness,Physiotherapist
nearby advocate chahiye koi hai kya,Business Services,Lawyer
nearby ghar par teacher chahiye help chahiye,Education,Home Tutor
urgent car tow karwani hai koi hai kya,Vehicle Services,Towing Service
mere ghar me room interior karwana hai chahiye,Local Professionals,Interior Designer
mere ghar me agriculture machine kharab hai koi hai kya,Agriculture,Farm Equipment Repair
aaj laundry service chahiye mere area me,Daily Needs,Laundry
urgent doctor chahiye koi hai kya,Health & Wellness,Doctor
aaj towing truck chahiye please,Vehicle Services,Towing Service
mere ghar me I need a photographer please,Local Professionals,Photographer
mere area me bachche ke liye tutor chahiye,Education,Home Tutor
jaldi physiotherapist chahiye mere area me,Health & Wellness,Physiotherapist
nearby interior designer chahiye koi hai kya,Local Professionals,Interior Designer
jaldi kapde laundry ke liye dene hain jaldi,Daily Needs,Laundry
mujhe graphic designer chahiye urgently,Business Services,Graphic Designer
urgent car raste me band ho gayi urgently,Vehicle Services,Car Repair
nearby doctor se consult karna hai,Health & Wellness,Doctor
mere ghar me termite treatment chahiye please,Daily Needs,Pest Control
jaldi chartered accountant chahiye nearby,Business Services,CA
mere ghar me bike repair karwani hai,Vehicle Services,Bike Repair
urgent washing machine kharab hai koi hai kya,Home Services,Appliance Repair
urgent doctor se consult karna hai help chahiye,Health & Wellness,Doctor
mujhe laundry service chahiye,Daily Needs,Laundry
mere ghar me ghar me CCTV lagana hai chahiye,Home Services,CCTV Installation
aaj bachche ke liye tutor chahiye urgently,Education,Home Tutor
please washing machine kharab hai mere area me,Home Services,Appliance Repair
aaj house cleaning chahiye mere area me,Daily Needs,House Cleaning
mere area me wedding photographer chahiye urgently,Local Professionals,Photographer
nearby doctor appointment chahiye aaj,Health & Wellness,Doctor
aaj termite treatment chahiye nearby,Daily Needs,Pest Control
jaldi wedding photographer chahiye aaj,Local Professionals,Photographer
nearby chartered accountant chahiye jaldi,Business Services,CA
aaj I need a photographer aaj,Local Professionals,Photographer
lawyer chahiye please,Business Services,Lawyer
khet me irrigation karwani hai koi hai kya,Agriculture,Irrigation Service
bhai irrigation service chahiye help chahiye,Agriculture,Irrigation Service
jaldi interior designer chahiye,Local Professionals,Interior Designer
nearby physiotherapist chahiye mere area me,Health & Wellness,Physiotherapist
nearby logo design karwana hai mere area me,Business Services,Graphic Designer
bhai chartered accountant chahiye chahiye,Business Services,CA
online tutor chahiye please,Education,Online Tutor
mere area me puncture wala chahiye help chahiye,Vehicle Services,Tyre Puncture
bed repair karwana hai jaldi,Home Services,Carpenter
aaj I need a photographer please,Local Professionals,Photographer
painter chahiye jaldi,Home Services,Painter
urgent pani ki irrigation system chahiye urgently,Agriculture,Irrigation Service
aaj photographer chahiye please,Local Professionals,Photographer
mere ghar me carpenter chahiye koi hai kya,Home Services,Carpenter
nearby bike battery kharab hai help chahiye,Vehicle Services,Battery Service
jaldi towing truck chahiye aaj,Vehicle Services,Towing Service
aaj AC repair karwana hai koi hai kya,Home Services,AC Repair & Service
mere ghar me CA chahiye please,Business Services,CA
please online teacher chahiye urgently,Education,Online Tutor
bhai car tow karwani hai help chahiye,Vehicle Services,Towing Service
bhai washing machine kharab hai urgently,Home Services,Appliance Repair
please farm equipment mechanic chahiye mere area me,Agriculture,Farm Equipment Repair
mere ghar me doctor se consult karna hai please,Health & Wellness,Doctor
mere ghar me photographer chahiye urgently,Local Professionals,Photographer
please function organise karwana hai nearby,Local Professionals,Event Planner
please battery service chahiye jaldi,Vehicle Services,Battery Service
mere ghar me room paint karwana hai jaldi,Home Services,Painter
mere area me washing machine kharab hai koi hai kya,Home Services,Appliance Repair
aaj personal trainer chahiye nearby,Health & Wellness,Fitness Trainer
please car tyre puncture ho gaya mere area me,Vehicle Services,Tyre Puncture
please personal trainer chahiye nearby,Health & Wellness,Fitness Trainer
please social media marketing chahiye help chahiye,Business Services,Digital Marketing
please bike tyre puncture hai help chahiye,Vehicle Services,Tyre Puncture
mere ghar me personal trainer chahiye help chahiye,Health & Wellness,Fitness Trainer
urgent coaching institute chahiye urgently,Education,Coaching Institute
jaldi laundry service chahiye urgently,Daily Needs,Laundry
please doctor se consult karna hai help chahiye,Health & Wellness,Doctor
nearby AC repair karwana hai please,Home Services,AC Repair & Service
jaldi vehicle cleaning chahiye help chahiye,Vehicle Services,Vehicle Washing
ghar ki safai karwani hai mere area me,Daily Needs,House Cleaning
mujhe birthday party planner chahiye nearby,Local Professionals,Event Planner
urgent legal help chahiye urgently,Business Services,Lawyer
mujhe darwaza repair karwana hai,Home Services,Carpenter
tractor repair karwana hai koi hai kya,Agriculture,Tractor Repair
please wedding photographer chahiye koi hai kya,Local Professionals,Photographer
please khet me irrigation karwani hai help chahiye,Agriculture,Irrigation Service
please online classes chahiye,Education,Online Tutor
jaldi khet me irrigation karwani hai please,Agriculture,Irrigation Service
aaj event planner chahiye,Local Professionals,Event Planner
mere ghar me house cleaning chahiye aaj,Daily Needs,House Cleaning
urgent room paint karwana hai urgently,Home Services,Painter
mere ghar me pani ki irrigation system chahiye help chahiye,Agriculture,Irrigation Service
birthday party planner chahiye nearby,Local Professionals,Event Planner
nearby photographer chahiye mere area me,Local Professionals,Photographer
please car battery dead hai urgently,Vehicle Services,Battery Service
jaldi photographer chahiye,Local Professionals,Photographer
please farm equipment mechanic chahiye aaj,Agriculture,Farm Equipment Repair
mere ghar me doctor se consult karna hai urgently,Health & Wellness,Doctor
urgent ghar par teacher chahiye,Education,Home Tutor
mujhe bike engine me problem hai please,Vehicle Services,Bike Repair
nearby house cleaning chahiye please,Daily Needs,House Cleaning
mere area me I need a photographer aaj,Local Professionals,Photographer
jaldi fitness trainer chahiye nearby,Health & Wellness,Fitness Trainer
urgent back pain ke liye physiotherapist chahiye aaj,Health & Wellness,Physiotherapist
mujhe khet me irrigation karwani hai help chahiye,Agriculture,Irrigation Service
aaj laundry service chahiye aaj,Daily Needs,Laundry
tractor mechanic chahiye please,Agriculture,Tractor Repair
aaj fitness trainer chahiye urgently,Health & Wellness,Fitness Trainer
urgent car battery dead hai chahiye,Vehicle Services,Battery Service
mujhe online classes chahiye please,Education,Online Tutor
mere area me fitness trainer chahiye please,Health & Wellness,Fitness Trainer
aaj room paint karwana hai please,Home Services,Painter
nearby agriculture machine kharab hai urgently,Agriculture,Farm Equipment Repair
please doctor appointment chahiye help chahiye,Health & Wellness,Doctor
mere ghar me home cleaning service chahiye,Daily Needs,House Cleaning
aaj washing machine kharab hai,Home Services,Appliance Repair
bhai darwaza repair karwana hai jaldi,Home Services,Carpenter
nearby electrician chahiye help chahiye,Home Services,Electrician
mere area me bike repair karwani hai jaldi,Vehicle Services,Bike Repair
mere ghar me online classes chahiye jaldi,Education,Online Tutor
bhai tractor kharab ho gaya aaj,Agriculture,Tractor Repair
mujhe photographer chahiye jaldi,Local Professionals,Photographer
mere area me tax filing ke liye CA chahiye mere area me,Business Services,CA
mere area me pipe leak ho raha hai chahiye,Home Services,Plumber
mujhe termite treatment chahiye jaldi,Daily Needs,Pest Control
mere ghar me home appliance repair chahiye help chahiye,Home Services,Appliance Repair
jaldi RO kharab hai help chahiye,Home Services,RO / Water Purifier Service
please house cleaning chahiye,Daily Needs,House Cleaning
mujhe electrician chahiye help chahiye,Home Services,Electrician
mere area me gym trainer chahiye help chahiye,Health & Wellness,Fitness Trainer
bhai farm equipment mechanic chahiye chahiye,Agriculture,Farm Equipment Repair
mere ghar me graphic designer chahiye jaldi,Business Services,Graphic Designer
urgent online teacher chahiye nearby,Education,Online Tutor
mere area me kapde laundry ke liye dene hain jaldi,Daily Needs,Laundry
mere ghar me tractor mechanic chahiye koi hai kya,Agriculture,Tractor Repair
please electrician chahiye urgently,Home Services,Electrician
aaj battery service chahiye jaldi,Vehicle Services,Battery Service
puncture wala chahiye nearby,Vehicle Services,Tyre Puncture
aaj bachche ke liye tutor chahiye koi hai kya,Education,Home Tutor
urgent termite treatment chahiye jaldi,Daily Needs,Pest Control
wedding photographer chahiye aaj,Local Professionals,Photographer
mujhe personal trainer chahiye jaldi,Health & Wellness,Fitness Trainer
aaj I need a photographer nearby,Local Professionals,Photographer
mere ghar me washing machine kharab hai nearby,Home Services,Appliance Repair
please irrigation service chahiye please,Agriculture,Irrigation Service
urgent towing truck chahiye nearby,Vehicle Services,Towing Service
aaj RO ka pani nahi aa raha aaj,Home Services,RO / Water Purifier Service
urgent clothes washing service chahiye nearby,Daily Needs,Laundry
mere area me car tyre puncture ho gaya help chahiye,Vehicle Services,Tyre Puncture
mujhe tax filing ke liye CA chahiye urgently,Business Services,CA
jaldi water purifier repair karwana hai mere area me,Home Services,RO / Water Purifier Service
mere ghar me exam coaching chahiye chahiye,Education,Coaching Institute
mere ghar me pani ki irrigation system chahiye nearby,Agriculture,Irrigation Service
nearby RO service chahiye chahiye,Home Services,RO / Water Purifier Service
nearby personal trainer chahiye urgently,Health & Wellness,Fitness Trainer
please lawyer chahiye help chahiye,Business Services,Lawyer
urgent home tutor chahiye urgently,Education,Home Tutor
mujhe pani ki irrigation system chahiye aaj,Agriculture,Irrigation Service
mere ghar me car wash karwani hai jaldi,Vehicle Services,Vehicle Washing
nearby ghar me cockroach bahut hain,Daily Needs,Pest Control
mere area me bike start nahi ho rahi nearby,Vehicle Services,Bike Repair
nearby bike battery kharab hai urgently,Vehicle Services,Battery Service
mere ghar me car battery dead hai help chahiye,Vehicle Services,Battery Service
mere ghar me birthday party planner chahiye mere area me,Local Professionals,Event Planner
mujhe business website chahiye jaldi,Business Services,Web Developer
aaj agriculture machine kharab hai please,Agriculture,Farm Equipment Repair
aaj electrician chahiye nearby,Home Services,Electrician
please coaching join karni hai,Education,Coaching Institute
please event planner chahiye koi hai kya,Local Professionals,Event Planner
bhai bijli ka problem hai help chahiye,Home Services,Electrician
mere area me back pain ke liye physiotherapist chahiye please,Health & Wellness,Physiotherapist
mujhe ghar paint karwana hai please,Home Services,Painter
bhai advocate chahiye koi hai kya,Business Services,Lawyer
mere area me kapde laundry ke liye dene hain nearby,Daily Needs,Laundry
towing truck chahiye help chahiye,Vehicle Services,Towing Service
mujhe clothes washing service chahiye please,Daily Needs,Laundry
mujhe function organise karwana hai aaj,Local Professionals,Event Planner
urgent social media marketing chahiye,Business Services,Digital Marketing
nearby doctor chahiye help chahiye,Health & Wellness,Doctor
aaj home appliance repair chahiye please,Home Services,Appliance Repair
please doctor se consult karna hai jaldi,Health & Wellness,Doctor
nearby car start nahi ho rahi chahiye,Vehicle Services,Car Repair
mere area me business website chahiye,Business Services,Web Developer
ghar me cockroach bahut hain aaj,Daily Needs,Pest Control
mere area me ghar paint karwana hai,Home Services,Painter
mujhe home cleaning service chahiye jaldi,Daily Needs,House Cleaning
aaj termite treatment chahiye,Daily Needs,Pest Control
mujhe fridge thanda nahi kar raha urgently,Home Services,Appliance Repair
nearby coaching institute chahiye jaldi,Education,Coaching Institute
business website chahiye koi hai kya,Business Services,Web Developer
jaldi function organise karwana hai aaj,Local Professionals,Event Planner
mere area me bachche ke liye tutor chahiye jaldi,Education,Home Tutor
mere area me online teacher chahiye,Education,Online Tutor
mere ghar me car raste me band ho gayi nearby,Vehicle Services,Car Repair
urgent car tyre puncture ho gaya help chahiye,Vehicle Services,Tyre Puncture
aaj physiotherapist chahiye nearby,Health & Wellness,Physiotherapist
nearby bijli ka problem hai please,Home Services,Electrician
RO kharab hai jaldi,Home Services,RO / Water Purifier Service
please tractor mechanic chahiye chahiye,Agriculture,Tractor Repair
mujhe wedding photographer chahiye urgently,Local Professionals,Photographer
please online tutor chahiye nearby,Education,Online Tutor
bhai gaadi ko tow karke le jana hai help chahiye,Vehicle Services,Towing Service
mere ghar me event planner chahiye,Local Professionals,Event Planner
jaldi ghar ki safai karwani hai koi hai kya,Daily Needs,House Cleaning
aaj doctor appointment chahiye please,Health & Wellness,Doctor
bhai coaching institute chahiye nearby,Education,Coaching Institute
irrigation service chahiye chahiye,Agriculture,Irrigation Service
mujhe ghar paint karwana hai urgently,Home Services,Painter
bhai doctor se consult karna hai please,Health & Wellness,Doctor
jaldi coaching institute chahiye help chahiye,Education,Coaching Institute
please ghar par teacher chahiye aaj,Education,Home Tutor
please pest control chahiye nearby,Daily Needs,Pest Control
doctor appointment chahiye koi hai kya,Health & Wellness,Doctor
nearby event planner chahiye help chahiye,Local Professionals,Event Planner
mere ghar me CCTV camera lagwana hai chahiye,Home Services,CCTV Installation
bhai AC service chahiye nearby,Home Services,AC Repair & Service
mere area me ghar me cockroach bahut hain urgently,Daily Needs,Pest Control
bhai chartered accountant chahiye koi hai kya,Business Services,CA
urgent pani ki irrigation system chahiye koi hai kya,Agriculture,Irrigation Service
jaldi CA chahiye,Business Services,CA
AC thanda nahi kar raha koi hai kya,Home Services,AC Repair & Service
bhai exam coaching chahiye jaldi,Education,Coaching Institute
jaldi digital marketing service chahiye help chahiye,Business Services,Digital Marketing
bhai car battery dead hai koi hai kya,Vehicle Services,Battery Service
mujhe clothes washing service chahiye jaldi,Daily Needs,Laundry
mere area me physiotherapy karwani hai koi hai kya,Health & Wellness,Physiotherapist
urgent gaadi ko tow karke le jana hai nearby,Vehicle Services,Towing Service
mere ghar me vehicle cleaning chahiye please,Vehicle Services,Vehicle Washing
jaldi coaching join karni hai nearby,Education,Coaching Institute
gym trainer chahiye chahiye,Health & Wellness,Fitness Trainer
aaj car raste me band ho gayi nearby,Vehicle Services,Car Repair
business promotion karwana hai jaldi,Business Services,Digital Marketing
mere ghar me function organise karwana hai please,Local Professionals,Event Planner
nearby car start nahi ho rahi mere area me,Vehicle Services,Car Repair
mere ghar me doctor se consult karna hai chahiye,Health & Wellness,Doctor
bhai bike repair karwani hai jaldi,Vehicle Services,Bike Repair
please AC service chahiye chahiye,Home Services,AC Repair & Service
please farm machine repair karwani hai aaj,Agriculture,Farm Equipment Repair
urgent farm equipment mechanic chahiye jaldi,Agriculture,Farm Equipment Repair
mere area me clothes washing service chahiye urgently,Daily Needs,Laundry
mere ghar me room interior karwana hai nearby,Local Professionals,Interior Designer
clothes washing service chahiye urgently,Daily Needs,Laundry
bhai car start nahi ho rahi please,Vehicle Services,Car Repair
car tow karwani hai,Vehicle Services,Towing Service
puncture wala chahiye please,Vehicle Services,Tyre Puncture
mere ghar me lawyer chahiye jaldi,Business Services,Lawyer
urgent tractor repair karwana hai nearby,Agriculture,Tractor Repair
mere ghar me termite treatment chahiye nearby,Daily Needs,Pest Control
urgent RO service chahiye mere area me,Home Services,RO / Water Purifier Service
please pipe leak ho raha hai koi hai kya,Home Services,Plumber
aaj doctor se consult karna hai nearby,Health & Wellness,Doctor
jaldi social media marketing chahiye nearby,Business Services,Digital Marketing
mere area me room interior karwana hai please,Local Professionals,Interior Designer
online teacher chahiye jaldi,Education,Online Tutor
bhai website banwani hai mere area me,Business Services,Web Developer
bhai I need a photographer jaldi,Local Professionals,Photographer
logo design karwana hai please,Business Services,Graphic Designer
mujhe fitness trainer chahiye aaj,Health & Wellness,Fitness Trainer
aaj puncture wala chahiye nearby,Vehicle Services,Tyre Puncture
mere area me event planner chahiye koi hai kya,Local Professionals,Event Planner
please CCTV camera lagwana hai jaldi,Home Services,CCTV Installation
mere ghar me bachche ke liye tutor chahiye nearby,Education,Home Tutor
aaj battery service chahiye urgently,Vehicle Services,Battery Service
aaj back pain ke liye physiotherapist chahiye mere area me,Health & Wellness,Physiotherapist
please bike tyre puncture hai please,Vehicle Services,Tyre Puncture
aaj fitness trainer chahiye nearby,Health & Wellness,Fitness Trainer
nearby web developer chahiye nearby,Business Services,Web Developer
mujhe gaadi ko tow karke le jana hai urgently,Vehicle Services,Towing Service
urgent car battery dead hai please,Vehicle Services,Battery Service
aaj irrigation service chahiye urgently,Agriculture,Irrigation Service
urgent physiotherapist chahiye aaj,Health & Wellness,Physiotherapist
mere area me vehicle cleaning chahiye urgently,Vehicle Services,Vehicle Washing
jaldi back pain ke liye physiotherapist chahiye,Health & Wellness,Physiotherapist
nearby room interior karwana hai mere area me,Local Professionals,Interior Designer
jaldi ghar me cockroach bahut hain chahiye,Daily Needs,Pest Control
please vehicle cleaning chahiye mere area me,Vehicle Services,Vehicle Washing
pest control chahiye mere area me,Daily Needs,Pest Control
mujhe fridge repair karwana hai please,Home Services,Appliance Repair
bhai agriculture machine kharab hai aaj,Agriculture,Farm Equipment Repair
mujhe house cleaning chahiye jaldi,Daily Needs,House Cleaning
bhai function organise karwana hai urgently,Local Professionals,Event Planner
mere area me gym trainer chahiye jaldi,Health & Wellness,Fitness Trainer
bhai ghar me CCTV lagana hai chahiye,Home Services,CCTV Installation
please online tutor chahiye aaj,Education,Online Tutor
mere area me room interior karwana hai mere area me,Local Professionals,Interior Designer
mere area me tax filing ke liye CA chahiye aaj,Business Services,CA
urgent interior designer chahiye please,Local Professionals,Interior Designer
bhai ghar par teacher chahiye nearby,Education,Home Tutor
jaldi online tutor chahiye aaj,Education,Online Tutor
nearby physiotherapy karwani hai please,Health & Wellness,Physiotherapist
aaj plumber chahiye koi hai kya,Home Services,Plumber
mere ghar me birthday party planner chahiye chahiye,Local Professionals,Event Planner
mujhe ghar par teacher chahiye koi hai kya,Education,Home Tutor
mujhe ghar ka interior design karwana hai please,Local Professionals,Interior Designer
mere ghar me photographer chahiye mere area me,Local Professionals,Photographer
mere area me digital marketing service chahiye chahiye,Business Services,Digital Marketing
mujhe car battery dead hai mere area me,Vehicle Services,Battery Service
mere area me bachche ke liye tutor chahiye urgently,Education,Home Tutor
mujhe physiotherapy karwani hai koi hai kya,Health & Wellness,Physiotherapist
mujhe plumber chahiye please,Home Services,Plumber
jaldi AC repair karwana hai chahiye,Home Services,AC Repair & Service
jaldi back pain ke liye physiotherapist chahiye koi hai kya,Health & Wellness,Physiotherapist
mujhe tractor kharab ho gaya koi hai kya,Agriculture,Tractor Repair
aaj online tutor chahiye nearby,Education,Online Tutor
nearby agriculture machine kharab hai jaldi,Agriculture,Farm Equipment Repair
mere ghar me business website chahiye aaj,Business Services,Web Developer
mere ghar me doctor chahiye urgently,Health & Wellness,Doctor
jaldi personal trainer chahiye help chahiye,Health & Wellness,Fitness Trainer
mujhe ghar ka interior design karwana hai chahiye,Local Professionals,Interior Designer
RO service chahiye help chahiye,Home Services,RO / Water Purifier Service
tractor mechanic chahiye nearby,Agriculture,Tractor Repair
jaldi ghar par teacher chahiye urgently,Education,Home Tutor
jaldi birthday party planner chahiye nearby,Local Professionals,Event Planner
jaldi digital marketing service chahiye chahiye,Business Services,Digital Marketing
bhai furniture repair karwana hai koi hai kya,Home Services,Carpenter
mujhe security camera install karwana hai aaj,Home Services,CCTV Installation
bhai home cleaning service chahiye aaj,Daily Needs,House Cleaning
please clothes washing service chahiye please,Daily Needs,Laundry
mere ghar me fridge thanda nahi kar raha jaldi,Home Services,Appliance Repair
mere ghar me business website chahiye please,Business Services,Web Developer
mujhe tractor repair karwana hai,Agriculture,Tractor Repair
please pest control chahiye koi hai kya,Daily Needs,Pest Control
jaldi doctor se consult karna hai chahiye,Health & Wellness,Doctor
please event planner chahiye chahiye,Local Professionals,Event Planner
nearby water purifier repair karwana hai koi hai kya,Home Services,RO / Water Purifier Service
aaj plumber chahiye mere area me,Home Services,Plumber
mere area me irrigation service chahiye jaldi,Agriculture,Irrigation Service
nearby irrigation service chahiye,Agriculture,Irrigation Service
mujhe coaching institute chahiye urgently,Education,Coaching Institute
nearby painter chahiye please,Home Services,Painter
mere ghar me room interior karwana hai jaldi,Local Professionals,Interior Designer
urgent CA chahiye urgently,Business Services,CA
aaj online classes chahiye jaldi,Education,Online Tutor
mere ghar me ghar par teacher chahiye please,Education,Home Tutor
mere area me car tow karwani hai chahiye,Vehicle Services,Towing Service
please room paint karwana hai nearby,Home Services,Painter
mere ghar me web developer chahiye mere area me,Business Services,Web Developer
mere ghar me digital marketing service chahiye jaldi,Business Services,Digital Marketing
nearby exam coaching chahiye,Education,Coaching Institute
jaldi car mechanic chahiye koi hai kya,Vehicle Services,Car Repair
please darwaza repair karwana hai mere area me,Home Services,Carpenter
bhai bike engine me problem hai aaj,Vehicle Services,Bike Repair
mere area me bijli ka problem hai urgently,Home Services,Electrician
urgent clothes washing service chahiye,Daily Needs,Laundry
jaldi personal trainer chahiye,Health & Wellness,Fitness Trainer
jaldi irrigation service chahiye urgently,Agriculture,Irrigation Service
nearby termite treatment chahiye urgently,Daily Needs,Pest Control
bhai lawyer chahiye mere area me,Business Services,Lawyer
jaldi car mechanic chahiye,Vehicle Services,Car Repair
bhai photographer chahiye mere area me,Local Professionals,Photographer
jaldi event planner chahiye please,Local Professionals,Event Planner
mere ghar me ghar par teacher chahiye jaldi,Education,Home Tutor
please room interior karwana hai mere area me,Local Professionals,Interior Designer
logo design karwana hai help chahiye,Business Services,Graphic Designer
mere ghar me website banwani hai chahiye,Business Services,Web Developer
mere area me farm equipment mechanic chahiye chahiye,Agriculture,Farm Equipment Repair
urgent agriculture machine kharab hai urgently,Agriculture,Farm Equipment Repair
bhai wedding photographer chahiye mere area me,Local Professionals,Photographer
mere area me fitness trainer chahiye nearby,Health & Wellness,Fitness Trainer
bhai pest control chahiye,Daily Needs,Pest Control
please AC thanda nahi kar raha urgently,Home Services,AC Repair & Service
please ghar ki light kharab hai chahiye,Home Services,Electrician
urgent social media marketing chahiye nearby,Business Services,Digital Marketing
mere ghar me home appliance repair chahiye,Home Services,Appliance Repair
please pani ki irrigation system chahiye jaldi,Agriculture,Irrigation Service
please pipe leak ho raha hai aaj,Home Services,Plumber
aaj pest control chahiye help chahiye,Daily Needs,Pest Control
urgent website banwani hai please,Business Services,Web Developer
please clothes washing service chahiye,Daily Needs,Laundry
aaj washing machine kharab hai please,Home Services,Appliance Repair
personal trainer chahiye please,Health & Wellness,Fitness Trainer
ghar paint karwana hai chahiye,Home Services,Painter
nearby fitness trainer chahiye mere area me,Health & Wellness,Fitness Trainer
mere area me tax filing ke liye CA chahiye koi hai kya,Business Services,CA
jaldi home cleaning service chahiye please,Daily Needs,House Cleaning
birthday party planner chahiye help chahiye,Local Professionals,Event Planner
nearby tax filing ke liye CA chahiye urgently,Business Services,CA
jaldi plumber chahiye jaldi,Home Services,Plumber
please business website chahiye urgently,Business Services,Web Developer
please pest control chahiye urgently,Daily Needs,Pest Control
aaj digital marketing service chahiye nearby,Business Services,Digital Marketing
jaldi website banwani hai nearby,Business Services,Web Developer
mujhe online classes chahiye nearby,Education,Online Tutor
aaj online tutor chahiye chahiye,Education,Online Tutor
mere area me vehicle cleaning chahiye help chahiye,Vehicle Services,Vehicle Washing
jaldi gym trainer chahiye help chahiye,Health & Wellness,Fitness Trainer
aaj I need a photographer,Local Professionals,Photographer
urgent coaching institute chahiye chahiye,Education,Coaching Institute
urgent house cleaning chahiye jaldi,Daily Needs,House Cleaning
fan repair karwana hai jaldi,Home Services,Electrician
mere ghar me RO kharab hai aaj,Home Services,RO / Water Purifier Service
please water purifier repair karwana hai help chahiye,Home Services,RO / Water Purifier Service
please physiotherapy karwani hai nearby,Health & Wellness,Physiotherapist
mere area me doctor se consult karna hai urgently,Health & Wellness,Doctor
bhai car tow karwani hai please,Vehicle Services,Towing Service
mujhe car repair karwani hai,Vehicle Services,Car Repair
mere ghar me pest control chahiye please,Daily Needs,Pest Control
urgent CCTV camera lagwana hai urgently,Home Services,CCTV Installation
mujhe I need a photographer urgently,Local Professionals,Photographer
urgent poster design karwana hai nearby,Business Services,Graphic Designer
business promotion karwana hai nearby,Business Services,Digital Marketing
please physiotherapy karwani hai chahiye,Health & Wellness,Physiotherapist
please car wash karwani hai chahiye,Vehicle Services,Vehicle Washing
jaldi clothes washing service chahiye nearby,Daily Needs,Laundry
tractor repair karwana hai help chahiye,Agriculture,Tractor Repair
jaldi laundry service chahiye koi hai kya,Daily Needs,Laundry
jaldi birthday party planner chahiye mere area me,Local Professionals,Event Planner
please bike engine me problem hai jaldi,Vehicle Services,Bike Repair
jaldi ghar par teacher chahiye mere area me,Education,Home Tutor
bhai wall paint karwani hai chahiye,Home Services,Painter
mere ghar me gym trainer chahiye mere area me,Health & Wellness,Fitness Trainer
aaj online teacher chahiye aaj,Education,Online Tutor
jaldi ghar ka interior design karwana hai chahiye,Local Professionals,Interior Designer
bhai pani ki irrigation system chahiye jaldi,Agriculture,Irrigation Service
physiotherapy karwani hai help chahiye,Health & Wellness,Physiotherapist
nearby website banwani hai,Business Services,Web Developer
please photographer chahiye jaldi,Local Professionals,Photographer
bhai back pain ke liye physiotherapist chahiye chahiye,Health & Wellness,Physiotherapist
nearby clothes washing service chahiye chahiye,Daily Needs,Laundry
nearby physiotherapy karwani hai help chahiye,Health & Wellness,Physiotherapist
RO service chahiye mere area me,Home Services,RO / Water Purifier Service
mujhe irrigation service chahiye please,Agriculture,Irrigation Service
nearby khet me irrigation karwani hai chahiye,Agriculture,Irrigation Service
mujhe legal help chahiye urgently,Business Services,Lawyer
mere area me pani ki pipe repair karwani hai aaj,Home Services,Plumber
washing machine kharab hai jaldi,Home Services,Appliance Repair
urgent bike repair karwani hai please,Vehicle Services,Bike Repair
social media marketing chahiye urgently,Business Services,Digital Marketing
please clothes washing service chahiye chahiye,Daily Needs,Laundry
mere area me room interior karwana hai koi hai kya,Local Professionals,Interior Designer
nearby home cleaning service chahiye,Daily Needs,House Cleaning
mere area me function organise karwana hai chahiye,Local Professionals,Event Planner
please lawyer chahiye jaldi,Business Services,Lawyer
aaj car battery dead hai mere area me,Vehicle Services,Battery Service
aaj back pain ke liye physiotherapist chahiye nearby,Health & Wellness,Physiotherapist
bhai tax filing ke liye CA chahiye koi hai kya,Business Services,CA
jaldi exam coaching chahiye jaldi,Education,Coaching Institute
mere area me laundry service chahiye,Daily Needs,Laundry
bhai logo design karwana hai urgently,Business Services,Graphic Designer
coaching join karni hai help chahiye,Education,Coaching Institute
jaldi car repair karwani hai aaj,Vehicle Services,Car Repair
urgent gym trainer chahiye jaldi,Health & Wellness,Fitness Trainer
nearby event planner chahiye urgently,Local Professionals,Event Planner
urgent room interior karwana hai chahiye,Local Professionals,Interior Designer
mere area me birthday party planner chahiye help chahiye,Local Professionals,Event Planner
doctor se consult karna hai jaldi,Health & Wellness,Doctor
fitness trainer chahiye chahiye,Health & Wellness,Fitness Trainer
aaj personal trainer chahiye aaj,Health & Wellness,Fitness Trainer
aaj ghar ki safai karwani hai nearby,Daily Needs,House Cleaning
nearby wall paint karwani hai help chahiye,Home Services,Painter
mere area me physiotherapy karwani hai mere area me,Health & Wellness,Physiotherapist
mere ghar me washing machine kharab hai help chahiye,Home Services,Appliance Repair
jaldi advocate chahiye koi hai kya,Business Services,Lawyer
urgent bike wash karwani hai chahiye,Vehicle Services,Vehicle Washing
urgent bachche ke liye tutor chahiye jaldi,Education,Home Tutor
mujhe car wash karwani hai koi hai kya,Vehicle Services,Vehicle Washing
mere area me furniture repair karwana hai,Home Services,Carpenter
nearby ghar par teacher chahiye aaj,Education,Home Tutor
mere ghar me house cleaning chahiye nearby,Daily Needs,House Cleaning
doctor se consult karna hai nearby,Health & Wellness,Doctor
mere area me CCTV camera lagwana hai jaldi,Home Services,CCTV Installation
CCTV camera lagwana hai aaj,Home Services,CCTV Installation
urgent wall paint karwani hai koi hai kya,Home Services,Painter
nearby coaching institute chahiye urgently,Education,Coaching Institute
jaldi agriculture machine kharab hai help chahiye,Agriculture,Farm Equipment Repair
mujhe fan repair karwana hai chahiye,Home Services,Electrician
bhai puncture wala chahiye jaldi,Vehicle Services,Tyre Puncture
jaldi bike engine me problem hai chahiye,Vehicle Services,Bike Repair
aaj room paint karwana hai mere area me,Home Services,Painter
mere ghar me kapde laundry ke liye dene hain help chahiye,Daily Needs,Laundry
please online classes chahiye urgently,Education,Online Tutor
mere ghar me bed repair karwana hai,Home Services,Carpenter
aaj wedding photographer chahiye chahiye,Local Professionals,Photographer
mere ghar me car tyre puncture ho gaya chahiye,Vehicle Services,Tyre Puncture
mujhe tractor kharab ho gaya help chahiye,Agriculture,Tractor Repair
aaj RO kharab hai mere area me,Home Services,RO / Water Purifier Service
aaj physiotherapy karwani hai jaldi,Health & Wellness,Physiotherapist
urgent coaching join karni hai mere area me,Education,Coaching Institute
jaldi online tutor chahiye,Education,Online Tutor
bhai digital marketing service chahiye jaldi,Business Services,Digital Marketing
mere area me kapde laundry ke liye dene hain chahiye,Daily Needs,Laundry
please AC service chahiye mere area me,Home Services,AC Repair & Service
bhai ghar ki safai karwani hai,Daily Needs,House Cleaning
nearby gym trainer chahiye urgently,Health & Wellness,Fitness Trainer
mujhe darwaza repair karwana hai chahiye,Home Services,Carpenter
mujhe bike battery kharab hai jaldi,Vehicle Services,Battery Service
bhai coaching join karni hai urgently,Education,Coaching Institute
aaj car raste me band ho gayi please,Vehicle Services,Car Repair
mere area me doctor se consult karna hai koi hai kya,Health & Wellness,Doctor
mujhe physiotherapist chahiye mere area me,Health & Wellness,Physiotherapist
mujhe farm equipment mechanic chahiye aaj,Agriculture,Farm Equipment Repair
jaldi vehicle cleaning chahiye aaj,Vehicle Services,Vehicle Washing
aaj ghar ki safai karwani hai chahiye,Daily Needs,House Cleaning
aaj bijli ka problem hai nearby,Home Services,Electrician
mujhe pani ki irrigation system chahiye please,Agriculture,Irrigation Service
nearby tractor kharab ho gaya,Agriculture,Tractor Repair
urgent graphic designer chahiye koi hai kya,Business Services,Graphic Designer
mujhe tractor mechanic chahiye chahiye,Agriculture,Tractor Repair
mujhe birthday party planner chahiye help chahiye,Local Professionals,Event Planner
nearby web developer chahiye chahiye,Business Services,Web Developer
aaj AC service chahiye mere area me,Home Services,AC Repair & Service
bhai ghar ka interior design karwana hai urgently,Local Professionals,Interior Designer
mere area me fridge repair karwana hai koi hai kya,Home Services,Appliance Repair
furniture repair karwana hai please,Home Services,Carpenter
bhai ghar me cockroach bahut hain,Daily Needs,Pest Control
mere ghar me lawyer chahiye please,Business Services,Lawyer
mere area me khet me irrigation karwani hai jaldi,Agriculture,Irrigation Service
aaj fitness trainer chahiye help chahiye,Health & Wellness,Fitness Trainer
physiotherapy karwani hai koi hai kya,Health & Wellness,Physiotherapist
mere ghar me bike engine me problem hai chahiye,Vehicle Services,Bike Repair
bhai car tyre puncture ho gaya please,Vehicle Services,Tyre Puncture
urgent online tutor chahiye chahiye,Education,Online Tutor
mujhe bike repair karwani hai koi hai kya,Vehicle Services,Bike Repair
mere ghar me ghar me cockroach bahut hain mere area me,Daily Needs,Pest Control
please painter chahiye help chahiye,Home Services,Painter
aaj business promotion karwana hai nearby,Business Services,Digital Marketing
urgent lawyer chahiye chahiye,Business Services,Lawyer
mujhe poster design karwana hai aaj,Business Services,Graphic Designer
aaj ghar ka interior design karwana hai nearby,Local Professionals,Interior Designer
please coaching institute chahiye help chahiye,Education,Coaching Institute
mujhe fitness trainer chahiye,Health & Wellness,Fitness Trainer
mere ghar me vehicle cleaning chahiye mere area me,Vehicle Services,Vehicle Washing
legal help chahiye urgently,Business Services,Lawyer
battery service chahiye,Vehicle Services,Battery Service
mere area me plumber chahiye please,Home Services,Plumber
bhai pani ki pipe repair karwani hai,Home Services,Plumber
mere ghar me birthday party planner chahiye koi hai kya,Local Professionals,Event Planner
mere ghar me poster design karwana hai aaj,Business Services,Graphic Designer
mere ghar me washing machine kharab hai koi hai kya,Home Services,Appliance Repair
battery service chahiye help chahiye,Vehicle Services,Battery Service
mujhe house cleaning chahiye urgently,Daily Needs,House Cleaning
aaj termite treatment chahiye chahiye,Daily Needs,Pest Control
aaj coaching join karni hai urgently,Education,Coaching Institute
aaj room interior karwana hai jaldi,Local Professionals,Interior Designer
bhai pani ki irrigation system chahiye please,Agriculture,Irrigation Service
mere ghar me furniture repair karwana hai mere area me,Home Services,Carpenter
aaj car battery dead hai jaldi,Vehicle Services,Battery Service
nearby function organise karwana hai aaj,Local Professionals,Event Planner
aaj ghar par teacher chahiye mere area me,Education,Home Tutor
irrigation service chahiye help chahiye,Agriculture,Irrigation Service
nearby bike start nahi ho rahi chahiye,Vehicle Services,Bike Repair
coaching institute chahiye nearby,Education,Coaching Institute
please logo design karwana hai koi hai kya,Business Services,Graphic Designer
home tutor chahiye aaj,Education,Home Tutor
please birthday party planner chahiye mere area me,Local Professionals,Event Planner
aaj car repair karwani hai jaldi,Vehicle Services,Car Repair
urgent laundry service chahiye nearby,Daily Needs,Laundry
aaj tractor kharab ho gaya nearby,Agriculture,Tractor Repair
nearby termite treatment chahiye chahiye,Daily Needs,Pest Control
jaldi darwaza repair karwana hai koi hai kya,Home Services,Carpenter
aaj car raste me band ho gayi chahiye,Vehicle Services,Car Repair
mujhe pest control chahiye help chahiye,Daily Needs,Pest Control
mere ghar me car mechanic chahiye help chahiye,Vehicle Services,Car Repair
nearby ghar par teacher chahiye please,Education,Home Tutor
urgent fitness trainer chahiye mere area me,Health & Wellness,Fitness Trainer
CA chahiye nearby,Business Services,CA
jaldi exam coaching chahiye,Education,Coaching Institute
please car raste me band ho gayi aaj,Vehicle Services,Car Repair
bhai farm equipment mechanic chahiye jaldi,Agriculture,Farm Equipment Repair
urgent ghar ki light kharab hai koi hai kya,Home Services,Electrician
nearby darwaza repair karwana hai koi hai kya,Home Services,Carpenter
please coaching join karni hai urgently,Education,Coaching Institute
nearby physiotherapy karwani hai nearby,Health & Wellness,Physiotherapist
nearby irrigation service chahiye koi hai kya,Agriculture,Irrigation Service
mere ghar me doctor chahiye mere area me,Health & Wellness,Doctor
nearby car battery dead hai mere area me,Vehicle Services,Battery Service
coaching institute chahiye urgently,Education,Coaching Institute
mujhe pipe leak ho raha hai jaldi,Home Services,Plumber
bhai vehicle cleaning chahiye aaj,Vehicle Services,Vehicle Washing
bhai web developer chahiye,Business Services,Web Developer
mere area me online tutor chahiye,Education,Online Tutor
bhai exam coaching chahiye please,Education,Coaching Institute
doctor chahiye mere area me,Health & Wellness,Doctor
urgent event planner chahiye mere area me,Local Professionals,Event Planner
mere ghar me gym trainer chahiye please,Health & Wellness,Fitness Trainer
please back pain ke liye physiotherapist chahiye urgently,Health & Wellness,Physiotherapist
nearby fitness trainer chahiye jaldi,Health & Wellness,Fitness Trainer
nearby bike repair karwani hai mere area me,Vehicle Services,Bike Repair
nearby home cleaning service chahiye nearby,Daily Needs,House Cleaning
mujhe physiotherapy karwani hai chahiye,Health & Wellness,Physiotherapist
mujhe gym trainer chahiye help chahiye,Health & Wellness,Fitness Trainer
nearby tractor mechanic chahiye mere area me,Agriculture,Tractor Repair
jaldi tractor mechanic chahiye koi hai kya,Agriculture,Tractor Repair
ghar me cockroach bahut hain nearby,Daily Needs,Pest Control
aaj birthday party planner chahiye aaj,Local Professionals,Event Planner
jaldi car battery dead hai chahiye,Vehicle Services,Battery Service
car tow karwani hai help chahiye,Vehicle Services,Towing Service
please photographer chahiye please,Local Professionals,Photographer
bhai fridge repair karwana hai please,Home Services,Appliance Repair
mere area me tractor mechanic chahiye mere area me,Agriculture,Tractor Repair
mere area me fridge thanda nahi kar raha koi hai kya,Home Services,Appliance Repair
nearby ghar paint karwana hai urgently,Home Services,Painter
bhai AC repair karwana hai please,Home Services,AC Repair & Service
jaldi bachche ke liye tutor chahiye mere area me,Education,Home Tutor
jaldi ghar me cockroach bahut hain help chahiye,Daily Needs,Pest Control
bhai doctor appointment chahiye urgently,Health & Wellness,Doctor
tractor mechanic chahiye urgently,Agriculture,Tractor Repair
please ghar ki safai karwani hai chahiye,Daily Needs,House Cleaning
jaldi coaching join karni hai aaj,Education,Coaching Institute
mere area me function organise karwana hai urgently,Local Professionals,Event Planner
nearby business website chahiye nearby,Business Services,Web Developer
bhai online tutor chahiye jaldi,Education,Online Tutor
bhai function organise karwana hai help chahiye,Local Professionals,Event Planner
mujhe AC thanda nahi kar raha mere area me,Home Services,AC Repair & Service
please pani ki pipe repair karwani hai jaldi,Home Services,Plumber
mere area me room paint karwana hai chahiye,Home Services,Painter
mujhe gaadi ko tow karke le jana hai help chahiye,Vehicle Services,Towing Service
car repair karwani hai urgently,Vehicle Services,Car Repair
please vehicle cleaning chahiye,Vehicle Services,Vehicle Washing
urgent house cleaning chahiye koi hai kya,Daily Needs,House Cleaning
event planner chahiye koi hai kya,Local Professionals,Event Planner
urgent website banwani hai mere area me,Business Services,Web Developer
mere area me coaching join karni hai,Education,Coaching Institute
jaldi bike engine me problem hai urgently,Vehicle Services,Bike Repair
mujhe farm machine repair karwani hai help chahiye,Agriculture,Farm Equipment Repair
please event planner chahiye mere area me,Local Professionals,Event Planner
nearby ghar me CCTV lagana hai aaj,Home Services,CCTV Installation
jaldi tractor mechanic chahiye nearby,Agriculture,Tractor Repair
jaldi tractor mechanic chahiye,Agriculture,Tractor Repair
nearby car tyre puncture ho gaya urgently,Vehicle Services,Tyre Puncture
mere area me pest control chahiye jaldi,Daily Needs,Pest Control
please bike tyre puncture hai koi hai kya,Vehicle Services,Tyre Puncture
nearby poster design karwana hai please,Business Services,Graphic Designer
mere ghar me doctor appointment chahiye,Health & Wellness,Doctor
please ghar par teacher chahiye jaldi,Education,Home Tutor
please bike start nahi ho rahi aaj,Vehicle Services,Bike Repair
mere ghar me event planner chahiye mere area me,Local Professionals,Event Planner
mere area me website banwani hai,Business Services,Web Developer
ghar me cockroach bahut hain urgently,Daily Needs,Pest Control
urgent poster design karwana hai koi hai kya,Business Services,Graphic Designer
urgent bike battery kharab hai urgently,Vehicle Services,Battery Service
urgent doctor se consult karna hai koi hai kya,Health & Wellness,Doctor
graphic designer chahiye aaj,Business Services,Graphic Designer
mere area me agriculture machine kharab hai chahiye,Agriculture,Farm Equipment Repair
mere ghar me car start nahi ho rahi nearby,Vehicle Services,Car Repair
kapde laundry ke liye dene hain please,Daily Needs,Laundry
jaldi tax filing ke liye CA chahiye chahiye,Business Services,CA
bhai physiotherapy karwani hai urgently,Health & Wellness,Physiotherapist
mere ghar me online classes chahiye urgently,Education,Online Tutor
bhai car tyre puncture ho gaya aaj,Vehicle Services,Tyre Puncture
bhai pani ki pipe repair karwani hai urgently,Home Services,Plumber
urgent kapde laundry ke liye dene hain urgently,Daily Needs,Laundry
mujhe bike start nahi ho rahi nearby,Vehicle Services,Bike Repair
jaldi coaching join karni hai mere area me,Education,Coaching Institute
jaldi fridge repair karwana hai please,Home Services,Appliance Repair
mere ghar me ghar par teacher chahiye aaj,Education,Home Tutor
mujhe function organise karwana hai urgently,Local Professionals,Event Planner
bhai doctor chahiye urgently,Health & Wellness,Doctor
bhai wall paint karwani hai aaj,Home Services,Painter
mere ghar me wedding photographer chahiye chahiye,Local Professionals,Photographer
nearby graphic designer chahiye help chahiye,Business Services,Graphic Designer
urgent pest control chahiye help chahiye,Daily Needs,Pest Control
nearby photographer chahiye koi hai kya,Local Professionals,Photographer
jaldi laundry service chahiye jaldi,Daily Needs,Laundry
